county_fips,state,cohort,rurality,base_rate,poverty_pct_2013,cate,cate_lo,cate_hi,observed_change
04001,AZ,2014,"Rural, near a metro",34.8,38.7,-5.993960689868702,-8.747403308534734,-3.240518071202673,-7.266666666666666
04003,AZ,2014,Metro,36.0,18.8,-7.605466249943099,-8.967820816523714,-6.243111683362473,-13.166666666666668
04005,AZ,2014,Metro,36.2,23.2,-6.58704835340978,-8.079464779835703,-5.094631926983858,-11.266666666666666
04007,AZ,2014,"Rural, near a metro",33.8,22.6,-7.360356282554083,-8.89755650405616,-5.823156061052011,-9.833333333333329
04009,AZ,2014,Remote rural,32.5,21.6,-6.661578649926961,-7.915232924680563,-5.407924375173353,-11.166666666666668
04011,AZ,2014,Remote rural,26.7,11.6,-4.965657578626377,-6.693314481075812,-3.2380006761769504,-7.43333333333333
04012,AZ,2014,"Rural, near a metro",45.3,23.2,-9.955052185994559,-12.550320179760362,-7.359784192228752,-11.266666666666666
04013,AZ,2014,Metro,44.0,17.6,-7.331717129186362,-9.00459038688952,-5.658843871483219,-14.833333333333332
04015,AZ,2014,Metro,38.0,21.3,-7.0033703777750755,-8.854507714212222,-5.152233041337951,-14.033333333333331
04017,AZ,2014,"Rural, near a metro",33.7,31.8,-6.455141571544527,-8.589689872220731,-4.320593270868319,-11.033333333333335
04019,AZ,2014,Metro,36.7,19.3,-6.381783134217994,-8.039470837503977,-4.724095430932006,-12.500000000000004
04021,AZ,2014,Metro,39.7,16.7,-7.134324640274032,-8.067503663716922,-6.201145616831152,-14.700000000000003
04023,AZ,2014,"Rural, near a metro",43.5,22.7,-10.342457635943756,-12.06919010656988,-8.61572516531764,-14.966666666666669
04025,AZ,2014,Metro,41.5,16.4,-7.962173953453649,-10.623933382443255,-5.300414524464038,-16.400000000000002
04027,AZ,2014,Metro,42.9,19.2,-9.239218674670335,-11.265454676588304,-7.212982672752363,-12.599999999999998
05001,AR,2014,"Rural, near a metro",40.2,19.8,-11.162596137240946,-12.323634656333915,-10.001557618147986,-18.200000000000003
05003,AR,2014,Remote rural,39.7,21.9,-10.598520432708288,-11.485531658524357,-9.711509206892211,-18.533333333333335
05005,AR,2014,Remote rural,40.6,15.6,-10.843381656495081,-12.031474910961744,-9.655288402028425,-18.73333333333333
05007,AR,2014,Metro,51.1,11.7,-7.86349627904027,-9.065614257096097,-6.661378300984449,-17.1
05009,AR,2014,Remote rural,40.6,17.2,-11.397435342570885,-11.97698681691069,-10.817883868231077,-19.000000000000004
05011,AR,2014,Remote rural,49.1,27.0,-8.893528042462954,-11.806290965518812,-5.98076511940708,-19.6
05013,AR,2014,Remote rural,42.4,18.9,-11.10044465366103,-12.580803301554361,-9.620086005767703,-19.999999999999996
05015,AR,2014,"Rural, near a metro",49.5,22.2,-10.357358793260047,-11.15055573923061,-9.564161847289478,-16.500000000000007
05017,AR,2014,Remote rural,39.6,32.4,-9.975001845498337,-11.159250648417247,-8.790753042579427,-18.166666666666664
05019,AR,2014,Remote rural,36.9,22.7,-8.455200431118834,-9.549852197476524,-7.360548664761142,-16.23333333333333
05021,AR,2014,Remote rural,42.2,20.0,-11.584533755482846,-12.831332866644015,-10.337734644321682,-19.600000000000005
05023,AR,2014,"Rural, near a metro",46.3,16.3,-11.275296311456112,-12.03736413384735,-10.513228489064877,-22.499999999999996
05025,AR,2014,Metro,43.3,17.0,-11.565823143718012,-13.077290253545794,-10.054356033890235,-20.966666666666665
05027,AR,2014,Remote rural,41.0,23.2,-11.767463239808219,-12.79778972783468,-10.737136751781758,-17.53333333333333
05029,AR,2014,"Rural, near a metro",41.8,21.1,-11.466959395786889,-12.746927822557902,-10.186990969015882,-17.366666666666664
05031,AR,2014,Metro,41.9,20.0,-10.730209555120682,-11.331538164373379,-10.128880945868,-17.999999999999996
05033,AR,2014,Metro,46.1,19.2,-10.559583945224267,-11.456878354778157,-9.662289535670388,-19.500000000000004
05035,AR,2014,Metro,34.4,23.6,-6.586258843784117,-7.298596806172197,-5.8739208813960335,-16.666666666666664
05037,AR,2014,"Rural, near a metro",37.0,20.6,-9.211898109533598,-10.376009552875736,-8.047786666191461,-16.599999999999998
05039,AR,2014,"Rural, near a metro",39.3,21.4,-10.775044489762477,-11.760563693283887,-9.789525286241071,-17.999999999999996
05041,AR,2014,"Rural, near a metro",37.9,34.0,-9.146500047170752,-10.059419118554567,-8.233580975786937,-17.3
05043,AR,2014,"Rural, near a metro",36.6,24.8,-8.43776638551117,-9.92843256005068,-6.947100210971659,-15.8
05045,AR,2014,Metro,39.6,14.9,-9.044815890566191,-10.317000388969856,-7.772631392162532,-16.06666666666667
05047,AR,2014,"Rural, near a metro",42.3,20.7,-11.85994673212614,-12.802092412171458,-10.917801052080826,-18.13333333333333
05049,AR,2014,Remote rural,44.4,22.9,-11.089968322969971,-12.409852335571886,-9.770084310368071,-22.066666666666666
05051,AR,2014,Metro,45.2,22.1,-9.73692998793476,-10.456051371315276,-9.017808604554261,-18.83333333333334
05053,AR,2014,Metro,44.7,14.2,-11.691330389697988,-13.189782334652454,-10.192878444743517,-21.86666666666667
05055,AR,2014,"Rural, near a metro",39.8,17.7,-11.191176939473424,-12.445768801480213,-9.936585077466628,-19.73333333333333
05057,AR,2014,"Rural, near a metro",47.5,22.9,-9.865134869078958,-11.775484908839102,-7.954784829318813,-19.96666666666667
05059,AR,2014,"Rural, near a metro",40.7,18.5,-11.900266048562978,-13.383183481488658,-10.417348615637305,-18.8
05061,AR,2014,"Rural, near a metro",49.9,21.5,-8.870134303901622,-11.335713709335929,-6.404554898467319,-19.366666666666667
05063,AR,2014,Remote rural,49.2,18.4,-11.305257383769014,-13.191450174984192,-9.419064592553852,-24.500000000000004
05065,AR,2014,Remote rural,42.7,20.8,-11.205642363873784,-12.434862974830418,-9.97642175291715,-16.400000000000002
05067,AR,2014,"Rural, near a metro",38.6,27.5,-10.26196012019984,-11.491430525956371,-9.032489714443315,-17.6
05069,AR,2014,Metro,33.8,25.8,-7.212129392767568,-8.114568040536495,-6.309690744998641,-15.099999999999998
05071,AR,2014,Remote rural,47.0,23.4,-10.179723886641597,-10.961033153938077,-9.398414619345123,-16.86666666666667
05073,AR,2014,"Rural, near a metro",43.7,26.0,-10.622046291051255,-12.079854795714304,-9.164237786388208,-20.36666666666667
05075,AR,2014,"Rural, near a metro",38.1,20.4,-10.784335563897574,-12.157293369314493,-9.411377758480658,-19.233333333333338
05077,AR,2014,Remote rural,35.4,41.1,-8.607353634978772,-10.035500062026138,-7.179207207931409,-16.933333333333334
05079,AR,2014,Metro,41.6,27.6,-10.856874335758517,-12.226416809597836,-9.487331861919177,-17.366666666666667
05081,AR,2014,Metro,42.4,19.3,-11.151869658107808,-13.054263791658823,-9.24947552455679,-19.566666666666666
05083,AR,2014,"Rural, near a metro",39.7,18.7,-11.173859331818669,-12.535278504940084,-9.81244015869725,-17.033333333333335
05085,AR,2014,Metro,42.5,12.6,-10.357929329569586,-11.42130829485182,-9.29455036428736,-20.066666666666666
05087,AR,2014,Metro,48.7,20.2,-10.601915431405013,-11.460913791739689,-9.742917071070345,-19.400000000000002
05089,AR,2014,Remote rural,41.4,19.0,-11.227389143463236,-12.110481458062829,-10.344296828863648,-19.833333333333336
05091,AR,2014,Metro,38.6,21.4,-10.51385793099378,-11.832091087632154,-9.195624774355402,-17.06666666666667
05093,AR,2014,"Rural, near a metro",36.9,25.6,-8.936813292818384,-10.417615778067068,-7.456010807569699,-16.999999999999996
05095,AR,2014,Remote rural,35.6,28.7,-8.646164563075711,-9.486093484654962,-7.806235641496458,-14.466666666666669
05097,AR,2014,"Rural, near a metro",46.4,22.4,-10.964766454856344,-11.832714212026492,-10.096818697686192,-20.333333333333336
05099,AR,2014,Remote rural,39.6,21.1,-10.829195800569472,-12.031826557276249,-9.626565043862696,-18.533333333333335
05101,AR,2014,Remote rural,44.1,23.5,-11.151231566204661,-12.497342346152132,-9.805120786257186,-20.833333333333336
05103,AR,2014,Remote rural,35.1,27.5,-7.860618784945486,-8.613055771447147,-7.1081817984438285,-17.200000000000003
05105,AR,2014,Metro,43.3,17.5,-11.914804357585012,-12.689031362384865,-11.14057735278516,-19.900000000000002
05107,AR,2014,"Rural, near a metro",33.3,36.6,-7.283345265395054,-8.155076286842235,-6.411614243947881,-16.2
05109,AR,2014,Remote rural,51.3,21.9,-9.88340184229245,-11.754458995529733,-8.012344689055174,-20.566666666666663
05111,AR,2014,Metro,36.0,24.7,-8.816245602385374,-10.952042227659785,-6.6804489771109665,-14.3
05113,AR,2014,Remote rural,49.0,24.4,-10.820589987762991,-11.585031472212643,-10.056148503313343,-21.566666666666663
05115,AR,2014,Remote rural,44.7,20.0,-11.025261568497937,-12.820955173920114,-9.229567963075775,-17.16666666666667
05117,AR,2014,"Rural, near a metro",42.3,19.6,-10.842170079428834,-12.071988283491011,-9.61235187536667,-17.799999999999997
05119,AR,2014,Metro,42.7,17.3,-8.446734009441242,-10.638711411286035,-6.254756607596441,-18.599999999999998
05121,AR,2014,Remote rural,42.7,22.6,-11.929989597525319,-13.330362353815739,-10.5296168412349,-21.066666666666666
05123,AR,2014,"Rural, near a metro",34.3,37.3,-7.013196536608475,-8.483365540419918,-5.543027532797032,-16.433333333333334
05125,AR,2014,Metro,45.3,10.3,-9.945090087286339,-10.945871651486122,-8.944308523086562,-21.466666666666665
05127,AR,2014,"Rural, near a metro",47.4,21.2,-11.03110155339882,-11.999134026979265,-10.063069079818389,-19.133333333333333
05129,AR,2014,Remote rural,43.9,25.9,-10.771482813445306,-11.63097481212551,-9.9119908147651,-20.133333333333333
05131,AR,2014,Metro,46.1,22.1,-8.096804128616274,-8.835301375551909,-7.358306881680641,-17.2
05133,AR,2014,"Rural, near a metro",60.2,22.2,-8.814915186338162,-11.257359586192091,-6.37247078648423,-17.833333333333336
05135,AR,2014,Remote rural,44.6,22.8,-11.344498039839564,-12.517999660147183,-10.170996419531953,-20.466666666666665
05137,AR,2014,Remote rural,44.3,26.2,-10.85400014186695,-12.110956318640893,-9.597043965092999,-19.63333333333333
05139,AR,2014,Remote rural,40.4,21.0,-11.01764090409913,-12.292808497380403,-9.742473310817868,-15.099999999999998
05141,AR,2014,"Rural, near a metro",44.8,18.9,-11.153962118750972,-12.191300293936491,-10.116623943565461,-18.433333333333326
05143,AR,2014,Metro,43.4,20.9,-7.089161376593903,-8.974817925148033,-5.203504828039778,-12.966666666666665
05145,AR,2014,"Rural, near a metro",40.6,17.2,-10.552762137014124,-11.639793495893207,-9.465730778135043,-16.7
05147,AR,2014,Remote rural,36.6,28.0,-8.831793973393124,-10.249540650972065,-7.414047295814183,-14.866666666666667
05149,AR,2014,"Rural, near a metro",52.1,19.7,-8.772572816186008,-10.308840919339717,-7.236304713032306,-18.400000000000006
06001,CA,2014,Metro,34.5,13.0,-4.634454515212993,-6.091608761343859,-3.1773002690821275,-16.833333333333332
06003,CA,2014,"Rural, near a metro",36.2,19.7,-8.105589449937748,-8.761338316049194,-7.449840583826301,-17.433333333333337
06005,CA,2014,"Rural, near a metro",34.8,14.3,-7.065921071293882,-7.794161430952103,-6.337680711635662,-18.999999999999993
06007,CA,2014,Metro,29.4,21.4,-5.279359650362834,-7.004281417349893,-3.5544378833757735,-13.799999999999999
06009,CA,2014,"Rural, near a metro",34.4,15.0,-7.026288957911208,-7.747577614285511,-6.305000301536905,-18.700000000000003
06011,CA,2014,"Rural, near a metro",46.9,13.0,-9.799095552034299,-11.351291586444246,-8.246899517624337,-19.8
06013,CA,2014,Metro,40.9,10.8,-7.241939211460552,-9.217624733239692,-5.266253689681426,-18.766666666666662
06015,CA,2014,Remote rural,27.8,23.7,-5.772922019133566,-7.373250320900974,-4.172593717366151,-12.933333333333334
06017,CA,2014,Metro,37.8,11.4,-7.386683732051681,-9.137996113603608,-5.635371350499747,-19.13333333333333
06019,CA,2014,Metro,37.5,28.6,-9.228873452070253,-11.762925578709568,-6.694821325430938,-14.633333333333336
06021,CA,2014,"Rural, near a metro",40.2,19.1,-10.278913783427722,-12.29737212782088,-8.260455439034565,-16.000000000000004
06023,CA,2014,Remote rural,33.8,21.5,-6.53045110010173,-8.731167563679579,-4.329734636523883,-17.299999999999994
06025,CA,2014,Metro,36.6,22.7,-9.853188746607966,-11.357773838572928,-8.348603654643012,-15.633333333333333
06027,CA,2014,Remote rural,35.0,15.7,-8.691940080108653,-9.910793105727427,-7.473087054489879,-15.066666666666666
06029,CA,2014,Metro,39.7,22.7,-9.609291124134046,-10.774952760303517,-8.443629487964564,-18.8
06031,CA,2014,Metro,35.3,21.8,-8.7700161177161,-10.710878231584577,-6.829154003847613,-15.566666666666663
06033,CA,2014,"Rural, near a metro",33.1,23.3,-6.807246587731525,-7.688108731859373,-5.926384443603681,-14.433333333333334
06035,CA,2014,Remote rural,26.0,19.1,-5.033928764136689,-6.539764360322066,-3.5280931679513112,-13.4
06037,CA,2014,Metro,45.6,19.0,-9.399120772037435,-12.961643407801438,-5.836598136273426,-18.76666666666667
06039,CA,2014,Metro,41.1,23.4,-10.101295969245601,-11.734189076342505,-8.468402862148706,-15.86666666666667
06041,CA,2014,Metro,39.4,8.7,-6.871869560894025,-8.642792187767379,-5.100946934020672,-16.266666666666662
06043,CA,2014,"Rural, near a metro",28.0,16.4,-5.674569927149817,-6.460598107543705,-4.888541746755932,-11.533333333333331
06045,CA,2014,"Rural, near a metro",35.6,20.9,-8.757471698479979,-10.100944558402222,-7.413998838557728,-14.86666666666667
06047,CA,2014,Metro,37.3,24.8,-9.361752527795874,-11.87286487058601,-6.8506401850057514,-17.366666666666664
06049,CA,2014,"Rural, near a metro",37.8,20.0,-9.273836702306578,-11.373121270685745,-7.174552133927422,-17.966666666666665
06051,CA,2014,Remote rural,44.3,11.8,-9.534352701160874,-10.693220388073186,-8.375485014248557,-18.799999999999997
06053,CA,2014,Metro,46.9,17.5,-9.638651277544737,-11.81916038807359,-7.458142167015889,-19.466666666666665
06055,CA,2014,Metro,43.4,9.7,-8.478223280524253,-9.844566838807147,-7.111879722241355,-20.166666666666664
06057,CA,2014,"Rural, near a metro",38.7,12.8,-9.28941843747509,-10.948843851313427,-7.629993023636764,-20.000000000000004
06059,CA,2014,Metro,47.1,13.5,-7.914561985309047,-8.984381871980148,-6.844742098637935,-20.499999999999996
06061,CA,2014,Metro,39.1,8.3,-7.209963980775249,-9.231319126628318,-5.1886088349221815,-20.166666666666668
06063,CA,2014,Remote rural,34.4,15.7,-8.123307347103488,-9.006320621200253,-7.24029407300673,-17.966666666666665
06065,CA,2014,Metro,44.7,17.4,-8.60324910764789,-10.782005428931182,-6.424492786364597,-18.533333333333335
06067,CA,2014,Metro,35.2,18.9,-4.412490277758129,-5.949194277225521,-2.8757862782907377,-18.26666666666667
06069,CA,2014,Metro,43.8,12.7,-10.171695236841735,-11.71111297005442,-8.63227750362903,-19.13333333333333
06071,CA,2014,Metro,42.3,19.2,-8.595825793366402,-11.92123745357828,-5.270414133154524,-19.63333333333333
06073,CA,2014,Metro,39.4,15.3,-6.484646265053219,-8.157128411571769,-4.812164118534668,-16.066666666666666
06075,CA,2014,Metro,26.0,13.8,-4.662914725335914,-5.254462650545283,-4.071366800126543,-10.533333333333331
06077,CA,2014,Metro,38.4,19.8,-7.356323725597404,-9.747077526243572,-4.965569924951231,-18.599999999999998
06079,CA,2014,Metro,32.2,15.0,-5.7257287538206185,-6.642545537897414,-4.808911969743827,-12.833333333333336
06081,CA,2014,Metro,36.9,8.0,-6.0920887215214155,-7.515993659007632,-4.668183784035199,-15.366666666666667
06083,CA,2014,Metro,40.9,16.2,-8.69531045000016,-9.905067543050999,-7.485553356949323,-14.999999999999996
06085,CA,2014,Metro,37.6,10.5,-6.194139588063148,-7.852803770813122,-4.535475405313173,-17.466666666666665
06087,CA,2014,Metro,39.9,14.9,-7.837193996881545,-9.553421310144968,-6.12096668361813,-20.066666666666666
06089,CA,2014,Metro,31.8,19.7,-5.666119054054134,-6.581402329734225,-4.750835778374041,-15.133333333333333
06091,CA,2014,"Rural, near a metro",38.8,14.5,-9.546914126717205,-10.953182702974845,-8.140645550459567,-19.4
06093,CA,2014,"Rural, near a metro",31.8,20.4,-6.440630831127061,-7.6011695919513205,-5.280092070302793,-15.466666666666669
06095,CA,2014,Metro,37.3,12.9,-5.833454748193129,-7.363754639845939,-4.30315485654032,-18.566666666666663
06097,CA,2014,Metro,38.1,12.4,-6.5618397609508,-8.642985167107128,-4.480694354794476,-16.500000000000004
06099,CA,2014,Metro,40.0,21.8,-9.458177841717179,-11.206161072748895,-7.710194610685452,-21.933333333333334
06101,CA,2014,Metro,39.4,17.2,-8.342800522131675,-9.44179399989995,-7.243807044363394,-16.866666666666667
06103,CA,2014,"Rural, near a metro",32.7,17.9,-7.819459817408764,-9.266489320092877,-6.372430314724655,-15.56666666666667
06105,CA,2014,"Rural, near a metro",33.0,22.1,-7.306422419546931,-8.585031806489987,-6.027813032603876,-17.866666666666667
06107,CA,2014,Metro,38.2,29.6,-9.901617413186099,-12.275725365408693,-7.5275094609635085,-14.433333333333334
06109,CA,2014,"Rural, near a metro",31.3,14.6,-5.703965214480375,-6.63402840623413,-4.773902022726622,-15.833333333333334
06111,CA,2014,Metro,46.3,12.0,-8.690628885695109,-10.306050990068604,-7.07520678132161,-17.16666666666666
06113,CA,2014,Metro,33.3,17.8,-5.940896469832751,-7.204808588045712,-4.676984351619785,-16.66666666666666
06115,CA,2014,Metro,32.7,20.6,-6.5198561738912515,-7.869273349519052,-5.170438998263461,-14.733333333333338
08001,CO,2014,Metro,45.4,13.2,-7.824613951484702,-10.059276901233567,-5.589951001735839,-15.23333333333333
08003,CO,2014,Remote rural,31.5,25.6,-8.567587015594576,-10.173169048363647,-6.962004982825501,-9.166666666666668
08005,CO,2014,Metro,40.9,12.3,-7.372817910573908,-8.877558326830497,-5.86807749431732,-15.73333333333333
08007,CO,2014,Remote rural,42.1,15.1,-9.78500651279967,-11.356604234356169,-8.213408791243179,-17.900000000000002
08009,CO,2014,Remote rural,40.6,19.1,-10.074357353732891,-12.12354699561064,-8.025167711855131,-20.1
08011,CO,2014,Remote rural,29.4,33.0,-5.897570859555992,-7.004365618879003,-4.790776100232977,-10.133333333333333
08013,CO,2014,Metro,32.3,13.5,-5.445052672335796,-6.753749011558349,-4.136356333113245,-13.033333333333331
08014,CO,2014,Metro,39.2,6.4,-8.268309490970097,-9.346248840950004,-7.190370140990187,-18.566666666666666
08015,CO,2014,Remote rural,36.7,13.0,-8.157049803501046,-8.862974128783533,-7.451125478218566,-18.333333333333332
08017,CO,2014,Remote rural,50.0,13.1,-9.618354502617606,-10.704760982337879,-8.531948022897327,-21.400000000000002
08019,CO,2014,Metro,35.0,9.1,-5.984854191402862,-6.572416583562408,-5.397291799243319,-17.466666666666665
08021,CO,2014,Remote rural,33.9,22.9,-9.718734802746132,-11.82424732737704,-7.61322227811522,-15.433333333333334
08023,CO,2014,Remote rural,46.2,26.0,-10.738868662136937,-12.22280443872014,-9.254932885553739,-21.36666666666667
08025,CO,2014,"Rural, near a metro",30.7,43.2,-6.046372018215262,-6.95132363694271,-5.141420399487815,-15.566666666666665
08027,CO,2014,"Rural, near a metro",41.1,14.4,-10.388757430838131,-11.520340224030475,-9.257174637645793,-19.666666666666668
08029,CO,2014,"Rural, near a metro",39.9,15.1,-10.448050687074154,-11.653140086636874,-9.242961287511452,-18.566666666666666
08031,CO,2014,Metro,35.3,18.7,-5.099967801434952,-6.274870549715146,-3.925065053154763,-11.2
08033,CO,2014,Remote rural,40.2,14.0,-10.044555125623468,-11.372264863325572,-8.716845387921364,-20.500000000000004
08035,CO,2014,Metro,39.5,3.6,-7.327063493421849,-8.405064244439778,-6.249062742403922,-20.466666666666665
08037,CO,2014,Remote rural,51.3,9.5,-7.383674166752819,-9.42808187915135,-5.339266454354293,-17.4
08039,CO,2014,Metro,44.7,6.7,-10.770976435613933,-12.146228388165394,-9.395724483062489,-20.400000000000002
08041,CO,2014,Metro,30.8,11.4,-4.8302477864701805,-5.304819476049764,-4.355676096890597,-12.633333333333333
08043,CO,2014,"Rural, near a metro",31.0,19.7,-5.717503524036925,-6.80473655804502,-4.630270490028833,-14.0
08045,CO,2014,Remote rural,50.1,12.4,-8.177630440350455,-9.80635484905909,-6.5489060316418275,-14.833333333333329
08047,CO,2014,Metro,31.4,8.1,-2.4841616251306826,-3.183971189916001,-1.78435206034537,-16.93333333333333
08049,CO,2014,Remote rural,41.3,11.0,-10.574599147063385,-12.031231804676423,-9.117966489450325,-18.966666666666665
08051,CO,2014,Remote rural,40.2,13.7,-8.916137308215767,-10.14908112295747,-7.683193493474066,-20.06666666666667
08053,CO,2014,Remote rural,34.4,10.6,-7.371284974677912,-8.322175393388367,-6.420394555967456,-14.466666666666665
08055,CO,2014,"Rural, near a metro",34.3,22.8,-8.55284890039998,-9.935339991671075,-7.17035780912888,-17.63333333333333
08057,CO,2014,Remote rural,35.3,15.7,-9.122791439555284,-11.054050214963393,-7.191532664147179,-10.199999999999992
08059,CO,2014,Metro,35.5,9.1,-5.823399543065564,-6.659375127507387,-4.987423958623745,-15.066666666666666
08061,CO,2014,Remote rural,37.4,12.9,-8.984370448712268,-9.865541564408886,-8.103199333015656,-18.73333333333333
08063,CO,2014,Remote rural,44.6,15.1,-7.494016403501643,-8.881360868609649,-6.106671938393626,-18.333333333333336
08065,CO,2014,"Rural, near a metro",47.9,14.7,-9.18558859796547,-11.434166421995906,-6.937010773935042,-21.8
08067,CO,2014,"Rural, near a metro",35.5,12.4,-7.8998224997521875,-9.130621289207717,-6.669023710296665,-14.766666666666666
08069,CO,2014,Metro,29.6,13.8,-4.918493467489759,-5.606149452698199,-4.230837482281316,-13.100000000000001
08071,CO,2014,Remote rural,30.8,18.0,-8.471759891668578,-10.02941609559661,-6.914103687740546,-12.56666666666667
08073,CO,2014,"Rural, near a metro",31.4,19.1,-6.134684156345591,-7.316862582090102,-4.952505730601083,-14.933333333333334
08075,CO,2014,Remote rural,37.3,16.9,-8.466619060863312,-9.668341232659259,-7.264896889067381,-15.799999999999997
08077,CO,2014,Metro,36.1,15.4,-7.36284377297806,-8.317758308372435,-6.407929237583685,-15.100000000000001
08079,CO,2014,Remote rural,37.9,9.9,-7.8583592303318754,-8.425568631522133,-7.2911498291416095,-17.866666666666664
08081,CO,2014,Remote rural,38.9,11.5,-9.190849193834724,-10.681477856037786,-7.700220531631659,-16.8
08083,CO,2014,"Rural, near a metro",38.0,19.1,-9.627159793125065,-11.524470838073025,-7.729848748177101,-15.033333333333331
08085,CO,2014,"Rural, near a metro",41.4,15.1,-9.822047260804052,-11.372572094057665,-8.271522427550439,-16.766666666666662
08087,CO,2014,"Rural, near a metro",39.3,13.5,-8.499307039870127,-9.888376802006393,-7.110237277733889,-13.599999999999998
08089,CO,2014,"Rural, near a metro",29.9,22.5,-8.289735532430242,-10.236509335603376,-6.342961729257106,-9.666666666666664
08091,CO,2014,Remote rural,40.4,9.8,-9.950174423987985,-10.976165137286603,-8.924183710689366,-21.033333333333335
08093,CO,2014,Metro,40.9,10.3,-10.180106980596815,-11.293269295571903,-9.066944665621719,-19.266666666666662
08095,CO,2014,Remote rural,45.0,12.4,-9.801980411520283,-11.318718117691073,-8.285242705349487,-16.233333333333334
08097,CO,2014,Remote rural,46.1,7.3,-9.778190646045202,-10.671005026096008,-8.885376265994402,-16.966666666666665
08099,CO,2014,Remote rural,37.1,21.7,-9.727277044019754,-11.757783898000543,-7.69677019003897,-12.733333333333338
08101,CO,2014,Metro,28.5,20.1,-7.035456145865884,-8.50857082171628,-5.5623414700154745,-11.533333333333335
08103,CO,2014,Remote rural,37.8,10.7,-7.575640368290355,-8.294746371696055,-6.856534364884662,-15.033333333333331
08105,CO,2014,Remote rural,34.6,17.9,-9.312868643860458,-10.386969444279202,-8.238767843441728,-13.700000000000003
08107,CO,2014,Remote rural,39.9,8.9,-8.875858156575738,-9.853905357570968,-7.897810955580505,-18.066666666666666
08109,CO,2014,Remote rural,44.0,29.4,-10.637640089525059,-11.765963509194215,-9.509316669855906,-16.13333333333333
08111,CO,2014,Remote rural,34.6,15.7,-8.631240044126002,-10.045817357366337,-7.216662730885672,-18.2
08113,CO,2014,Remote rural,43.5,11.9,-8.517017915378304,-10.626311117605765,-6.407724713150851,-21.666666666666668
08115,CO,2014,Remote rural,37.4,14.5,-9.434390479404014,-10.5432583628002,-8.325522596007835,-16.833333333333332
08117,CO,2014,Remote rural,47.9,9.3,-8.352368866737935,-10.219594077079298,-6.485143656396557,-21.499999999999996
08119,CO,2014,Metro,36.1,8.4,-6.557816909395903,-7.3007025477165675,-5.814931271075242,-17.8
08121,CO,2014,Remote rural,34.2,14.0,-7.6687683957505035,-8.70007485500016,-6.637461936500847,-14.700000000000003
08123,CO,2014,Metro,36.7,13.2,-6.764907401514286,-7.772702865862855,-5.75711193716572,-15.200000000000003
08125,CO,2014,Remote rural,44.7,13.0,-9.851640533905321,-11.208151245689962,-8.495129822120688,-18.200000000000003
15001,HI,2014,Remote rural,22.8,19.5,-3.432171064328687,-4.355386801330679,-2.508955327326694,-10.499999999999998
15003,HI,2014,Metro,17.6,9.6,-1.45955560501176,-2.1982879197239225,-0.7208232902995981,-5.799999999999999
15007,HI,2014,Remote rural,21.3,11.8,-1.6243709104172832,-2.0014806978743245,-1.247261122960242,-8.133333333333335
15009,HI,2014,Metro,22.1,10.7,-2.918262933005859,-3.794837917839546,-2.0416879481721733,-8.066666666666668
17001,IL,2014,Remote rural,25.3,15.9,-4.870941846593695,-5.42382938803785,-4.318054305149532,-11.6
17003,IL,2014,Metro,25.2,33.0,-6.591821346717625,-7.5471023654872855,-5.63654032794797,-11.533333333333333
17005,IL,2014,Metro,27.5,16.0,-5.154398052683861,-5.781697137803027,-4.527098967564694,-11.899999999999999
17007,IL,2014,Metro,42.5,10.2,-10.14826711616547,-11.658006945633186,-8.638527286697753,-18.066666666666666
17009,IL,2014,Remote rural,28.2,16.0,-3.746729241964082,-4.813600869533619,-2.6798576143945425,-15.033333333333333
17011,IL,2014,Remote rural,31.8,12.0,-5.384119932357746,-5.790564092219711,-4.977675772495786,-14.166666666666664
17013,IL,2014,Metro,32.6,12.0,-5.033885226720064,-5.703405029111324,-4.3643654243288035,-17.366666666666667
17015,IL,2014,Remote rural,31.2,14.0,-5.0535259457971815,-5.4439232610540795,-4.6631286305402835,-14.633333333333333
17017,IL,2014,"Rural, near a metro",37.6,12.9,-8.331866228332379,-9.16496171668577,-7.498770739978991,-14.26666666666667
17019,IL,2014,Metro,24.5,21.6,-4.555495672588036,-5.713864311492015,-3.397127033684054,-10.433333333333332
17021,IL,2014,"Rural, near a metro",27.1,13.1,-4.590125810032891,-5.201750895968712,-3.97850072409707,-12.799999999999999
17023,IL,2014,"Rural, near a metro",27.9,13.7,-4.3678866039262605,-4.832341717537417,-3.9034314903151044,-13.799999999999999
17025,IL,2014,Remote rural,27.8,14.2,-4.208611770373445,-4.44176103029298,-3.975462510453912,-13.166666666666668
17027,IL,2014,Metro,29.2,9.5,-4.930549723643232,-5.4508802550297855,-4.4102191922566805,-13.999999999999998
17029,IL,2014,Remote rural,25.8,19.8,-5.3456464723308805,-5.7575832919941945,-4.933709652667568,-12.733333333333333
17031,IL,2014,Metro,41.1,17.8,-5.475475886354922,-7.9695892044307675,-2.981362568279079,-14.76666666666667
17033,IL,2014,Remote rural,30.5,14.0,-5.047605024926548,-5.508332611337956,-4.586877438515142,-15.299999999999997
17035,IL,2014,Remote rural,30.6,12.1,-4.233276091677429,-4.7313085970753,-3.73524358627956,-15.333333333333336
17037,IL,2014,Metro,29.9,18.7,-4.6857439721185,-5.890999152957084,-3.480488791279914,-13.333333333333332
17039,IL,2014,Metro,27.9,13.8,-4.189433057954632,-4.619444532968644,-3.7594215829406195,-13.033333333333333
17041,IL,2014,"Rural, near a metro",37.6,10.7,-8.344735743869071,-9.267908984191262,-7.42156250354688,-14.466666666666665
17043,IL,2014,Metro,39.5,7.0,-7.053798406093421,-8.412741124923215,-5.694855687263623,-14.533333333333331
17045,IL,2014,"Rural, near a metro",27.2,18.5,-4.201885091064741,-4.5048928561518755,-3.898877325977607,-12.333333333333334
17047,IL,2014,Remote rural,30.2,12.7,-4.092792371788399,-4.678800639026945,-3.506784104549856,-13.633333333333333
17049,IL,2014,Remote rural,26.3,11.1,-3.9473295087840863,-4.374988864880192,-3.519670152687982,-11.600000000000003
17051,IL,2014,"Rural, near a metro",29.8,16.9,-5.633820147541023,-6.1096411902135,-5.157999104868544,-13.333333333333332
17053,IL,2014,Metro,27.6,11.4,-4.4131168191582,-4.771084698271286,-4.055148940045115,-11.66666666666667
17055,IL,2014,"Rural, near a metro",27.8,20.0,-4.56591665056876,-4.967284106018243,-4.164549195119283,-12.366666666666669
17057,IL,2014,"Rural, near a metro",29.4,14.8,-5.176095123404173,-5.929069538321951,-4.423120708486396,-13.599999999999996
17059,IL,2014,"Rural, near a metro",28.5,17.1,-4.7690746263727055,-5.0756192414649135,-4.4625300112804975,-12.466666666666665
17061,IL,2014,"Rural, near a metro",28.0,18.3,-4.6241765751581765,-4.885882706074404,-4.362470444241949,-13.466666666666667
17063,IL,2014,Metro,30.1,8.0,-4.8936497068424885,-5.6017634861860905,-4.185535927498885,-13.8
17065,IL,2014,Remote rural,30.7,14.9,-4.781438943903914,-5.297435473061519,-4.265442414746309,-14.999999999999998
17067,IL,2014,Remote rural,32.7,12.2,-5.090805182742765,-5.732256141003264,-4.449354224482265,-18.433333333333337
17069,IL,2014,Remote rural,29.6,20.3,-4.152842241371937,-4.473702394216838,-3.831982088527037,-13.833333333333336
17071,IL,2014,Remote rural,31.1,12.8,-4.787997556682651,-5.254418304037953,-4.321576809327356,-14.500000000000004
17073,IL,2014,Metro,30.6,11.2,-4.725971784248679,-5.621725805705026,-3.830217762792328,-14.900000000000004
17075,IL,2014,"Rural, near a metro",30.3,14.0,-5.031941046050581,-5.997222547229055,-4.066659544872106,-12.333333333333336
17077,IL,2014,Metro,22.7,29.5,-5.813711594159724,-7.328469508824815,-4.298953679494623,-8.433333333333334
17079,IL,2014,Remote rural,33.0,10.5,-5.040685863342905,-5.531576800183618,-4.549794926502187,-15.899999999999999
17081,IL,2014,Remote rural,28.8,18.4,-5.260578758257526,-5.681898235223976,-4.839259281291072,-15.233333333333333
17083,IL,2014,Metro,28.3,10.5,-4.204211485633465,-4.544963151997346,-3.863459819269584,-13.633333333333335
17085,IL,2014,"Rural, near a metro",35.0,10.2,-6.265026351334165,-7.241875148097833,-5.288177554570498,-18.533333333333335
17087,IL,2014,"Rural, near a metro",32.2,17.9,-5.534726966490523,-6.146862395386357,-4.9225915375946885,-17.733333333333334
17089,IL,2014,Metro,48.1,10.9,-6.942017781829618,-8.429342403670734,-5.454693159988506,-15.433333333333337
17091,IL,2014,Metro,28.7,16.7,-5.044021124720429,-5.758502700058936,-4.329539549381924,-10.833333333333332
17093,IL,2014,Metro,38.6,5.8,-7.289673680949751,-8.484076325953138,-6.095271035946343,-16.966666666666665
17095,IL,2014,"Rural, near a metro",27.9,19.6,-5.537793000030917,-6.224208923587474,-4.851377076474357,-13.366666666666662
17097,IL,2014,Metro,45.2,9.5,-7.750034767024355,-9.397651589412494,-6.102417944636213,-15.466666666666669
17099,IL,2014,"Rural, near a metro",33.2,13.8,-5.501045873633924,-6.314627387809214,-4.687464359458632,-16.400000000000002
17101,IL,2014,Remote rural,28.1,18.2,-5.411105357469034,-6.029414967461748,-4.792795747476322,-13.233333333333336
17103,IL,2014,"Rural, near a metro",28.7,12.4,-5.081140085902286,-5.926638077926125,-4.2356420938784485,-13.933333333333334
17105,IL,2014,"Rural, near a metro",27.0,12.5,-4.728211547507607,-5.1822020680477126,-4.274221026967502,-11.9
17107,IL,2014,"Rural, near a metro",25.1,13.6,-4.934908168026112,-5.527700869380756,-4.342115466671471,-12.500000000000002
17109,IL,2014,Remote rural,27.1,21.1,-5.299262462908789,-5.723538537757461,-4.874986388060115,-13.833333333333336
17111,IL,2014,Metro,41.4,7.1,-8.288243061912677,-9.76497771583739,-6.811508407987965,-16.96666666666666
17113,IL,2014,Metro,26.6,13.8,-4.761500568690853,-5.6038725905126885,-3.9191285468690147,-12.16666666666667
17115,IL,2014,Metro,25.6,18.1,-5.554115904149032,-6.054460364126342,-5.053771444171719,-10.933333333333335
17117,IL,2014,Metro,29.9,13.9,-4.472968325444182,-5.388123789208864,-3.557812861679496,-15.166666666666666
17119,IL,2014,Metro,26.0,13.7,-4.720307295440235,-5.417875227323419,-4.022739363557049,-11.333333333333334
17121,IL,2014,"Rural, near a metro",25.7,19.2,-5.273139657053633,-5.592009422799666,-4.954269891307605,-11.933333333333334
17123,IL,2014,Metro,30.1,10.2,-4.560862039653904,-5.153122846597282,-3.9686012327105287,-14.9
17125,IL,2014,"Rural, near a metro",27.7,14.0,-4.452580495309207,-4.998077967747872,-3.9070830228705407,-12.2
17127,IL,2014,Remote rural,25.9,17.5,-5.229958166844357,-5.619151342169443,-4.840764991519269,-11.799999999999999
17129,IL,2014,Metro,29.0,10.8,-4.594060813957904,-5.108848337158488,-4.079273290757323,-14.100000000000001
17131,IL,2014,Metro,29.6,9.7,-4.34814402886273,-4.763403134116715,-3.93288492360874,-14.633333333333333
17133,IL,2014,Metro,30.2,4.9,-4.149731483906002,-4.944325503835376,-3.355137463976634,-14.2
17135,IL,2014,"Rural, near a metro",28.1,16.1,-4.9739026112571905,-5.360012309102149,-4.587792913412239,-13.966666666666669
17137,IL,2014,"Rural, near a metro",25.2,16.0,-5.232262145962278,-5.713319394465233,-4.751204897459324,-11.6
17139,IL,2014,"Rural, near a metro",31.3,12.4,-5.3465296374776825,-6.21514859415196,-4.477910680803408,-12.799999999999997
17141,IL,2014,"Rural, near a metro",33.1,13.0,-5.201404868581205,-6.040243009454947,-4.3625667277074704,-14.466666666666669
17143,IL,2014,Metro,29.4,17.0,-5.24639358419864,-5.895997895920244,-4.596789272477036,-12.633333333333333
17145,IL,2014,"Rural, near a metro",26.4,17.6,-5.392868162656773,-6.0165294921455,-4.769206833168049,-12.266666666666666
17147,IL,2014,Metro,30.2,7.2,-4.421670534735624,-5.049531946262335,-3.793809123208912,-14.399999999999997
17149,IL,2014,Remote rural,31.6,17.3,-5.783969276248768,-6.287373645314688,-5.280564907182844,-15.133333333333336
17151,IL,2014,"Rural, near a metro",31.6,19.9,-5.576207182132618,-6.548633327208116,-4.6037810370571135,-15.3
17153,IL,2014,"Rural, near a metro",27.4,21.5,-6.780094947327883,-7.482704584950947,-6.07748530970482,-12.133333333333333
17155,IL,2014,"Rural, near a metro",34.7,9.0,-5.718778279324618,-6.233640785629481,-5.203915773019752,-17.1
17157,IL,2014,"Rural, near a metro",26.2,14.1,-5.3882796092474905,-5.966944325867391,-4.80961489262758,-11.966666666666665
17159,IL,2014,Remote rural,26.1,16.4,-4.1669751623178515,-4.423701868620599,-3.9102484560151054,-12.933333333333335
17161,IL,2014,Metro,33.5,15.8,-5.5980532154445255,-6.149598521882162,-5.046507909006888,-14.733333333333334
17163,IL,2014,Metro,28.0,18.3,-5.024406149796683,-6.020009084915713,-4.028803214677654,-12.433333333333332
17165,IL,2014,"Rural, near a metro",26.2,18.6,-4.920990669469389,-5.3693119121594055,-4.472669426779367,-12.033333333333333
17167,IL,2014,Metro,27.3,15.2,-5.08149682343465,-5.915866624729548,-4.24712702213975,-13.1
17169,IL,2014,Remote rural,37.3,13.2,-8.517914746914734,-9.647793142283659,-7.388036351545805,-18.53333333333333
17171,IL,2014,Remote rural,30.9,13.3,-4.689589266421919,-5.273514332475478,-4.10566420036836,-15.299999999999999
17173,IL,2014,"Rural, near a metro",29.9,12.6,-4.232843760435855,-4.823694469651504,-3.6419930512202034,-14.799999999999999
17175,IL,2014,Metro,30.8,11.0,-4.683445221677445,-5.050541205267445,-4.316349238087444,-14.8
17177,IL,2014,"Rural, near a metro",26.5,18.6,-5.402806368114268,-5.741345972091229,-5.064266764137307,-12.666666666666666
17179,IL,2014,Metro,29.0,8.9,-4.12192170877172,-4.813823548826939,-3.4300198687165033,-15.9
17181,IL,2014,"Rural, near a metro",31.5,16.7,-5.352324508080429,-6.103992838622933,-4.600656177537919,-15.699999999999998
17183,IL,2014,Metro,26.4,19.6,-5.442956813340765,-5.7885542974901565,-5.097359329191372,-12.566666666666665
17185,IL,2014,Remote rural,29.6,14.6,-4.630802161317437,-5.163885797386648,-4.097718525248224,-13.866666666666667
17187,IL,2014,"Rural, near a metro",33.2,15.1,-5.7240028582824865,-6.4498198716951896,-4.998185844869785,-13.86666666666667
17189,IL,2014,"Rural, near a metro",29.6,9.9,-4.30146554038407,-4.837379814381048,-3.7655512663870994,-14.533333333333333
17191,IL,2014,Remote rural,29.8,17.4,-4.611194095591275,-4.901923388502918,-4.320464802679628,-14.133333333333335
17193,IL,2014,"Rural, near a metro",26.3,15.5,-4.328484362466619,-4.869981683589623,-3.786987041343618,-11.066666666666666
17195,IL,2014,"Rural, near a metro",29.7,12.1,-4.906416693282005,-5.396310922232996,-4.416522464331016,-13.833333333333334
17197,IL,2014,Metro,41.4,8.5,-7.694649503038474,-8.936881896835246,-6.452417109241705,-16.466666666666665
17199,IL,2014,Metro,28.0,16.2,-5.33295356926922,-5.645362263298766,-5.02054487523968,-14.1
17201,IL,2014,Metro,31.1,16.3,-4.69593128816759,-5.557001631328393,-3.834860945006789,-13.100000000000001
17203,IL,2014,Metro,29.2,7.0,-3.348279732938565,-4.067410218779898,-2.6291492470972324,-13.2
19001,IA,2014,"Rural, near a metro",25.3,10.1,-2.3374874578772036,-2.766719941186314,-1.9082549745680932,-11.633333333333335
19003,IA,2014,Remote rural,28.1,13.2,-4.038801381304974,-4.317214339899393,-3.7603884227105544,-12.300000000000002
19005,IA,2014,"Rural, near a metro",36.2,13.9,-6.533808689469373,-7.36836105398816,-5.699256324950583,-17.033333333333335
19007,IA,2014,Remote rural,24.3,17.2,-3.9684977482505173,-4.410646345767196,-3.526349150733839,-10.766666666666667
19009,IA,2014,"Rural, near a metro",29.4,11.2,-4.197409908421413,-4.568282363960155,-3.8265374528826697,-13.266666666666662
19011,IA,2014,Metro,25.2,8.8,-2.270535578547451,-2.739618575177488,-1.8014525819174143,-10.8
19013,IA,2014,Metro,23.4,16.7,-2.922180812057094,-3.907512457814127,-1.9368491663000684,-8.766666666666666
19015,IA,2014,"Rural, near a metro",25.1,11.3,-2.505551636641514,-2.9633008730629795,-2.0478024002200463,-12.033333333333337
19017,IA,2014,Metro,24.8,6.5,-2.1794641147185154,-2.8435499500335553,-1.515378279403475,-11.333333333333334
19019,IA,2014,"Rural, near a metro",27.0,9.2,-3.128788616481469,-3.414059885976369,-2.843517346986569,-12.4
19021,IA,2014,Remote rural,39.8,12.5,-9.812046163235713,-11.29108575995892,-8.333006566512486,-13.63333333333333
19023,IA,2014,"Rural, near a metro",27.8,9.3,-2.5461261486217177,-2.931716729160005,-2.1605355680834304,-13.999999999999998
19025,IA,2014,Remote rural,25.8,14.0,-2.5923509184901943,-3.193708286919635,-1.9909935500607525,-11.033333333333335
19027,IA,2014,Remote rural,23.4,9.5,-1.9027477363122367,-2.3758957258179003,-1.4295997468065735,-10.83333333333333
19029,IA,2014,"Rural, near a metro",23.5,14.8,-2.8092871752192514,-3.2857956700122766,-2.332778680426225,-9.666666666666666
19031,IA,2014,"Rural, near a metro",25.4,7.4,-2.188448720683543,-2.770124476259625,-1.6067729651074623,-11.933333333333332
19033,IA,2014,Remote rural,25.1,11.9,-2.3854039830389646,-2.8631682928437683,-1.907639673234162,-12.5
19035,IA,2014,"Rural, near a metro",25.5,11.1,-2.5231042731888893,-2.8819564340521264,-2.1642521123256513,-10.799999999999999
19037,IA,2014,"Rural, near a metro",28.7,10.6,-3.7163900917283197,-4.236563474027631,-3.196216709429011,-11.899999999999999
19039,IA,2014,"Rural, near a metro",29.2,13.3,-4.088435118730587,-4.511309031412645,-3.665561206048531,-12.566666666666666
19041,IA,2014,Remote rural,25.0,10.7,-2.5776522867393297,-2.903015725634724,-2.2522888478439387,-12.1
19043,IA,2014,"Rural, near a metro",28.7,12.0,-4.1148665533628295,-4.61660365688965,-3.6131294498360127,-14.133333333333331
19045,IA,2014,"Rural, near a metro",20.3,13.9,-1.4448767236741495,-2.2366561246250267,-0.6530973227232741,-8.100000000000003
19047,IA,2014,Remote rural,40.4,13.0,-10.357977865680837,-11.35097509233677,-9.364980639024894,-13.866666666666664
19049,IA,2014,Metro,31.2,6.0,-3.165867199057704,-4.167533683762047,-2.1642007143533615,-12.266666666666666
19051,IA,2014,Remote rural,33.9,16.5,-7.275867973496721,-8.163332520409671,-6.388403426583775,-13.833333333333332
19053,IA,2014,Remote rural,26.1,21.6,-4.797535563490539,-5.175886869438199,-4.419184257542877,-11.466666666666669
19055,IA,2014,"Rural, near a metro",29.5,10.1,-4.0777750125292584,-4.618379609432133,-3.5371704156263837,-15.066666666666668
19057,IA,2014,Remote rural,23.1,12.3,-2.486367275167968,-3.083176769100667,-1.8895577812352689,-10.366666666666669
19059,IA,2014,Remote rural,26.5,8.7,-3.181781871676582,-3.6733093180689895,-2.6902544252841727,-12.399999999999999
19061,IA,2014,Metro,23.2,12.8,-1.4730290087230333,-2.227836020469704,-0.7182219969763638,-10.133333333333331
19063,IA,2014,Remote rural,36.3,14.7,-6.8165371917169955,-7.568610106255011,-6.064464277178994,-15.499999999999996
19065,IA,2014,"Rural, near a metro",25.0,13.9,-3.3897856030002442,-3.9422047314945172,-2.837366474505971,-11.366666666666667
19067,IA,2014,Remote rural,23.9,12.1,-2.664643171958645,-3.2029579525149074,-2.1263283914023807,-9.499999999999998
19069,IA,2014,Remote rural,33.6,13.6,-5.715882226704138,-6.184791939392143,-5.2469725140161305,-13.200000000000003
19071,IA,2014,"Rural, near a metro",26.0,13.1,-2.4460369873926093,-2.9149056623361735,-1.9771683124490453,-12.366666666666667
19073,IA,2014,"Rural, near a metro",25.5,12.8,-3.155809846862644,-3.7280160830789306,-2.5836036106463585,-10.766666666666666
19075,IA,2014,Metro,29.6,6.9,-2.4259780676091762,-2.898322175316995,-1.953633959901357,-16.6
19077,IA,2014,Metro,28.0,10.3,-3.3666614640384647,-3.8919919261303697,-2.8413310019465587,-12.566666666666668
19079,IA,2014,"Rural, near a metro",31.2,10.1,-3.977862544674215,-4.4728646611157625,-3.4828604282326645,-16.633333333333333
19081,IA,2014,Remote rural,27.9,10.1,-3.2016115067990567,-3.837074904452373,-2.566148109145741,-12.399999999999999
19083,IA,2014,"Rural, near a metro",25.4,11.0,-2.9807636966377733,-3.5163114535473916,-2.445215939728155,-10.899999999999999
19085,IA,2014,Metro,26.4,10.6,-3.037112965252316,-3.6050585018185037,-2.4691674286861267,-11.199999999999998
19087,IA,2014,"Rural, near a metro",26.1,14.2,-2.0109034620887516,-2.880304497909536,-1.1415024262679672,-12.200000000000001
19089,IA,2014,"Rural, near a metro",28.5,11.9,-4.0327765821255666,-4.357402014295611,-3.708151149955522,-12.033333333333331
19091,IA,2014,Remote rural,27.1,11.2,-3.0432162139602434,-3.528128626812709,-2.5583038011077806,-11.866666666666667
19093,IA,2014,"Rural, near a metro",26.0,11.5,-2.4227685422319016,-2.6663923099411684,-2.1791447745226358,-12.0
19095,IA,2014,"Rural, near a metro",24.7,10.1,-2.0974704890888827,-2.5433865396500477,-1.651554438527715,-10.633333333333331
19097,IA,2014,"Rural, near a metro",26.7,11.8,-3.9346742467576012,-4.202557807740846,-3.6667906857743557,-12.4
19099,IA,2014,"Rural, near a metro",23.5,9.8,-1.8460226571364797,-2.4006958122060817,-1.2913495020668782,-11.033333333333333
19101,IA,2014,Remote rural,26.4,16.1,-4.789668832307027,-5.335931905438964,-4.243405759175091,-10.966666666666663
19103,IA,2014,Metro,22.4,16.0,-2.960016115465979,-3.892094921704198,-2.027937309227763,-8.133333333333333
19105,IA,2014,Metro,26.4,10.2,-2.517946225212179,-2.941990027414526,-2.0939024230098338,-12.033333333333331
19107,IA,2014,"Rural, near a metro",25.7,13.3,-3.4630803757333153,-4.070892397629523,-2.8552683538371055,-10.799999999999999
19109,IA,2014,Remote rural,26.7,9.8,-2.6085528249757934,-3.035130366322705,-2.1819752836288817,-12.866666666666665
19111,IA,2014,Remote rural,23.9,16.2,-3.20410230371973,-3.7930097680646773,-2.615194839374781,-11.666666666666664
19113,IA,2014,Metro,23.2,9.7,-1.6275769079950222,-2.3478606022221866,-0.9072932137678574,-10.133333333333331
19115,IA,2014,"Rural, near a metro",32.5,11.3,-5.0537279628311715,-5.442839251849945,-4.664616673812398,-11.8
19117,IA,2014,"Rural, near a metro",31.9,15.1,-3.9174934896921463,-4.288331046513751,-3.5466559328705425,-14.766666666666662
19119,IA,2014,"Rural, near a metro",28.2,7.6,-3.203903799321762,-3.835790754794845,-2.5720168438486812,-12.4
19121,IA,2014,Metro,27.2,8.4,-3.0427777560519114,-3.6931087695488167,-2.392446742555006,-12.1
19123,IA,2014,Remote rural,23.0,14.0,-2.1476523374513024,-2.777028317377874,-1.5182763575247327,-10.866666666666667
19125,IA,2014,"Rural, near a metro",23.1,9.3,-1.8145870965023525,-2.2429097994157856,-1.3862643935889205,-10.766666666666667
19127,IA,2014,"Rural, near a metro",32.2,13.4,-5.25369133713952,-5.768794642444361,-4.738588031834681,-9.26666666666667
19129,IA,2014,Metro,25.3,10.0,-2.4585050096725936,-2.7691148526481717,-2.1478951666970136,-11.233333333333333
19131,IA,2014,Remote rural,29.7,10.2,-4.031608956918448,-4.4804799497885535,-3.5827379640483463,-12.266666666666666
19133,IA,2014,"Rural, near a metro",26.4,12.5,-4.0160450050866885,-4.350042976967335,-3.6820470332060475,-11.966666666666663
19135,IA,2014,Remote rural,33.5,12.6,-5.146913294496297,-5.975368300989123,-4.318458288003472,-15.566666666666666
19137,IA,2014,"Rural, near a metro",24.4,15.0,-3.6162848974324624,-4.186275606066761,-3.046294188798164,-9.933333333333332
19139,IA,2014,"Rural, near a metro",27.1,12.7,-4.236102399293317,-4.828297911715059,-3.643906886871579,-9.333333333333332
19141,IA,2014,Remote rural,27.1,9.4,-3.386854976514708,-3.824164707575815,-2.9495452454536015,-11.56666666666667
19143,IA,2014,Remote rural,33.6,9.1,-4.814457546349825,-5.442362852335626,-4.186552240364027,-13.500000000000004
19145,IA,2014,"Rural, near a metro",25.5,17.3,-3.3550488163624843,-4.117934464271696,-2.5921631684532733,-10.799999999999999
19147,IA,2014,Remote rural,23.7,10.8,-2.177408249351055,-2.606114886093758,-1.748701612608353,-9.7
19149,IA,2014,Metro,28.0,8.3,-2.5088980531987213,-2.827656998491941,-2.1901391079055026,-12.866666666666667
19151,IA,2014,Remote rural,27.1,11.5,-2.462913101853656,-3.1681871055259565,-1.757639098181356,-11.799999999999999
19153,IA,2014,Metro,27.2,12.4,-4.035321125552315,-4.821296820829728,-3.2493454302749023,-10.566666666666663
19155,IA,2014,Metro,27.7,13.6,-4.21293452006968,-4.8070371212599765,-3.6188319188793794,-12.633333333333331
19157,IA,2014,Remote rural,22.9,12.0,-1.7847465418207928,-2.2709718249760362,-1.2985212586655497,-9.199999999999998
19159,IA,2014,Remote rural,29.1,16.4,-4.7104629625816825,-5.084401314589325,-4.336524610574029,-12.600000000000001
19161,IA,2014,Remote rural,28.0,10.6,-3.7392390735807672,-4.316157960024057,-3.1623201871374804,-12.6
19163,IA,2014,Metro,26.7,14.2,-3.628599772503197,-4.441539149543754,-2.815660395462643,-12.2
19165,IA,2014,"Rural, near a metro",26.1,9.4,-2.3313789356640617,-2.8886867319870335,-1.7740711393410895,-11.799999999999999
19167,IA,2014,Remote rural,37.5,8.2,-7.054239674578919,-7.844301030348572,-6.2641783188092655,-15.2
19169,IA,2014,Metro,18.4,21.1,-1.7701848878748847,-2.952227835750266,-0.588141939999502,-6.299999999999999
19171,IA,2014,"Rural, near a metro",32.2,11.5,-5.396474326684665,-5.916012742738995,-4.876935910630334,-14.26666666666667
19173,IA,2014,Remote rural,34.1,14.1,-4.9645468443175105,-5.957918306107662,-3.971175382527361,-16.133333333333336
19175,IA,2014,"Rural, near a metro",24.7,13.5,-3.069070453278153,-3.4880126116235903,-2.650128294932717,-10.666666666666666
19177,IA,2014,Remote rural,30.1,16.2,-4.243576675263906,-4.706338864375744,-3.7808144861520665,-13.533333333333335
19179,IA,2014,Remote rural,27.2,19.9,-4.381492358974281,-5.029541329419662,-3.7334433885288965,-8.099999999999998
19181,IA,2014,Metro,26.5,7.0,-2.1748957517849212,-2.8043576747627226,-1.5454338288071199,-13.433333333333332
19183,IA,2014,Metro,28.5,9.3,-4.469247759559692,-5.225368554844531,-3.7131269642748563,-12.533333333333331
19185,IA,2014,Remote rural,30.0,14.2,-4.671603856224245,-5.007222619525062,-4.335985092923427,-13.400000000000002
19187,IA,2014,Remote rural,23.8,15.9,-3.2643726842261973,-3.8354662760097367,-2.6932790924426584,-10.066666666666666
19189,IA,2014,Remote rural,26.7,11.1,-2.2263376828892385,-3.090618023755033,-1.362057342023445,-12.8
19191,IA,2014,Remote rural,26.8,10.9,-2.342805934095756,-2.890934790924183,-1.794677077267329,-13.533333333333333
19193,IA,2014,Metro,31.0,16.5,-5.543962859574921,-6.7953078467212755,-4.292617872428561,-10.599999999999998
19195,IA,2014,Remote rural,25.7,10.9,-2.344169742449644,-3.0537061541122776,-1.6346333307870096,-11.566666666666668
19197,IA,2014,Remote rural,32.3,10.6,-4.5158583184389895,-5.072408397759829,-3.959308239118147,-13.333333333333329
21001,KY,2014,Remote rural,40.7,25.0,-12.067080173156926,-13.1594840810399,-10.97467626527395,-25.6
21003,KY,2014,Metro,45.1,20.6,-13.14664852556552,-14.271428330515954,-12.021868720615087,-28.86666666666667
21005,KY,2014,"Rural, near a metro",42.5,11.4,-11.448784894053956,-12.363750001249072,-10.533819786858848,-28.0
21007,KY,2014,Remote rural,44.3,17.1,-13.266695394851485,-14.698402658405929,-11.834988131297042,-28.199999999999996
21009,KY,2014,"Rural, near a metro",38.0,20.7,-11.761048364588095,-13.487056200558355,-10.035040528617843,-22.9
21011,KY,2014,"Rural, near a metro",38.9,26.5,-11.800154270180757,-13.665687214255383,-9.93462132610613,-23.93333333333333
21013,KY,2014,Remote rural,32.8,35.7,-6.242719650333648,-7.095088595790113,-5.39035070487718,-19.866666666666667
21015,KY,2014,Metro,46.7,8.7,-9.931736632559835,-11.294136221277618,-8.569337043842047,-28.833333333333336
21017,KY,2014,Metro,47.2,16.5,-10.718233603404043,-13.23550620908174,-8.200960997726336,-28.26666666666667
21019,KY,2014,Metro,39.0,20.3,-11.880802032826262,-13.013612919276182,-10.747991146376343,-25.06666666666667
21021,KY,2014,Remote rural,41.3,17.2,-12.533512824763974,-13.746422940220047,-11.320602709307913,-27.03333333333333
21023,KY,2014,Metro,43.0,16.2,-13.251633305806642,-14.682291536825346,-11.820975074787949,-29.1
21025,KY,2014,Remote rural,33.9,33.9,-5.93571315734979,-7.130208716702687,-4.741217597996891,-19.93333333333333
21027,KY,2014,"Rural, near a metro",43.6,19.2,-13.10081000564724,-14.567793522686,-11.633826488608474,-27.0
21029,KY,2014,Metro,41.6,10.2,-11.577218453199905,-13.10917448819489,-10.045262418204912,-26.700000000000003
21031,KY,2014,Metro,43.4,22.1,-12.861140362815815,-14.439396357446192,-11.28288436818545,-26.5
21033,KY,2014,Remote rural,40.8,19.0,-12.750870733956619,-14.392835193514596,-11.108906274398638,-26.96666666666666
21035,KY,2014,Remote rural,41.3,22.8,-13.407833445952537,-15.196024847467404,-11.619642044437656,-25.266666666666662
21037,KY,2014,Metro,39.9,14.8,-11.532112517314616,-13.501282086521197,-9.562942948108027,-24.199999999999996
21039,KY,2014,Remote rural,47.2,17.5,-12.267833913320233,-14.38304366765969,-10.152624158980789,-29.56666666666667
21041,KY,2014,"Rural, near a metro",42.7,21.0,-12.64512145043709,-14.376173833861852,-10.914069067012324,-25.333333333333336
21043,KY,2014,"Rural, near a metro",40.9,22.5,-12.905343813590886,-14.742131737031007,-11.06855589015078,-25.53333333333333
21045,KY,2014,Remote rural,43.1,29.7,-12.503102012456626,-13.707202976358658,-11.299001048554594,-26.26666666666667
21047,KY,2014,Metro,35.7,18.1,-7.272424619619715,-9.599353433467385,-4.9454958057720475,-22.03333333333334
21049,KY,2014,Metro,36.9,17.1,-8.961227263175795,-10.948650916448543,-6.973803609903056,-22.46666666666667
21051,KY,2014,Remote rural,31.0,42.8,-6.021996890383366,-7.486926251077928,-4.557067529688807,-16.366666666666667
21053,KY,2014,Remote rural,38.0,27.6,-11.080313326722544,-11.800049805442214,-10.360576848002893,-22.4
21055,KY,2014,Remote rural,44.7,22.2,-12.342729076469459,-13.781887932686685,-10.903570220252234,-28.700000000000003
21057,KY,2014,Remote rural,41.0,26.2,-11.875705239079098,-13.368654891235071,-10.382755586923132,-26.333333333333336
21059,KY,2014,Metro,36.7,15.3,-8.73027194955092,-10.880777026900343,-6.5797668722014935,-23.200000000000003
21061,KY,2014,Metro,45.0,21.2,-12.64273747763321,-14.020081205810207,-11.265393749456198,-28.566666666666666
21063,KY,2014,Remote rural,40.3,33.1,-13.145070609778735,-14.769313960004888,-11.520827259552577,-25.33333333333333
21065,KY,2014,"Rural, near a metro",38.8,28.1,-11.109369792303536,-12.513297182256109,-9.705442402350974,-24.26666666666666
21067,KY,2014,Metro,39.9,19.0,-8.525260958618054,-10.563872691669099,-6.486649225567012,-20.566666666666666
21069,KY,2014,Remote rural,45.5,23.2,-12.82951982763586,-14.40129426747309,-11.257745387798632,-28.099999999999998
21071,KY,2014,Remote rural,34.7,30.6,-7.6658534094711435,-8.982760221203689,-6.348946597738598,-19.833333333333336
21073,KY,2014,"Rural, near a metro",43.5,16.9,-12.77707244580279,-14.783240114992935,-10.77090477661265,-27.266666666666666
21075,KY,2014,Remote rural,33.1,29.2,-6.8989803037631505,-8.193026100273222,-5.604934507253083,-20.666666666666664
21077,KY,2014,Metro,41.3,16.3,-11.964737013218206,-13.740697741338384,-10.188776285098037,-24.899999999999995
21079,KY,2014,"Rural, near a metro",45.0,19.3,-12.154530371886006,-13.339842103120896,-10.969218640651116,-27.3
21081,KY,2014,Metro,38.3,20.1,-10.474924496564407,-12.380187972368862,-8.569661020759941,-24.233333333333327
21083,KY,2014,Remote rural,45.7,19.3,-11.799747719670682,-13.507759666655367,-10.091735772686,-26.86666666666667
21085,KY,2014,"Rural, near a metro",43.1,25.1,-13.082835132637353,-14.584228742713544,-11.58144152256115,-27.700000000000003
21087,KY,2014,"Rural, near a metro",42.7,23.1,-12.792863795585252,-14.487341595938785,-11.098385995231734,-27.133333333333333
21089,KY,2014,Metro,44.3,19.0,-12.856134912907875,-13.987434520932972,-11.724835304882777,-28.999999999999993
21091,KY,2014,Metro,41.8,15.4,-12.024225641135564,-14.046766498561226,-10.001684783709898,-27.4
21093,KY,2014,Metro,38.4,14.4,-9.939937045104015,-11.768547459804617,-8.11132663040341,-24.46666666666667
21095,KY,2014,Remote rural,37.1,30.5,-10.858977921268073,-12.177147803829575,-9.540808038706553,-22.833333333333336
21097,KY,2014,"Rural, near a metro",40.9,17.4,-13.271099500153994,-15.06706875468842,-11.475130245619562,-26.299999999999997
21099,KY,2014,"Rural, near a metro",42.6,27.9,-13.582123469794404,-14.93800856927204,-12.226238370316771,-25.666666666666668
21101,KY,2014,Metro,37.1,19.5,-10.798124363870977,-11.825860558116448,-9.770388169625514,-23.66666666666667
21103,KY,2014,Metro,43.1,15.4,-12.699096777420385,-13.713272107740284,-11.684921447100493,-26.633333333333333
21105,KY,2014,Remote rural,43.1,19.8,-11.975758199432743,-13.856825609884467,-10.094690788981026,-26.533333333333335
21107,KY,2014,Remote rural,40.0,17.5,-12.186878850131565,-13.84900771272745,-10.52474998753568,-24.633333333333333
21109,KY,2014,Remote rural,39.0,30.3,-11.39389806174132,-13.426089189244362,-9.361706934238278,-24.733333333333334
21111,KY,2014,Metro,41.8,16.1,-9.736833627060514,-13.06915841721084,-6.40450883691018,-24.933333333333334
21113,KY,2014,Metro,43.3,15.4,-12.032226884679613,-13.508384897296276,-10.55606887206295,-26.466666666666665
21115,KY,2014,Remote rural,35.9,25.7,-9.067751398815929,-10.337852298314816,-7.797650499317042,-21.799999999999997
21117,KY,2014,Metro,41.1,13.4,-9.635067525304484,-10.907912691173756,-8.362222359435204,-24.76666666666667
21119,KY,2014,Remote rural,35.9,28.3,-8.998784359055472,-10.734244475718015,-7.263324242392919,-21.83333333333333
21121,KY,2014,Remote rural,36.0,35.2,-9.321195396960356,-11.006603907561177,-7.6357868863595355,-22.46666666666667
21123,KY,2014,Metro,42.8,18.3,-12.790084305979825,-14.266585945197594,-11.313582666762073,-26.96666666666666
21125,KY,2014,Remote rural,39.1,22.2,-11.359896338951154,-12.822402199505808,-9.8973904783965,-24.133333333333333
21127,KY,2014,"Rural, near a metro",38.2,25.2,-11.277664834468705,-12.815929069689414,-9.739400599247997,-23.833333333333336
21129,KY,2014,Remote rural,34.7,35.1,-7.428849582272048,-8.940176750649686,-5.917522413894411,-22.233333333333334
21131,KY,2014,Remote rural,36.9,29.2,-9.779890287136363,-11.37655385141879,-8.18322672285393,-21.766666666666666
21133,KY,2014,Remote rural,35.7,27.1,-8.649494227873124,-10.321886168256409,-6.97710228748985,-21.300000000000004
21135,KY,2014,"Rural, near a metro",41.1,27.0,-12.888661087960685,-14.577521135433216,-11.199801040488158,-26.16666666666667
21137,KY,2014,Remote rural,43.3,23.1,-13.329258966467622,-15.258943174494924,-11.399574758440314,-27.4
21139,KY,2014,Remote rural,46.5,15.9,-12.31095744338771,-13.794201195711343,-10.827713691064085,-29.933333333333334
21141,KY,2014,"Rural, near a metro",43.4,19.7,-12.187996634503309,-13.508516481998914,-10.867476787007693,-27.5
21143,KY,2014,Remote rural,44.7,17.4,-12.54735038855467,-14.27679371170781,-10.81790706540152,-28.866666666666667
21145,KY,2014,Remote rural,38.5,19.8,-12.175027153347408,-13.486802585877777,-10.863251720817031,-24.06666666666667
21147,KY,2014,Remote rural,36.4,40.7,-9.726132496586459,-11.243251497779188,-8.20901349539374,-22.133333333333333
21149,KY,2014,Metro,42.8,18.1,-13.271501475945307,-14.288013093339973,-12.254989858550633,-25.999999999999996
21151,KY,2014,"Rural, near a metro",35.8,19.8,-8.360380682735395,-10.16626769658961,-6.554493668881175,-22.33333333333333
21153,KY,2014,Remote rural,38.8,29.0,-10.90980396437331,-12.898914754935873,-8.920693173810747,-22.266666666666662
21155,KY,2014,Remote rural,39.1,18.5,-11.428940789155835,-13.185568163444081,-9.672313414867585,-24.200000000000003
21157,KY,2014,Remote rural,42.6,12.7,-12.361181798878672,-13.825761160133228,-10.896602437624127,-27.1
21159,KY,2014,Remote rural,33.2,40.5,-6.538838595645209,-7.3981431613506095,-5.679534029939808,-19.233333333333334
21161,KY,2014,"Rural, near a metro",38.7,20.7,-12.389500618496804,-13.672630604226955,-11.10637063276666,-24.16666666666667
21163,KY,2014,Metro,42.5,15.4,-12.470051775520211,-13.904333948552502,-11.035769602487917,-28.266666666666666
21165,KY,2014,Remote rural,41.2,28.3,-12.711705285446612,-14.11127370268979,-11.312136868203439,-24.200000000000003
21167,KY,2014,"Rural, near a metro",40.0,16.4,-12.092854110344447,-13.188697134108786,-10.997011086580109,-25.233333333333334
21169,KY,2014,Remote rural,42.3,27.7,-13.16786115816634,-14.823564542438977,-11.512157773893705,-27.5
21171,KY,2014,"Rural, near a metro",41.5,23.8,-12.306806940484103,-13.436492627753822,-11.177121253214384,-24.733333333333334
21173,KY,2014,"Rural, near a metro",41.2,20.0,-13.278985662762858,-15.13028145314664,-11.427689872379075,-26.200000000000003
21175,KY,2014,Remote rural,38.1,29.4,-11.819104496010878,-13.389789612154319,-10.248419379867444,-22.66666666666667
21177,KY,2014,"Rural, near a metro",42.1,25.1,-13.194195907265332,-14.864183596057558,-11.524208218473106,-25.433333333333334
21179,KY,2014,"Rural, near a metro",43.0,14.7,-12.952126753127068,-14.825386785629982,-11.078866720624172,-28.199999999999996
21181,KY,2014,"Rural, near a metro",43.8,20.6,-13.14221152235275,-15.039973208495393,-11.244449836210102,-28.53333333333333
21183,KY,2014,"Rural, near a metro",40.8,19.1,-12.814688332464879,-14.243598725440792,-11.38577793948897,-25.03333333333333
21185,KY,2014,Metro,51.4,6.1,-8.88178157069961,-10.37615530491906,-7.387407836480155,-31.933333333333334
21187,KY,2014,"Rural, near a metro",42.4,19.1,-13.38632154303216,-15.026100514218772,-11.74654257184556,-28.299999999999997
21189,KY,2014,Remote rural,34.9,42.0,-7.84855594076444,-9.11642025361388,-6.580691627915006,-21.566666666666663
21191,KY,2014,Metro,40.8,16.1,-12.691577696152905,-14.560026397363735,-10.823128994942063,-26.066666666666663
21193,KY,2014,Remote rural,35.6,26.9,-8.718239301796809,-10.022670459579611,-7.413808144014023,-21.700000000000003
21195,KY,2014,Remote rural,35.9,23.0,-8.977260396982176,-10.4747295328301,-7.4797912611342445,-20.866666666666667
21197,KY,2014,"Rural, near a metro",37.4,29.6,-10.694144201699228,-12.021023308078748,-9.367265095319707,-22.833333333333336
21199,KY,2014,Remote rural,37.3,25.2,-11.066553382334323,-12.46936287649115,-9.663743888177493,-22.699999999999996
21201,KY,2014,"Rural, near a metro",42.5,23.4,-12.644130436851231,-14.15204590147695,-11.13621497222551,-26.666666666666664
21203,KY,2014,Remote rural,38.1,25.6,-11.207339357833678,-12.26036646530398,-10.154312250363377,-24.0
21205,KY,2014,Remote rural,37.4,24.7,-10.890312429241092,-12.010848054786189,-9.769776803695986,-23.633333333333333
21207,KY,2014,Remote rural,42.1,25.5,-12.54479362862624,-13.822257805626254,-11.267329451626251,-25.433333333333334
21209,KY,2014,Metro,45.2,10.5,-9.807959656485446,-11.881000866026504,-7.734918446944385,-28.06666666666667
21211,KY,2014,Metro,52.0,12.6,-8.587045056548092,-9.93126291607572,-7.242827197020468,-28.03333333333333
21213,KY,2014,"Rural, near a metro",38.2,18.5,-11.75045519207669,-13.683026020790972,-9.817884363362401,-24.700000000000003
21215,KY,2014,Metro,47.6,9.3,-10.286452010269965,-12.149146575178035,-8.423757445361897,-30.133333333333333
21217,KY,2014,Remote rural,40.2,20.7,-13.16388710158059,-14.820298286931063,-11.507475916230117,-25.933333333333337
21219,KY,2014,"Rural, near a metro",50.0,20.5,-10.855330717467488,-12.907077315679189,-8.80358411925579,-32.16666666666667
21221,KY,2014,Metro,47.3,18.3,-11.712178088316229,-13.395445458295185,-10.028910718337265,-30.333333333333332
21223,KY,2014,Metro,43.9,16.1,-12.753488251275629,-13.7719299077909,-11.73504659476036,-28.0
21225,KY,2014,"Rural, near a metro",40.2,18.7,-12.008283982652653,-13.367835844094401,-10.648732121210902,-23.000000000000004
21227,KY,2014,Metro,42.2,18.4,-12.218382123227837,-13.724776223435876,-10.711988023019797,-23.633333333333336
21229,KY,2014,Remote rural,43.8,16.8,-12.79379192129496,-14.645205615738753,-10.942378226851165,-26.2
21231,KY,2014,Remote rural,37.8,27.5,-11.10675100616962,-12.411147752119701,-9.802354260219547,-22.93333333333333
21233,KY,2014,"Rural, near a metro",42.2,17.0,-11.548370401725132,-12.480885175934619,-10.615855627515641,-23.56666666666667
21235,KY,2014,Remote rural,33.3,26.3,-6.629001848183017,-7.60700563114412,-5.650998065221917,-20.166666666666664
21237,KY,2014,Remote rural,31.3,36.4,-5.514234383578229,-6.491384717111104,-4.53708405004535,-17.96666666666667
21239,KY,2014,Metro,49.0,11.0,-9.454937316915055,-10.522060970769509,-8.387813663060603,-28.833333333333332
24001,MD,2014,Metro,20.4,18.6,-5.311145954378836,-5.901840688916445,-4.720451219841232,-8.0
24003,MD,2014,Metro,28.0,7.3,-4.770369889031224,-5.456016733564637,-4.0847230444978155,-9.099999999999998
24005,MD,2014,Metro,29.1,9.5,-4.844721727039595,-5.574524667135572,-4.114918786943621,-10.666666666666668
24009,MD,2014,Metro,28.8,6.9,-5.606340384986052,-6.606793846684137,-4.605886923287964,-12.633333333333333
24011,MD,2014,"Rural, near a metro",27.8,16.7,-5.70140845129861,-6.952042789843915,-4.450774112753305,-9.533333333333335
24013,MD,2014,Metro,28.4,6.8,-5.195491809401166,-5.926671033333399,-4.464312585468939,-12.499999999999998
24015,MD,2014,Metro,24.5,9.8,-5.345755694399922,-6.448903395717547,-4.2426079930822995,-8.799999999999999
24017,MD,2014,Metro,26.9,8.0,-5.801845215864543,-6.568894399852662,-5.034796031876408,-10.466666666666665
24019,MD,2014,"Rural, near a metro",24.4,17.7,-5.7720486303091,-6.854404029794799,-4.689693230823405,-8.566666666666665
24021,MD,2014,Metro,30.9,6.9,-4.90739487620563,-5.837645015019369,-3.977144737391887,-11.7
24023,MD,2014,"Rural, near a metro",24.4,15.9,-4.60868218260893,-5.166381143801264,-4.050983221416594,-9.766666666666666
24025,MD,2014,Metro,25.8,7.4,-4.869515898783085,-5.644416550159061,-4.094615247407111,-10.566666666666666
24027,MD,2014,Metro,35.1,5.3,-5.608362893052753,-6.472691416274071,-4.744034369831433,-13.2
24029,MD,2014,"Rural, near a metro",29.2,14.9,-6.098076870875512,-6.799723746890069,-5.396429994860955,-10.099999999999998
24031,MD,2014,Metro,41.8,7.0,-5.836334371591104,-7.881859430591768,-3.790809312590436,-12.099999999999998
24033,MD,2014,Metro,39.5,9.9,-5.346887182534782,-7.155566918885605,-3.5382074461839625,-10.5
24035,MD,2014,Metro,29.9,8.4,-5.806331686920318,-6.446047160638685,-5.166616213201953,-12.0
24037,MD,2014,Metro,24.6,8.2,-5.593017039495559,-6.647359496520349,-4.53867458247077,-9.466666666666667
24039,MD,2014,Metro,25.1,28.5,-6.1723624100118775,-7.185290448211353,-5.159434371812404,-9.433333333333337
24041,MD,2014,"Rural, near a metro",29.9,10.9,-5.77839601283553,-6.411089663010286,-5.145702362660773,-10.633333333333333
24043,MD,2014,Metro,23.3,12.0,-5.028733765457571,-6.191166604726968,-3.8663009261881656,-7.633333333333335
24045,MD,2014,Metro,27.6,16.5,-5.895452461652394,-7.424292065722054,-4.366612857582731,-10.2
24047,MD,2014,Metro,30.0,13.1,-5.786292492306316,-6.259389279351877,-5.313195705260761,-12.733333333333334
24510,MD,2014,Metro,20.0,22.7,-4.856091570515911,-5.536311966416348,-4.175871174615469,-6.266666666666666
26001,MI,2014,Remote rural,39.6,16.4,-10.880800363075378,-11.979568939282514,-9.78203178686824,-19.633333333333333
26003,MI,2014,Remote rural,35.5,15.8,-7.85796591418199,-8.847968139829304,-6.867963688534682,-15.333333333333332
26005,MI,2014,"Rural, near a metro",35.8,13.3,-6.2569743574056,-7.317822084922426,-5.196126629888777,-16.83333333333333
26007,MI,2014,Remote rural,30.1,17.9,-4.564561306492187,-4.817996154362277,-4.311126458622095,-14.0
26009,MI,2014,Remote rural,35.7,14.0,-7.1512683171367115,-7.616635293650156,-6.685901340623265,-16.06666666666667
26011,MI,2014,"Rural, near a metro",32.7,18.2,-5.210309209656344,-5.568940026626393,-4.851678392686296,-14.8
26013,MI,2014,Remote rural,33.6,16.6,-6.504921982868291,-7.141921727459916,-5.867922238276666,-14.400000000000002
26015,MI,2014,Metro,33.2,11.2,-4.735391362476365,-5.65587800125795,-3.8149047236947844,-15.56666666666667
26017,MI,2014,Metro,30.2,16.9,-5.0905354920585,-5.776228778945834,-4.404842205171164,-14.866666666666665
26019,MI,2014,Remote rural,35.3,13.1,-6.548009710948474,-7.2062433029144675,-5.889776118982482,-14.999999999999996
26021,MI,2014,Metro,34.0,16.9,-5.889699733642319,-6.509114531841997,-5.270284935442647,-13.7
26023,MI,2014,"Rural, near a metro",32.2,16.9,-5.3174040135809735,-6.091966191891906,-4.542841835270042,-13.133333333333336
26025,MI,2014,Metro,30.2,18.7,-4.999858283475915,-5.726239716329213,-4.2734768506226155,-13.600000000000001
26027,MI,2014,Metro,33.4,17.2,-5.981531182678676,-6.639185603742344,-5.323876761615016,-14.266666666666662
26029,MI,2014,Remote rural,33.9,14.9,-5.3289494745151105,-6.419458915000254,-4.238440034029966,-14.899999999999995
26031,MI,2014,Remote rural,34.2,18.7,-7.316220982779036,-7.9426992960867935,-6.689742669471276,-14.700000000000003
26033,MI,2014,Remote rural,32.6,16.6,-6.277224474613897,-7.310501245937509,-5.24394770329028,-13.3
26035,MI,2014,"Rural, near a metro",28.4,24.1,-4.534195861763515,-4.819898115872219,-4.2484936076548045,-10.7
26037,MI,2014,Metro,30.9,9.8,-3.978048234543441,-4.935773451354847,-3.0203230177320366,-15.533333333333331
26039,MI,2014,Remote rural,31.0,17.6,-4.656788303632629,-4.903878256716424,-4.409698350548832,-13.866666666666667
26041,MI,2014,Remote rural,29.3,16.1,-4.492241266723161,-4.949159834618746,-4.035322698827575,-11.633333333333333
26043,MI,2014,Remote rural,32.4,15.3,-4.420003670564735,-4.898281019351981,-3.941726321777486,-16.4
26045,MI,2014,Metro,30.0,11.5,-4.54213887984297,-5.19872910506335,-3.8855486546225873,-13.933333333333334
26047,MI,2014,Remote rural,32.5,11.3,-5.678506433886546,-6.23400685247724,-5.1230060152958545,-14.066666666666666
26049,MI,2014,Metro,24.1,21.7,-5.056796097652372,-6.093960403089133,-4.019631792215608,-10.200000000000001
26051,MI,2014,"Rural, near a metro",34.0,21.0,-5.580629363232933,-6.294819335902148,-4.866439390563718,-15.099999999999998
26053,MI,2014,Remote rural,30.7,23.0,-4.90660483541847,-5.3017573422556294,-4.511452328581311,-13.5
26055,MI,2014,Remote rural,30.2,11.6,-5.098278637065914,-6.066024504256321,-4.130532769875508,-13.133333333333333
26057,MI,2014,"Rural, near a metro",28.9,19.5,-4.797093105618615,-5.565586841886292,-4.028599369350939,-13.966666666666667
26059,MI,2014,"Rural, near a metro",32.7,18.2,-5.319952345331529,-5.665442005307742,-4.974462685355316,-15.166666666666668
26061,MI,2014,Remote rural,29.7,21.9,-4.736739259719885,-5.219469244631527,-4.254009274808241,-12.733333333333334
26063,MI,2014,Remote rural,33.2,15.7,-5.489573271183581,-6.237652083266187,-4.741494459100976,-15.3
26065,MI,2014,Metro,23.8,22.4,-3.936500170317824,-5.190174672224339,-2.6828256684113096,-8.100000000000003
26067,MI,2014,"Rural, near a metro",27.4,13.3,-4.8444450675137425,-5.259243891436214,-4.429646243591273,-10.566666666666666
26069,MI,2014,Remote rural,32.3,19.9,-5.18022307714759,-5.672588221572282,-4.687857932722901,-15.266666666666666
26071,MI,2014,Remote rural,30.6,15.2,-4.64001020245868,-4.978437307223569,-4.301583097693793,-13.56666666666667
26073,MI,2014,"Rural, near a metro",24.7,28.8,-4.9885979106835805,-5.646396456474266,-4.330799364892895,-8.8
26075,MI,2014,Metro,28.5,18.9,-4.828128190260804,-5.590086951561782,-4.06616942895983,-12.833333333333334
26077,MI,2014,Metro,28.8,17.7,-4.85512818407877,-5.9493227138706875,-3.760933654286852,-12.600000000000001
26079,MI,2014,Remote rural,33.6,17.9,-5.59163484036032,-5.981916952226106,-5.201352728494532,-14.86666666666667
26081,MI,2014,Metro,31.4,14.8,-3.9525521839187223,-5.371366027275166,-2.533738340562277,-10.899999999999999
26083,MI,2014,Remote rural,38.1,14.0,-8.17291209665016,-9.584960574829138,-6.760863618471183,-18.166666666666668
26085,MI,2014,Remote rural,29.8,31.0,-5.4726552978889265,-6.119024307814904,-4.82628628796295,-13.533333333333335
26087,MI,2014,Metro,33.2,11.1,-5.154550564367669,-5.675973614617998,-4.6331275141173425,-13.300000000000004
26089,MI,2014,Remote rural,39.6,10.2,-9.16678160298381,-9.853000438857494,-8.480562767110145,-17.466666666666665
26091,MI,2014,"Rural, near a metro",32.7,16.0,-5.152612933316377,-5.8250310906142655,-4.480194776018488,-15.633333333333336
26093,MI,2014,Metro,35.9,6.4,-5.526520770568485,-6.273968389976146,-4.77907315116082,-16.7
26095,MI,2014,Remote rural,30.9,23.4,-5.406794965733024,-5.818968407451751,-4.994621524014296,-10.966666666666665
26097,MI,2014,Remote rural,36.2,14.6,-8.715313114657844,-9.46533426302533,-7.96529196629037,-13.966666666666672
26099,MI,2014,Metro,34.0,13.4,-5.236164337967603,-6.431859838447848,-4.040468837487353,-13.899999999999999
26101,MI,2014,Remote rural,33.1,17.9,-6.240162190298019,-6.921814993106919,-5.558509387489115,-14.833333333333336
26103,MI,2014,Remote rural,29.4,15.4,-4.380765319568782,-4.809675852801418,-3.951854786336145,-15.766666666666666
26105,MI,2014,Remote rural,31.0,15.7,-5.230613641034849,-5.617469670322891,-4.843757611746807,-13.933333333333334
26107,MI,2014,"Rural, near a metro",26.1,23.6,-4.999971730403876,-5.532173505531304,-4.467769955276449,-10.766666666666667
26109,MI,2014,Remote rural,32.2,16.2,-5.008578676243661,-5.198323161501756,-4.818834190985559,-15.633333333333336
26111,MI,2014,Metro,32.1,14.7,-4.229593376255811,-5.105470117712713,-3.3537166347989094,-13.966666666666665
26113,MI,2014,Remote rural,31.4,15.6,-5.188637463993546,-5.609077569666079,-4.768197358321011,-12.466666666666665
26115,MI,2014,Metro,30.8,12.5,-4.569562027354795,-5.208431522472794,-3.930692532236795,-14.566666666666666
26117,MI,2014,Metro,29.4,18.8,-4.9957570843389725,-5.367769108196409,-4.623745060481532,-12.466666666666665
26119,MI,2014,Remote rural,33.6,20.4,-5.616318090003953,-6.400645263979161,-4.831990916028751,-14.76666666666667
26121,MI,2014,Metro,26.7,20.4,-4.937117453524242,-5.777984062034499,-4.096250845013982,-11.23333333333333
26123,MI,2014,"Rural, near a metro",32.6,17.2,-5.2733955384775415,-5.752753163324983,-4.7940379136301,-14.200000000000003
26125,MI,2014,Metro,34.0,10.2,-5.25816749078931,-6.284496646722252,-4.2318383348563735,-13.366666666666664
26127,MI,2014,"Rural, near a metro",36.4,18.3,-7.787897968475834,-8.81321455618575,-6.762581380765918,-11.966666666666665
26129,MI,2014,Remote rural,29.1,22.2,-4.6796493817772635,-4.996538467057996,-4.362760296496533,-11.300000000000004
26131,MI,2014,Remote rural,36.6,16.4,-7.065214555277123,-8.756794525127741,-5.373634585426501,-16.766666666666666
26133,MI,2014,Remote rural,30.3,22.4,-4.57079181583854,-4.787949448206439,-4.353634183470648,-12.933333333333334
26135,MI,2014,Remote rural,33.9,19.9,-6.659913511034629,-7.452730721548498,-5.86709630052076,-14.133333333333333
26137,MI,2014,Remote rural,32.1,13.6,-4.9367803148891705,-5.381078417277858,-4.49248221250049,-13.700000000000003
26139,MI,2014,Metro,32.3,11.3,-4.321946709523214,-5.047762965431983,-3.5961304536144487,-14.999999999999996
26141,MI,2014,Remote rural,37.1,15.6,-8.380868583004956,-9.683224257030124,-7.0785129089797945,-16.833333333333336
26143,MI,2014,Remote rural,29.8,22.2,-4.6227831280599725,-4.930873971140194,-4.314692284979747,-11.366666666666667
26145,MI,2014,Metro,26.7,18.7,-4.398479882055329,-5.4357999242921675,-3.3611598398184857,-11.7
26147,MI,2014,Metro,30.6,15.8,-4.961163599852496,-5.797236529513618,-4.125090670191372,-13.233333333333334
26149,MI,2014,"Rural, near a metro",31.4,17.4,-5.012395813659097,-5.535972663426286,-4.488818963891912,-11.266666666666666
26151,MI,2014,"Rural, near a metro",33.1,15.8,-5.920805991009144,-6.459281206669394,-5.382330775348893,-13.733333333333334
26153,MI,2014,Remote rural,33.7,18.0,-6.108642381784105,-6.531457542696884,-5.685827220871326,-13.86666666666667
26155,MI,2014,"Rural, near a metro",30.6,15.9,-4.901007590333344,-5.218198978375794,-4.583816202290896,-14.3
26157,MI,2014,"Rural, near a metro",33.8,16.6,-5.748766812221405,-6.188878539803753,-5.3086550846390566,-17.299999999999997
26159,MI,2014,Metro,37.2,17.8,-8.302937626065836,-9.550866642693762,-7.055008609437902,-17.033333333333335
26161,MI,2014,Metro,26.1,16.3,-4.637771030072849,-5.758354059341588,-3.5171880008041043,-11.333333333333336
26163,MI,2014,Metro,33.0,25.1,-4.7266916950106985,-5.346350369113775,-4.107033020907618,-14.8
26165,MI,2014,Remote rural,29.6,19.8,-4.520743558637399,-5.060493600617729,-3.980993516657066,-12.633333333333336
27001,MN,2014,"Rural, near a metro",21.9,13.3,-3.9197383183062593,-4.303566769773835,-3.535909866838683,-8.83333333333333
27003,MN,2014,Metro,27.0,7.6,-4.399046422534707,-5.0412955473007806,-3.7567972977686335,-11.799999999999999
27005,MN,2014,"Rural, near a metro",21.4,13.5,-3.951161767864649,-4.735455517223276,-3.1668680185060234,-7.633333333333333
27007,MN,2014,Remote rural,22.0,20.2,-5.167644406884088,-6.146842017334494,-4.188446796433684,-7.666666666666666
27009,MN,2014,Metro,19.4,11.9,-1.8697954708524716,-2.6435312903747596,-1.0960596513301848,-9.633333333333331
27011,MN,2014,Remote rural,21.5,12.8,-2.7298740308220237,-3.024667910756269,-2.435080150887779,-8.766666666666666
27013,MN,2014,Metro,18.5,17.0,-1.5833738665543258,-2.3213706012321573,-0.8453771318764954,-8.766666666666667
27015,MN,2014,"Rural, near a metro",20.0,9.6,-1.5592146188169318,-2.0334174457018026,-1.0850117919320632,-9.166666666666666
27017,MN,2014,Metro,20.3,12.1,-3.818754839094857,-4.3003373480354234,-3.337172330154289,-8.133333333333335
27019,MN,2014,Metro,27.5,4.9,-3.422715225257961,-4.287881708177378,-2.5575487423385437,-12.799999999999999
27021,MN,2014,Remote rural,22.8,15.3,-4.343351104193473,-5.08972449601354,-3.596977712373406,-7.699999999999999
27023,MN,2014,Remote rural,23.1,11.1,-3.553010028359559,-4.0694994053194735,-3.036520651399644,-8.16666666666667
27025,MN,2014,Metro,22.8,6.8,-1.9567111840008857,-2.5023777245244956,-1.4110446434772759,-9.200000000000001
27027,MN,2014,Metro,19.2,12.4,-1.6122831358512868,-1.978622286237743,-1.245943985464828,-9.266666666666666
27029,MN,2014,"Rural, near a metro",22.0,16.4,-4.358873213461915,-4.68634466901368,-4.031401757910148,-6.733333333333334
27031,MN,2014,Remote rural,25.4,10.1,-4.418471479223014,-4.932769810032723,-3.9041731484133058,-9.133333333333333
27033,MN,2014,Remote rural,21.3,14.5,-2.8154457393340535,-3.1834407917748573,-2.4474506868932497,-7.666666666666668
27035,MN,2014,"Rural, near a metro",19.9,11.3,-2.866852754472998,-3.3160376657584374,-2.417667843187557,-8.399999999999999
27037,MN,2014,Metro,26.6,8.4,-3.340113474055465,-4.406888644536194,-2.2733383035747385,-10.833333333333336
27039,MN,2014,Metro,22.6,7.3,-1.9188611907065516,-2.237587872076151,-1.600134509336954,-9.866666666666667
27041,MN,2014,"Rural, near a metro",17.7,10.4,-1.5055932637805205,-1.7999503188510655,-1.211236208709975,-6.6
27043,MN,2014,"Rural, near a metro",21.6,11.5,-3.181665910730391,-3.6119816474542756,-2.7513501740065114,-8.566666666666668
27045,MN,2014,Metro,23.6,10.7,-4.007588647830767,-4.433253056322196,-3.5819242393393376,-8.766666666666667
27047,MN,2014,Remote rural,23.8,10.5,-3.8877547285065934,-4.2759974345157366,-3.49951202249745,-9.433333333333335
27049,MN,2014,"Rural, near a metro",22.4,9.3,-2.6667794887527743,-3.2717252120793288,-2.0618337654262198,-7.966666666666667
27051,MN,2014,Remote rural,20.7,10.7,-2.877112974647283,-3.5132157482079847,-2.2410102010865804,-8.533333333333333
27053,MN,2014,Metro,25.8,12.2,-4.379265513468139,-5.5093034672394,-3.249227559696883,-10.166666666666668
27055,MN,2014,Metro,20.8,10.4,-1.8238927562583993,-2.3385777704995863,-1.3092077420172115,-8.700000000000001
27057,MN,2014,Remote rural,22.8,13.4,-3.868786660343992,-4.202887828040146,-3.53468549264784,-9.866666666666669
27059,MN,2014,Metro,21.3,8.4,-1.9613658563515142,-2.4678306402481374,-1.4549010724548919,-9.133333333333335
27061,MN,2014,"Rural, near a metro",22.6,13.1,-3.3683023222023687,-3.6598635610928216,-3.076741083311915,-9.566666666666668
27063,MN,2014,Remote rural,21.0,9.6,-1.7553741238371234,-2.1577740549689937,-1.3529741927052532,-9.433333333333332
27065,MN,2014,"Rural, near a metro",20.7,14.2,-3.1150926665030587,-3.594038646640811,-2.6361466863653065,-8.399999999999997
27067,MN,2014,"Rural, near a metro",21.5,11.9,-3.6845507794409613,-4.169225830305412,-3.1998757285765143,-7.533333333333331
27069,MN,2014,Remote rural,22.0,10.1,-1.950798612191992,-2.419860944598252,-1.4817362797857299,-8.833333333333334
27071,MN,2014,"Rural, near a metro",24.1,16.9,-3.7402007610186927,-4.136096314190214,-3.344305207847169,-9.533333333333333
27073,MN,2014,Remote rural,21.9,10.5,-2.1418888601135304,-2.5892758251114714,-1.6945018951155897,-10.066666666666665
27075,MN,2014,"Rural, near a metro",21.0,11.1,-1.7904549884716474,-2.2314887268034447,-1.349421250139851,-9.633333333333333
27077,MN,2014,Remote rural,24.6,12.4,-3.4090047748209824,-3.764487453873219,-3.0535220957687415,-10.533333333333333
27079,MN,2014,Metro,23.9,8.9,-2.7287433408737063,-3.304471050008079,-2.153015631739334,-8.599999999999996
27081,MN,2014,Remote rural,23.6,11.4,-2.622456356388359,-3.0721888745610917,-2.172723838215626,-11.866666666666667
27083,MN,2014,Remote rural,21.3,12.8,-2.707583327135456,-3.601397598577868,-1.813769055693045,-8.8
27085,MN,2014,"Rural, near a metro",19.5,8.8,-1.4678665344634139,-1.9422976122588318,-0.9934354566679956,-6.6
27087,MN,2014,"Rural, near a metro",20.5,24.3,-4.947276829501605,-5.726904999492699,-4.167648659510504,-6.799999999999999
27089,MN,2014,"Rural, near a metro",24.5,9.2,-3.8729477067845135,-4.401551936041619,-3.344343477527408,-10.4
27091,MN,2014,Remote rural,19.7,11.6,-2.2742732777695585,-2.9030478766523373,-1.6454986788867763,-7.066666666666666
27093,MN,2014,"Rural, near a metro",22.8,9.4,-2.967723513004921,-3.5672154133386265,-2.3682316126712166,-9.366666666666669
27095,MN,2014,Metro,21.0,12.1,-4.0619832518212675,-4.445286228957729,-3.678680274684808,-8.200000000000001
27097,MN,2014,"Rural, near a metro",21.0,12.2,-3.286744533295617,-3.7993971570796816,-2.7740919095115535,-8.966666666666669
27099,MN,2014,"Rural, near a metro",28.9,13.7,-4.295761890822751,-4.81645478785695,-3.7750689937885533,-12.7
27101,MN,2014,Remote rural,23.1,9.6,-2.5428470755231953,-3.11538530237665,-1.970308848669742,-8.900000000000004
27103,MN,2014,Metro,17.6,11.4,-1.3994176793634723,-1.967707307328853,-0.8311280513980918,-6.233333333333336
27105,MN,2014,Remote rural,34.3,14.2,-6.733340375418967,-7.903474971125654,-5.5632057797122725,-10.2
27107,MN,2014,"Rural, near a metro",21.0,13.6,-3.4392191853441485,-3.9550176979611336,-2.923420672727165,-7.833333333333334
27109,MN,2014,Metro,23.9,8.3,-2.5296388861892622,-3.3228241188252294,-1.736453653553295,-8.966666666666667
27111,MN,2014,"Rural, near a metro",21.1,11.8,-2.778123124326285,-3.3676048448862934,-2.188641403766278,-8.000000000000002
27113,MN,2014,"Rural, near a metro",17.0,10.7,-1.6402734870515487,-2.144388579926259,-1.1361583941768378,-5.733333333333334
27115,MN,2014,"Rural, near a metro",22.4,15.7,-4.778306262502175,-5.399137450710167,-4.157475074294184,-9.033333333333333
27117,MN,2014,"Rural, near a metro",22.5,12.4,-3.990816155906854,-4.419727395223078,-3.5619049165906285,-8.366666666666667
27119,MN,2014,Metro,19.7,13.3,-2.940557374625334,-3.776191446326343,-2.104923302924327,-7.7333333333333325
27121,MN,2014,"Rural, near a metro",20.1,11.0,-1.9115647440070727,-2.156154491856961,-1.6669749961571863,-8.733333333333334
27123,MN,2014,Metro,25.0,16.2,-4.0952289601475185,-5.055928577896456,-3.1345293423985847,-10.799999999999999
27125,MN,2014,"Rural, near a metro",22.3,11.2,-3.8214619624761696,-4.202234514714174,-3.4406894102381633,-8.866666666666669
27127,MN,2014,Remote rural,22.3,10.2,-3.6768027002752617,-4.2632058420342736,-3.090399558516247,-7.366666666666669
27129,MN,2014,"Rural, near a metro",22.6,11.8,-3.571717724114695,-4.251751190184341,-2.8916842580450535,-8.633333333333335
27131,MN,2014,"Rural, near a metro",25.1,11.6,-4.081809539299081,-4.9052471170679945,-3.2583719615301656,-8.7
27133,MN,2014,"Rural, near a metro",21.2,10.5,-2.429498283012844,-3.116051828672207,-1.7429447373534797,-8.433333333333332
27135,MN,2014,Remote rural,21.7,8.7,-1.7182467842757434,-2.0159165581811216,-1.4205770103703663,-8.799999999999999
27137,MN,2014,Metro,18.0,16.5,-2.6813708139093455,-3.4025312533292507,-1.9602103744894432,-8.2
27139,MN,2014,Metro,31.4,5.9,-4.9423417999869494,-5.553456634499433,-4.3312269654744675,-13.7
27141,MN,2014,Metro,19.6,6.5,-2.117676964371393,-3.027965763477284,-1.2073881652655025,-6.733333333333336
27143,MN,2014,Metro,26.4,9.8,-3.964736326566527,-4.420571814164727,-3.5089008389683265,-11.1
27145,MN,2014,Metro,20.2,12.7,-1.979332085049039,-2.8402691633128985,-1.1183950067851796,-8.433333333333334
27147,MN,2014,Remote rural,19.5,10.7,-1.3595677884787412,-1.8388973755278548,-0.880238201429627,-7.766666666666666
27149,MN,2014,Remote rural,22.0,14.0,-2.419780022401527,-3.117644622638265,-1.7219154221647877,-9.9
27151,MN,2014,Remote rural,19.2,10.3,-2.0018485914442086,-2.4812165359199456,-1.5224806469684724,-6.699999999999999
27153,MN,2014,"Rural, near a metro",27.2,13.5,-4.487399198353892,-4.920858905647127,-4.053939491060659,-10.5
27155,MN,2014,Remote rural,24.1,11.9,-4.267005792968448,-4.870920580842952,-3.6630910050939445,-10.56666666666667
27157,MN,2014,Metro,20.9,9.4,-1.8471838375453682,-2.289450464814257,-1.4049172102764809,-8.93333333333333
27159,MN,2014,Remote rural,18.8,15.5,-3.583402926663765,-4.101441596930573,-3.065364256396954,-7.933333333333334
27161,MN,2014,"Rural, near a metro",22.5,10.3,-1.9399809286652616,-2.398321967592964,-1.4816398897375598,-10.300000000000002
27163,MN,2014,Metro,23.2,5.8,-1.8141669178047175,-2.4839073618527236,-1.144426473756711,-9.833333333333334
27165,MN,2014,"Rural, near a metro",33.8,11.2,-6.33733187952159,-7.39675713289391,-5.2779066261492655,-11.466666666666665
27167,MN,2014,"Rural, near a metro",20.7,11.0,-1.6511701186229741,-2.1968703108417778,-1.1054699264041714,-8.999999999999998
27169,MN,2014,"Rural, near a metro",19.6,14.4,-2.0280285654245995,-2.787462983983174,-1.2685941468660242,-7.7666666666666675
27171,MN,2014,Metro,23.3,7.1,-2.2927283255041133,-3.0540646478597466,-1.5313920031484802,-11.033333333333335
27173,MN,2014,Remote rural,22.4,10.8,-2.799865441723539,-3.2994285456432526,-2.3003023378038265,-8.999999999999998
32001,NV,2014,"Rural, near a metro",41.7,13.9,-9.59410576830807,-11.622109209891477,-7.566102326724646,-13.633333333333336
32003,NV,2014,Metro,50.1,16.3,-6.408277078390821,-8.286094032640767,-4.530460124140868,-17.233333333333334
32005,NV,2014,"Rural, near a metro",49.2,10.2,-9.543512787539997,-10.843789268426095,-8.2432363066539,-19.8
32007,NV,2014,Remote rural,49.5,9.1,-6.893158698381511,-9.082858389517448,-4.703459007245573,-14.633333333333333
32009,NV,2014,Remote rural,58.5,13.8,-7.644140001857149,-9.463465532197127,-5.824814471517177,-22.46666666666666
32011,NV,2014,Remote rural,38.1,8.1,-7.178688982273677,-8.069308175172145,-6.288069789375207,-14.933333333333334
32013,NV,2014,Remote rural,52.1,10.1,-7.708277882766725,-8.796945985254983,-6.619609780278461,-14.466666666666669
32015,NV,2014,Remote rural,51.5,9.8,-8.56657137430994,-9.63215757750133,-7.500985171118546,-15.699999999999996
32017,NV,2014,"Rural, near a metro",45.9,14.1,-9.384750865595198,-10.256315484309006,-8.51318624688139,-16.3
32019,NV,2014,"Rural, near a metro",47.5,15.7,-9.454917335071379,-11.173359968198936,-7.736474701943832,-17.599999999999998
32021,NV,2014,Remote rural,39.7,18.3,-10.453619550266474,-11.774946431494039,-9.13229266903891,-14.066666666666666
32023,NV,2014,"Rural, near a metro",44.4,18.5,-8.230224276636005,-10.499046439644053,-5.961402113627949,-16.866666666666667
32027,NV,2014,Remote rural,51.2,21.2,-7.8999849594142475,-9.312827414050208,-6.487142504778292,-19.600000000000005
32029,NV,2014,Metro,48.4,8.2,-9.743523702308387,-11.352689299811104,-8.13435810480566,-22.366666666666667
32031,NV,2014,Metro,46.0,15.1,-7.41983106113498,-9.184215689143423,-5.655446433126537,-17.933333333333337
32033,NV,2014,Remote rural,39.0,13.5,-8.58459627951199,-9.449271296157077,-7.719921262866885,-13.599999999999998
32510,NV,2014,Metro,45.2,15.4,-8.074209607938121,-9.427346610064562,-6.72107260581169,-17.233333333333334
34001,NJ,2014,Metro,39.0,17.1,-4.266338552671367,-6.739140185493593,-1.793536919849139,-12.900000000000002
34003,NJ,2014,Metro,46.0,8.1,-6.7209133099637235,-8.643183082858041,-4.798643537069424,-13.466666666666661
34005,NJ,2014,Metro,34.3,6.2,-5.251862828146356,-6.016901534735691,-4.486824121557021,-13.43333333333333
34007,NJ,2014,Metro,33.6,14.7,-3.557277135362134,-4.847960113664746,-2.2665941570595214,-11.133333333333333
34009,NJ,2014,Metro,33.5,10.8,-5.463998488763459,-6.907612960500849,-4.020384017026069,-11.666666666666668
34011,NJ,2014,Metro,35.6,20.1,-4.810311830522999,-7.623132478050518,-1.9974911829954833,-9.133333333333333
34013,NJ,2014,Metro,38.2,17.7,-3.2640520402166726,-6.537435268553201,0.009331188119854339,-9.266666666666666
34015,NJ,2014,Metro,33.4,9.4,-5.016349435804203,-6.4168686789541844,-3.615830192654226,-13.033333333333331
34017,NJ,2014,Metro,43.6,19.4,-7.674320263654397,-9.758019422575229,-5.590621104733558,-13.866666666666667
34019,NJ,2014,Metro,40.5,4.1,-9.857127411706717,-11.599306635019646,-8.114948188393788,-14.7
34021,NJ,2014,Metro,40.2,11.8,-5.532344691168902,-8.15960524913883,-2.9050841331989785,-11.36666666666667
34023,NJ,2014,Metro,44.9,9.4,-6.449445592164543,-7.994940584171291,-4.903950600157801,-13.866666666666664
34025,NJ,2014,Metro,42.7,7.8,-7.097242408338099,-9.425890592426466,-4.768594224249734,-13.666666666666671
34027,NJ,2014,Metro,44.9,4.9,-8.25546137994375,-9.56291036480304,-6.948012395084446,-14.533333333333335
34029,NJ,2014,Metro,37.9,10.5,-5.534705805520472,-8.060516119004838,-3.0088954920361086,-12.533333333333335
34031,NJ,2014,Metro,42.5,16.6,-6.394931064036036,-8.116461149426653,-4.67340097864542,-12.900000000000002
34033,NJ,2014,Metro,31.9,15.0,-4.894446101019208,-6.787221151063212,-3.001671050975199,-10.833333333333332
34035,NJ,2014,Metro,47.7,5.7,-7.176884691241634,-8.720575122344574,-5.633194260138692,-17.13333333333334
34037,NJ,2014,Metro,40.2,6.1,-9.09508453453818,-10.96529252718472,-7.22487654189163,-16.733333333333334
34039,NJ,2014,Metro,48.1,11.5,-5.321755744298478,-7.909054013171044,-2.73445747542591,-13.06666666666667
34041,NJ,2014,Metro,38.7,8.7,-8.242845254071483,-9.524905675018465,-6.960784833124505,-13.700000000000003
35001,NM,2014,Metro,43.4,18.7,-9.110298573215033,-10.988350879370708,-7.232246267059347,-16.6
35003,NM,2014,Remote rural,46.8,21.7,-10.09513288435007,-11.733812953465776,-8.456452815234364,-23.266666666666666
35005,NM,2014,Remote rural,46.8,21.2,-9.732355655268073,-11.395229921676103,-8.069481388860043,-15.966666666666665
35006,NM,2014,"Rural, near a metro",41.9,32.2,-10.735974850191386,-11.716458265348846,-9.75549143503389,-15.23333333333333
35007,NM,2014,Remote rural,38.6,20.1,-10.574408865306099,-11.429752075650198,-9.719065654961982,-16.533333333333335
35009,NM,2014,Remote rural,42.8,21.1,-9.787562581721742,-10.835436893657063,-8.739688269786424,-16.499999999999996
35011,NM,2014,Remote rural,48.0,22.0,-9.90023612385683,-12.011838236619667,-7.788634011093974,-15.199999999999996
35013,NM,2014,Metro,49.2,27.0,-10.784644626912993,-12.50971220899387,-9.059577044832144,-19.933333333333337
35015,NM,2014,Remote rural,42.2,15.1,-10.652951787533556,-11.728674435636256,-9.57722913943086,-15.26666666666667
35017,NM,2014,Remote rural,37.0,22.4,-10.314552372216745,-11.815556539712851,-8.813548204720632,-16.73333333333333
35019,NM,2014,Remote rural,37.7,25.8,-10.826883088960757,-11.756571204648841,-9.897194973272681,-17.333333333333336
35021,NM,2014,Remote rural,47.5,15.2,-10.463465193505904,-11.444726428953716,-9.48220395805808,-24.333333333333332
35023,NM,2014,Remote rural,41.9,25.7,-11.232357729869268,-12.435395719822985,-10.029319739915557,-16.599999999999998
35025,NM,2014,Remote rural,53.2,14.8,-7.904868519701476,-10.342561143109352,-5.467175896293602,-16.300000000000004
35027,NM,2014,Remote rural,49.2,18.8,-10.225902009966482,-12.644028491654652,-7.807775528278313,-20.0
35028,NM,2014,"Rural, near a metro",41.5,4.0,-7.375521762241785,-9.708215678703306,-5.042827845780264,-16.700000000000003
35029,NM,2014,"Rural, near a metro",49.9,31.2,-11.00013597389811,-12.524497570806394,-9.475774376989827,-19.199999999999996
35031,NM,2014,Remote rural,48.0,40.3,-9.375775249437847,-10.513308686822457,-8.238241812053237,-14.966666666666669
35033,NM,2014,Remote rural,42.8,23.8,-11.006514834149723,-12.390721825489967,-9.622307842809471,-20.399999999999995
35035,NM,2014,"Rural, near a metro",44.3,21.3,-7.998744890885217,-9.11221774998116,-6.885272031789293,-16.433333333333334
35037,NM,2014,Remote rural,34.6,25.8,-9.516760697158011,-11.108407093777936,-7.925114300538096,-14.600000000000001
35039,NM,2014,"Rural, near a metro",47.9,24.8,-10.511293844048595,-12.219320984405192,-8.803266703691992,-17.866666666666667
35041,NM,2014,Remote rural,44.1,24.6,-10.482543172536497,-11.772385859481643,-9.192700485591354,-17.03333333333334
35043,NM,2014,Metro,46.1,15.3,-9.314778764416612,-10.204183094889569,-8.425374433943649,-17.900000000000002
35045,NM,2014,Metro,50.1,21.8,-8.901048702611211,-10.071452968865493,-7.730644436356933,-16.933333333333337
35047,NM,2014,"Rural, near a metro",38.3,32.4,-10.917957553188298,-12.562034179992512,-9.273880926384084,-18.13333333333333
35049,NM,2014,Metro,51.4,18.1,-9.544927603618746,-11.302465622919378,-7.787389584318113,-16.200000000000003
35051,NM,2014,"Rural, near a metro",39.5,26.9,-10.48662412503709,-11.485335528240611,-9.487912721833581,-17.900000000000002
35053,NM,2014,"Rural, near a metro",40.9,27.9,-11.381662339129896,-12.823335254681803,-9.939989423577986,-15.13333333333333
35055,NM,2014,Remote rural,42.8,26.2,-10.854796031456194,-12.195168104556982,-9.514423958355385,-15.899999999999995
35057,NM,2014,Metro,40.6,27.8,-11.458627822281063,-12.782893654172016,-10.134361990390115,-16.833333333333336
35059,NM,2014,Remote rural,41.4,20.1,-10.446434448762934,-11.36799896033001,-9.524869937195856,-14.333333333333336
35061,NM,2014,Metro,48.1,23.4,-10.49775388625333,-12.215426752390007,-8.78008102011665,-18.566666666666666
38001,ND,2014,Remote rural,33.2,10.2,-5.548264943660515,-6.342257846055118,-4.754272041265911,-12.56666666666667
38003,ND,2014,"Rural, near a metro",29.5,10.9,-4.390766414987056,-4.954663177552775,-3.8268696524213413,-9.933333333333334
38005,ND,2014,Remote rural,29.9,30.2,-6.02026413620878,-7.963708499255549,-4.076819773162013,-5.699999999999996
38007,ND,2014,Remote rural,47.1,8.2,-10.637500233420292,-12.313222047738428,-8.96177841910216,-16.466666666666665
38009,ND,2014,Remote rural,40.8,10.0,-10.757359407066108,-12.18096623961064,-9.333752574521577,-15.999999999999996
38011,ND,2014,Remote rural,35.6,8.0,-6.755075657357086,-7.804329052849317,-5.705822261864854,-12.56666666666667
38013,ND,2014,Remote rural,39.0,9.5,-8.86237986020356,-10.20612391289856,-7.518635807508554,-9.833333333333332
38015,ND,2014,Metro,28.7,8.3,-4.4154408928468385,-5.365577213834591,-3.465304571859095,-10.866666666666667
38017,ND,2014,Metro,25.5,13.2,-4.705002337849212,-5.201361263441036,-4.208643412257388,-8.933333333333334
38019,ND,2014,Remote rural,36.9,8.6,-7.031191202360085,-8.164694334949285,-5.89768806977088,-13.133333333333333
38021,ND,2014,Remote rural,32.6,12.2,-5.203602482120718,-5.846906679911407,-4.560298284330028,-13.066666666666666
38023,ND,2014,Remote rural,42.6,9.0,-10.971175758943849,-12.210695108701263,-9.731656409186451,-15.76666666666667
38025,ND,2014,Remote rural,44.9,9.6,-11.217995324259453,-12.213508413111123,-10.222482235407796,-13.2
38027,ND,2014,Remote rural,33.8,10.0,-5.519394497746689,-6.314744807467244,-4.724044188026137,-13.366666666666664
38029,ND,2014,"Rural, near a metro",40.0,13.9,-11.103621748805987,-12.342501335797085,-9.8647421618149,-17.366666666666664
38031,ND,2014,Remote rural,33.6,8.3,-4.360353905930585,-5.240758012985828,-3.4799497988753467,-13.733333333333334
38033,ND,2014,Remote rural,37.1,11.7,-8.812877536254057,-9.766230011694548,-7.859525060813558,-16.666666666666668
38035,ND,2014,Metro,23.7,15.1,-4.648434235349299,-5.659498610939914,-3.6373698597586848,-8.6
38037,ND,2014,"Rural, near a metro",42.3,15.1,-10.771403838318664,-12.763062996208303,-8.77974468042902,-17.599999999999998
38039,ND,2014,Remote rural,34.7,9.4,-5.931133164589669,-6.674288703481177,-5.187977625698161,-11.900000000000002
38041,ND,2014,Remote rural,40.6,10.5,-10.982981041213256,-12.11481161535255,-9.85115046707397,-17.2
38043,ND,2014,"Rural, near a metro",38.0,13.1,-9.143292666781928,-10.353112934837744,-7.933472398726095,-15.633333333333336
38045,ND,2014,Remote rural,37.5,9.6,-8.11070770731962,-9.141481005314821,-7.079934409324422,-13.399999999999995
38047,ND,2014,Remote rural,43.5,11.9,-11.69032636651267,-12.630045376844883,-10.750607356180435,-18.233333333333334
38049,ND,2014,Remote rural,38.9,11.1,-9.605861999447722,-10.858190385045818,-8.353533613849619,-16.566666666666666
38051,ND,2014,Remote rural,36.6,15.2,-8.412236028178075,-9.436416553197864,-7.388055503158294,-15.333333333333332
38053,ND,2014,Remote rural,35.7,9.9,-6.843611725329353,-8.24190889452568,-5.445314556133033,-9.733333333333338
38055,ND,2014,"Rural, near a metro",36.0,10.6,-6.869030424978668,-8.302908332448357,-5.43515251750898,-13.066666666666666
38057,ND,2014,Remote rural,35.1,7.1,-5.578050414105191,-6.998153850681303,-4.157946977529081,-12.3
38059,ND,2014,Metro,31.8,8.3,-4.920907239084348,-5.818268467918002,-4.0235460102506915,-12.100000000000001
38061,ND,2014,Remote rural,37.3,11.5,-7.641248736437481,-9.059220863293836,-6.223276609581122,-8.599999999999998
38063,ND,2014,"Rural, near a metro",34.2,9.6,-5.357030314617014,-6.003337879789745,-4.710722749444284,-13.56666666666667
38065,ND,2014,Metro,42.7,10.4,-11.75079072078198,-13.244002340754026,-10.257579100809949,-19.96666666666667
38067,ND,2014,Remote rural,35.8,8.4,-6.198297332148067,-7.184936308267511,-5.211658356028625,-13.566666666666663
38069,ND,2014,Remote rural,34.4,12.3,-6.468614210628564,-7.2196277161544105,-5.717600705102716,-12.533333333333335
38071,ND,2014,Remote rural,28.5,13.0,-5.2262631046551595,-6.246304191612309,-4.206222017698015,-9.933333333333334
38073,ND,2014,"Rural, near a metro",30.0,8.8,-4.17594464484414,-4.5832841963525315,-3.768605093335745,-11.633333333333336
38075,ND,2014,Remote rural,34.1,7.6,-5.2308609610181005,-5.992284120238733,-4.469437801797469,-14.000000000000004
38077,ND,2014,"Rural, near a metro",29.2,10.6,-4.725535662448684,-5.317779280354716,-4.133292044542654,-11.366666666666667
38079,ND,2014,Remote rural,29.7,29.6,-5.191571196391347,-6.908231072801118,-3.4749113199815813,-4.0
38081,ND,2014,Remote rural,30.8,6.5,-3.365077960148577,-3.981083620316439,-2.749072299980716,-10.966666666666669
38083,ND,2014,Remote rural,43.0,16.5,-11.996641247429963,-13.34398604194039,-10.64929645291953,-19.333333333333332
38085,ND,2014,Metro,25.4,37.3,-4.962165799951563,-6.191628232359062,-3.732703367544061,-5.199999999999999
38087,ND,2014,Remote rural,42.9,9.1,-11.010922604730702,-11.70061431931632,-10.32123089014508,-18.766666666666662
38089,ND,2014,Remote rural,29.8,8.7,-4.966563490698868,-5.605183919423348,-4.327943061974391,-8.06666666666667
38091,ND,2014,"Rural, near a metro",37.1,7.3,-7.437405789090282,-8.53501455198866,-6.339797026191908,-13.300000000000004
38093,ND,2014,Remote rural,29.2,12.1,-4.360075008466915,-4.781263342281942,-3.938886674651888,-11.600000000000001
38095,ND,2014,Remote rural,34.8,10.5,-6.345110791456834,-7.011330982521207,-5.6788906003924655,-13.333333333333329
38097,ND,2014,"Rural, near a metro",28.9,9.3,-4.156740691263865,-4.601039305841625,-3.7124420766861013,-11.333333333333332
38099,ND,2014,"Rural, near a metro",32.8,11.2,-5.931733030382698,-6.60277742846414,-5.260688632301248,-10.533333333333328
38101,ND,2014,Remote rural,28.0,8.9,-4.9840906671314,-5.723339582220703,-4.244841752042096,-8.633333333333333
38103,ND,2014,Remote rural,33.4,10.3,-4.939149176889086,-5.6514127795769085,-4.226885574201258,-13.333333333333332
38105,ND,2014,Remote rural,32.3,7.8,-5.497076826997413,-6.1557435903834605,-4.838410063611363,-8.63333333333333
39001,OH,2014,"Rural, near a metro",28.4,24.1,-4.755853628478246,-5.284632260925401,-4.227074996031094,-10.7
39003,OH,2014,Metro,30.5,16.1,-5.511816593323132,-5.910843536845525,-5.112789649800738,-13.666666666666668
39005,OH,2014,"Rural, near a metro",32.4,12.9,-5.247224161949094,-5.711097592381444,-4.783350731516743,-12.566666666666666
39007,OH,2014,"Rural, near a metro",30.8,18.9,-5.272198368745323,-5.84870534286969,-4.6956913946209555,-13.133333333333333
39009,OH,2014,"Rural, near a metro",26.9,31.0,-5.18072202357707,-5.721784967730748,-4.639659079423387,-11.266666666666666
39011,OH,2014,"Rural, near a metro",29.5,9.7,-3.2465322005046424,-3.8037951433967345,-2.689269257612551,-12.466666666666665
39013,OH,2014,Metro,31.2,16.8,-5.046086496931363,-5.644821100969941,-4.447351892892784,-14.666666666666664
39015,OH,2014,Metro,32.1,17.8,-4.987417669685763,-5.525890446046931,-4.448944893324599,-14.533333333333335
39017,OH,2014,Metro,32.9,13.3,-5.146857512579224,-6.171056832777951,-4.122658192380501,-13.333333333333332
39019,OH,2014,Metro,34.7,15.5,-6.4281641118870825,-7.010216517007616,-5.846111706766549,-15.100000000000005
39021,OH,2014,"Rural, near a metro",29.9,12.0,-4.629005724389873,-5.087299307562029,-4.1707121412177175,-12.433333333333334
39023,OH,2014,Metro,30.0,18.2,-5.198123772295454,-5.5858036902675545,-4.810443854323354,-12.766666666666666
39025,OH,2014,Metro,30.2,9.7,-5.131990589876279,-5.707858466518906,-4.556122713233651,-11.5
39027,OH,2014,"Rural, near a metro",29.2,17.3,-5.00109368070549,-5.684219971329221,-4.317967390081752,-13.666666666666668
39029,OH,2014,"Rural, near a metro",33.2,17.8,-6.165304478991607,-7.04555942263498,-5.285049535348231,-16.066666666666674
39031,OH,2014,"Rural, near a metro",33.6,14.4,-6.032846644768624,-6.938998118188538,-5.126695171348709,-15.3
39033,OH,2014,"Rural, near a metro",29.0,18.2,-4.637686048674275,-4.9588420425975945,-4.316530054750953,-13.100000000000001
39035,OH,2014,Metro,30.7,19.2,-4.482465446363287,-5.3756377630218735,-3.5892931297047013,-13.399999999999999
39037,OH,2014,"Rural, near a metro",32.4,14.6,-4.9883336570035794,-5.408767881624912,-4.567899432382249,-14.899999999999999
39039,OH,2014,"Rural, near a metro",33.2,11.4,-5.018622047086829,-5.430709562241523,-4.606534531932132,-14.76666666666667
39041,OH,2014,Metro,41.1,5.6,-9.264218905715433,-10.321116412371433,-8.207321399059438,-18.6
39043,OH,2014,"Rural, near a metro",31.1,15.0,-5.531645737341452,-6.13570240033147,-4.927589074351434,-15.366666666666667
39045,OH,2014,Metro,30.0,11.8,-5.310873703093153,-5.685819874007935,-4.935927532178383,-12.833333333333332
39047,OH,2014,"Rural, near a metro",27.9,17.9,-4.990139451173132,-5.3523460398042655,-4.627932862541996,-12.166666666666666
39049,OH,2014,Metro,33.9,17.7,-3.989411069515743,-6.267424004015487,-1.7113981350160001,-12.566666666666666
39051,OH,2014,Metro,34.4,10.8,-5.211431327368613,-6.0383387733440514,-4.384523881393175,-16.7
39053,OH,2014,"Rural, near a metro",29.2,20.3,-4.902185037885804,-5.335839898187989,-4.468530177583616,-11.23333333333333
39055,OH,2014,Metro,45.2,7.4,-11.480997880174993,-13.134134347644215,-9.827861412705797,-18.233333333333334
39057,OH,2014,Metro,32.2,12.8,-5.311383973559798,-5.749413948872572,-4.873353998247029,-14.133333333333336
39059,OH,2014,"Rural, near a metro",29.5,22.6,-4.8230367697412015,-5.414718378162492,-4.231355161319916,-12.933333333333334
39061,OH,2014,Metro,32.3,18.7,-5.142174069369127,-6.117216110548506,-4.167132028189744,-14.433333333333334
39063,OH,2014,"Rural, near a metro",31.3,12.6,-4.913200051216849,-5.485243541304496,-4.341156561129203,-14.366666666666667
39065,OH,2014,"Rural, near a metro",30.3,15.7,-4.973797695219647,-5.3315571952416105,-4.6160381951976825,-12.600000000000001
39067,OH,2014,"Rural, near a metro",31.4,16.5,-4.690561897786901,-5.2012068573689,-4.179916938204901,-13.666666666666664
39069,OH,2014,"Rural, near a metro",32.3,11.2,-4.720409694859713,-5.083545205400136,-4.357274184319292,-15.099999999999998
39071,OH,2014,"Rural, near a metro",29.9,21.2,-4.961481716585847,-5.544063911809636,-4.3788995213620625,-12.433333333333334
39073,OH,2014,Metro,30.3,16.2,-4.790274751635373,-5.195147023827572,-4.385402479443171,-14.133333333333333
39075,OH,2014,Remote rural,43.6,12.4,-9.503596618438735,-12.09086056066316,-6.916332676214317,-7.766666666666666
39077,OH,2014,"Rural, near a metro",34.3,14.6,-5.998189773921141,-6.491967403501458,-5.50441214434082,-14.566666666666663
39079,OH,2014,Remote rural,27.4,21.4,-4.414755362529025,-4.857966477162212,-3.971544247895838,-9.999999999999996
39081,OH,2014,Metro,29.7,18.4,-5.091313025118425,-5.666588216038556,-4.516037834198294,-14.799999999999999
39083,OH,2014,"Rural, near a metro",33.3,14.5,-5.580876800107559,-6.320861224078005,-4.8408923761371145,-15.399999999999999
39085,OH,2014,Metro,35.2,9.4,-5.696637914714669,-6.107562719095339,-5.285713110334003,-14.733333333333334
39087,OH,2014,Metro,28.5,20.6,-4.850728905059558,-5.224729697953806,-4.476728112165314,-11.866666666666664
39089,OH,2014,Metro,32.1,11.2,-5.341030875148334,-6.049036530353146,-4.633025219943524,-14.833333333333336
39091,OH,2014,"Rural, near a metro",33.5,13.2,-5.5543922134944905,-6.161813134597339,-4.946971292391642,-15.866666666666664
39093,OH,2014,Metro,31.9,14.6,-4.593482383660101,-5.338979772586562,-3.84798499473364,-14.833333333333332
39095,OH,2014,Metro,30.3,21.6,-4.785735663253219,-5.876563762843187,-3.694907563663259,-14.200000000000003
39097,OH,2014,Metro,32.0,12.2,-5.993818592808086,-6.846722385897523,-5.14091479971865,-13.666666666666668
39099,OH,2014,Metro,27.9,18.0,-4.8504208822212505,-5.577364359986372,-4.123477404456131,-11.7
39101,OH,2014,"Rural, near a metro",30.4,16.3,-5.479286450366673,-5.9859402566452875,-4.97263264408806,-14.799999999999999
39103,OH,2014,Metro,36.0,6.6,-5.71671240989378,-6.684122160296703,-4.749302659490854,-16.933333333333334
39105,OH,2014,"Rural, near a metro",29.9,20.6,-4.754152114200765,-5.247486522258897,-4.260817706142633,-12.2
39107,OH,2014,Remote rural,33.3,9.4,-4.7464174039313995,-5.184402524433598,-4.308432283429204,-15.5
39109,OH,2014,Metro,31.4,10.1,-5.161411024713796,-5.799903183611975,-4.522918865815616,-13.566666666666666
39111,OH,2014,"Rural, near a metro",34.3,16.7,-4.9450948647891,-6.046694086363788,-3.843495643214414,-15.566666666666663
39113,OH,2014,Metro,31.1,18.8,-4.6788344887869755,-5.6719952834785925,-3.685673694095359,-12.533333333333335
39115,OH,2014,"Rural, near a metro",32.1,22.8,-5.316065455360576,-5.852275857315256,-4.7798550534059,-15.033333333333335
39117,OH,2014,Metro,33.0,13.3,-5.27236000736458,-5.723225760834549,-4.821494253894609,-14.766666666666666
39119,OH,2014,"Rural, near a metro",28.3,20.6,-5.00111330669938,-5.247476282618769,-4.754750330779992,-12.833333333333332
39121,OH,2014,Remote rural,33.1,17.3,-5.461972607557788,-5.873596037544301,-5.050349177571276,-14.600000000000001
39123,OH,2014,"Rural, near a metro",36.2,10.4,-5.931198730363641,-6.5827153863853765,-5.2796820743419,-18.200000000000003
39125,OH,2014,"Rural, near a metro",33.3,12.3,-5.2775903063634715,-5.81029434797709,-4.744886264749853,-14.999999999999996
39127,OH,2014,Metro,31.7,17.8,-4.950407035557637,-5.545667217384767,-4.355146853730509,-14.533333333333331
39129,OH,2014,Metro,31.8,13.6,-5.362465717309472,-6.295667886595901,-4.429263548023048,-14.899999999999999
39131,OH,2014,Remote rural,26.9,24.3,-4.33412075156205,-4.667961331104941,-4.000280172019165,-9.399999999999999
39133,OH,2014,Metro,29.4,16.9,-4.780467248656479,-5.379138684957625,-4.181795812355332,-11.23333333333333
39135,OH,2014,"Rural, near a metro",31.9,13.1,-4.684261536079021,-5.1768657504238735,-4.19165732173417,-14.299999999999997
39137,OH,2014,"Rural, near a metro",33.3,7.2,-4.025883931573862,-4.716423890980411,-3.335343972167313,-14.899999999999999
39139,OH,2014,Metro,30.6,17.6,-5.29842985161513,-5.690396099327878,-4.906463603902375,-13.433333333333334
39141,OH,2014,"Rural, near a metro",28.2,19.4,-5.087859986836976,-5.441972004242549,-4.7337479694314055,-12.533333333333333
39143,OH,2014,"Rural, near a metro",32.9,12.9,-5.033694823369578,-5.461685760902641,-4.605703885836516,-16.7
39145,OH,2014,"Rural, near a metro",28.4,24.5,-5.061230694747746,-5.457015005737276,-4.665446383758216,-13.299999999999999
39147,OH,2014,"Rural, near a metro",31.1,13.9,-5.189480969989891,-5.934036076157813,-4.444925863821966,-14.900000000000002
39149,OH,2014,"Rural, near a metro",30.3,10.0,-4.882633066979494,-5.401173625282377,-4.36409250867661,-15.066666666666666
39151,OH,2014,Metro,29.1,15.4,-4.93854006081261,-5.735008158301149,-4.142071963324069,-13.533333333333337
39153,OH,2014,Metro,31.0,14.8,-4.890328052784235,-6.109381557636289,-3.671274547932183,-12.900000000000002
39155,OH,2014,Metro,33.2,18.7,-5.917195312842909,-6.488566497738294,-5.345824127947525,-15.566666666666666
39157,OH,2014,"Rural, near a metro",32.9,14.3,-5.745518952571444,-6.786228111748114,-4.704809793394772,-13.499999999999996
39159,OH,2014,Metro,35.0,7.8,-5.097293514128669,-5.932631410534964,-4.261955617722374,-16.8
39161,OH,2014,"Rural, near a metro",33.2,13.3,-5.066700250691749,-5.591896182356197,-4.541504319027307,-15.8
39163,OH,2014,"Rural, near a metro",27.7,22.2,-4.3258474153186866,-4.689212916440564,-3.9624819141968097,-10.633333333333333
39165,OH,2014,Metro,38.6,7.3,-7.149388905683041,-8.515291718188829,-5.783486093177254,-17.500000000000004
39167,OH,2014,"Rural, near a metro",32.9,16.3,-5.147357813490175,-5.678818362233379,-4.615897264746975,-14.966666666666665
39169,OH,2014,"Rural, near a metro",34.3,13.1,-6.506606511431653,-7.517978443502936,-5.4952345793603685,-12.533333333333328
39171,OH,2014,"Rural, near a metro",29.1,12.1,-4.7467246566176025,-5.099208664076807,-4.394240649158398,-12.233333333333338
39173,OH,2014,Metro,29.3,13.0,-4.396022047053353,-4.87757461532699,-3.914469478779719,-13.9
39175,OH,2014,Remote rural,31.7,11.2,-4.695801809225068,-5.304878983553645,-4.0867246348964885,-14.533333333333331
41001,OR,2014,Remote rural,32.0,14.5,-6.694752282346566,-7.482893836887294,-5.9066107278058375,-15.633333333333333
41003,OR,2014,Metro,26.0,20.8,-6.486522720142206,-7.7263072155030965,-5.24673822478131,-9.76666666666667
41005,OR,2014,Metro,39.3,9.7,-7.33371412576475,-9.12377405046629,-5.543654201063219,-19.699999999999996
41007,OR,2014,"Rural, near a metro",37.3,16.7,-9.201304211705336,-11.193646911103178,-7.208961512307492,-19.299999999999997
41009,OR,2014,Metro,35.1,11.8,-6.341227968270903,-7.077154680265195,-5.6053012562766105,-17.666666666666668
41011,OR,2014,Remote rural,32.8,19.6,-7.251871565555485,-8.127879139151402,-6.37586399195957,-16.666666666666664
41013,OR,2014,"Rural, near a metro",34.3,17.4,-8.302991723385714,-9.598213322715015,-7.007770124056415,-17.166666666666664
41015,OR,2014,Remote rural,32.9,18.7,-7.7634691935140125,-9.055536076997601,-6.471402310030424,-16.633333333333333
41017,OR,2014,Metro,41.5,15.2,-9.05731307927411,-10.291692140179064,-7.822934018369149,-22.166666666666668
41019,OR,2014,"Rural, near a metro",32.5,19.5,-6.946567719165591,-7.688131929280713,-6.20500350905046,-17.0
41021,OR,2014,Remote rural,37.6,11.9,-7.48106219618992,-7.998314783804204,-6.963809608575634,-22.133333333333333
41023,OR,2014,Remote rural,36.2,18.0,-9.374084413160856,-10.690207795603515,-8.057961030718207,-20.166666666666668
41025,OR,2014,Remote rural,36.7,18.1,-9.642980298814779,-11.074258422875337,-8.211702174754217,-19.400000000000002
41027,OR,2014,"Rural, near a metro",49.1,14.8,-9.706719580100721,-11.192715281945297,-8.220723878256152,-22.166666666666668
41029,OR,2014,Metro,39.5,18.7,-8.603216756051637,-10.156001861475945,-7.050431650627341,-21.666666666666668
41031,OR,2014,"Rural, near a metro",41.6,21.8,-9.894449780266985,-12.12507432884901,-7.66382523168496,-18.333333333333336
41033,OR,2014,Metro,31.1,19.4,-6.464461061725422,-7.258732710298893,-5.670189413151947,-15.366666666666667
41035,OR,2014,Remote rural,37.8,18.2,-10.079938055595823,-11.65229442136206,-8.507581689829587,-18.899999999999995
41037,OR,2014,Remote rural,39.4,20.9,-10.659758763015667,-11.68449454945469,-9.635022976576654,-19.766666666666662
41039,OR,2014,Metro,35.0,21.1,-6.609098233858389,-7.382131018530012,-5.836065449186766,-17.96666666666667
41041,OR,2014,Remote rural,37.8,20.1,-10.429438455979033,-11.467534909693097,-9.391342002264976,-18.033333333333328
41043,OR,2014,Metro,33.3,19.0,-6.496732880931263,-7.644698701309657,-5.348767060552865,-17.099999999999998
41045,OR,2014,"Rural, near a metro",41.6,29.4,-11.25543367184956,-13.555712476814858,-8.955154866884254,-19.1
41047,OR,2014,Metro,39.4,18.8,-7.4797048009700395,-8.809458705796757,-6.149950896143322,-17.833333333333336
41049,OR,2014,"Rural, near a metro",46.4,16.8,-10.693453971135924,-11.555116327007742,-9.831791615264105,-19.033333333333335
41051,OR,2014,Metro,37.6,18.2,-6.171221270555444,-7.600112450241428,-4.742330090869463,-18.96666666666667
41053,OR,2014,Metro,37.5,18.3,-9.035081601394406,-10.323159450385859,-7.747003752402957,-19.3
41055,OR,2014,Remote rural,41.8,17.1,-10.79940533471879,-11.809641291047042,-9.789169378390529,-23.299999999999997
41057,OR,2014,"Rural, near a metro",42.8,16.6,-10.547907476295977,-11.632798513223559,-9.463016439368399,-23.066666666666663
41059,OR,2014,"Rural, near a metro",40.9,17.1,-10.42746751443098,-11.704898225121054,-9.150036803740933,-17.599999999999998
41061,OR,2014,Remote rural,35.1,19.4,-8.215500276025912,-9.123504779173372,-7.307495772878453,-19.033333333333335
41063,OR,2014,Remote rural,35.5,15.1,-8.365793728809773,-9.34601028897158,-7.3855771686479565,-20.46666666666667
41065,OR,2014,"Rural, near a metro",41.5,17.2,-10.346304887062903,-12.204350646079794,-8.488259128046042,-18.266666666666666
41067,OR,2014,Metro,43.9,10.9,-8.318710262627414,-9.59379457267533,-7.043625952579502,-20.866666666666664
41069,OR,2014,Remote rural,36.4,22.6,-9.362551777713408,-10.64837378516434,-8.076729770262487,-21.733333333333334
41071,OR,2014,Metro,40.6,14.3,-10.478147506708611,-11.567897928564527,-9.388397084852695,-20.033333333333335
44001,RI,2014,Metro,39.5,8.2,-9.587968424595596,-11.113441471505023,-8.062495377686162,-23.3
44003,RI,2014,Metro,32.0,8.1,-4.874772345590757,-5.833356965968122,-3.9161877252133888,-18.866666666666667
44005,RI,2014,Metro,34.5,10.1,-5.851195623132413,-7.315384192582087,-4.387007053682738,-19.93333333333333
44007,RI,2014,Metro,34.9,18.6,-5.506816224734269,-6.397189332538129,-4.61644311693041,-17.299999999999997
44009,RI,2014,Metro,29.8,9.6,-5.053283051948005,-5.78298431566886,-4.323581788227154,-15.700000000000001
53001,WA,2014,"Rural, near a metro",52.3,17.6,-9.16287124719192,-11.748204197844396,-6.577538296539443,-19.733333333333334
53003,WA,2014,Metro,29.4,16.8,-5.693679579823735,-6.241266341496247,-5.146092818151224,-14.699999999999998
53005,WA,2014,Metro,43.5,13.2,-9.358725072065731,-10.342568841585353,-8.374881302546095,-21.399999999999995
53007,WA,2014,Metro,46.1,16.0,-9.857509860448038,-11.443601647444153,-8.27141807345193,-23.966666666666665
53009,WA,2014,Remote rural,35.4,17.5,-8.41459576252711,-9.198958453924659,-7.6302330711295605,-17.066666666666666
53011,WA,2014,Metro,38.3,12.6,-7.376848223241765,-9.254864532981083,-5.498831913502443,-19.599999999999998
53013,WA,2014,Metro,36.5,17.0,-8.543520739714651,-9.290288546156726,-7.796752933272585,-19.599999999999998
53015,WA,2014,Metro,36.1,15.9,-8.316909331561375,-9.168059178274357,-7.465759484848389,-18.866666666666667
53017,WA,2014,Metro,51.6,14.4,-9.518665751672598,-11.16231973891079,-7.875011764434389,-24.033333333333335
53019,WA,2014,Remote rural,37.8,22.1,-9.46532967051136,-11.090043668353053,-7.840615672669676,-17.566666666666663
53021,WA,2014,Metro,51.2,17.1,-7.224449442727259,-10.588334543802445,-3.86056434165206,-19.16666666666667
53023,WA,2014,"Rural, near a metro",34.1,15.1,-5.991396892407291,-6.4790801199248635,-5.503713664889726,-21.233333333333334
53025,WA,2014,Remote rural,47.7,18.4,-9.971681944301947,-11.882192688588578,-8.061171200015316,-19.233333333333334
53027,WA,2014,"Rural, near a metro",41.4,19.4,-10.058004779352174,-11.900102623807133,-8.215906934897209,-22.23333333333333
53029,WA,2014,"Rural, near a metro",34.5,10.9,-6.29168907602489,-7.447269120354956,-5.136109031694826,-17.599999999999998
53031,WA,2014,"Rural, near a metro",38.4,13.6,-9.943125279060444,-11.555456712299812,-8.33079384582107,-22.866666666666667
53033,WA,2014,Metro,39.5,12.4,-7.247546216570661,-9.14483593616099,-5.350256496980334,-19.833333333333336
53035,WA,2014,Metro,35.1,11.4,-6.142200414379316,-7.162574970849535,-5.121825857909092,-19.200000000000003
53037,WA,2014,"Rural, near a metro",36.4,19.0,-8.641074718706177,-9.99298459940332,-7.289164838009035,-19.466666666666665
53039,WA,2014,"Rural, near a metro",39.3,15.9,-10.280052850484896,-11.340383265393797,-9.219722435575992,-19.066666666666663
53041,WA,2014,"Rural, near a metro",37.3,18.9,-9.729435019849697,-11.367245923648614,-8.091624116050784,-18.799999999999997
53043,WA,2014,"Rural, near a metro",34.8,14.1,-6.788366727981781,-7.298371830429613,-6.278361625533952,-19.1
53045,WA,2014,"Rural, near a metro",43.0,18.2,-10.684729925406955,-11.692795731570119,-9.676664119243775,-20.166666666666668
53047,WA,2014,"Rural, near a metro",46.8,21.7,-9.86607416855928,-11.968143238858833,-7.764005098259735,-20.16666666666666
53049,WA,2014,Remote rural,37.7,19.0,-10.068347790608128,-10.916571154277058,-9.2201244269392,-18.333333333333332
53051,WA,2014,Metro,32.9,18.8,-6.337394203870308,-7.1728853410327,-5.50190306670792,-17.46666666666667
53053,WA,2014,Metro,34.4,14.1,-5.318819184315518,-6.111977323623542,-4.525661045007492,-16.033333333333335
53055,WA,2014,Remote rural,45.5,10.4,-10.155230279136806,-12.385717262278167,-7.924743295995437,-24.7
53057,WA,2014,Metro,41.5,16.3,-9.8819796246319,-11.632439063770265,-8.131520185493516,-18.566666666666666
53059,WA,2014,Metro,37.9,13.0,-8.252967116965648,-9.47884051898571,-7.027093714945593,-20.7
53061,WA,2014,Metro,40.1,11.2,-8.020636760142882,-9.49692195862047,-6.544351561665289,-19.433333333333334
53063,WA,2014,Metro,35.6,17.0,-7.112223095662621,-9.362636597259108,-4.861809594066138,-21.03333333333334
53065,WA,2014,Metro,37.3,16.5,-9.672152276630353,-10.74038622593577,-8.603918327324914,-20.13333333333333
53067,WA,2014,Metro,33.7,12.5,-5.447048646758883,-6.454800324451242,-4.439296969066525,-16.96666666666667
53069,WA,2014,"Rural, near a metro",40.2,14.9,-11.138204876895683,-13.103805881985963,-9.172603871805407,-22.333333333333336
53071,WA,2014,Metro,40.6,17.3,-9.86223731141228,-11.232290407563788,-8.492184215260774,-18.466666666666665
53073,WA,2014,Metro,37.5,16.4,-6.662032776590569,-8.27750670535431,-5.046558847826825,-18.866666666666664
53075,WA,2014,"Rural, near a metro",27.2,26.4,-5.067734635581048,-6.090849179260772,-4.044620091901324,-15.366666666666665
53077,WA,2014,Metro,52.5,21.1,-10.865255859988018,-14.204050250250223,-7.526461469725831,-22.13333333333333
54001,WV,2014,"Rural, near a metro",39.6,21.4,-11.530334700863621,-12.674538150362276,-10.386131251364942,-23.2
54003,WV,2014,Metro,41.7,13.2,-10.519141465620326,-12.289848265629198,-8.748434665611454,-23.233333333333338
54005,WV,2014,Metro,36.0,22.5,-9.000306565079038,-10.34709229995924,-7.653520830198834,-20.233333333333334
54007,WV,2014,"Rural, near a metro",38.8,22.3,-10.810586643264061,-11.762892954370237,-9.858280332157886,-22.299999999999997
54009,WV,2014,Metro,37.3,14.7,-8.573253922808789,-9.784259348077272,-7.362248497540298,-22.499999999999993
54011,WV,2014,Metro,37.1,23.4,-10.939859516074012,-12.430595278687441,-9.449123753460588,-22.666666666666664
54013,WV,2014,"Rural, near a metro",39.8,21.0,-11.274096002867026,-12.223617322551357,-10.324574683182684,-22.73333333333333
54015,WV,2014,Metro,37.2,23.6,-10.390390312906163,-12.03233068928414,-8.748449936528186,-20.400000000000002
54017,WV,2014,Remote rural,40.1,18.1,-12.1060361181327,-12.992663956776628,-11.219408279488768,-23.333333333333336
54019,WV,2014,Metro,39.6,22.6,-12.125055872614547,-13.890386218779224,-10.35972552644986,-23.000000000000004
54021,WV,2014,Remote rural,39.7,31.1,-10.704230679257044,-12.147731566545353,-9.260729791968732,-22.300000000000004
54023,WV,2014,Remote rural,42.5,16.7,-12.488097693301105,-13.594263852670402,-11.381931533931816,-26.033333333333335
54025,WV,2014,"Rural, near a metro",40.8,17.7,-11.626437257713093,-12.774273821576333,-10.478600693849852,-24.73333333333333
54027,WV,2014,Metro,45.2,16.9,-11.821713895943596,-13.755252365440688,-9.888175426446496,-27.333333333333336
54029,WV,2014,Metro,38.6,14.6,-10.863849272736218,-12.223673672692268,-9.504024872780175,-23.0
54031,WV,2014,"Rural, near a metro",42.1,18.0,-12.597257548807193,-14.099595070880952,-11.09492002673343,-23.2
54033,WV,2014,Remote rural,39.2,16.1,-11.193468833083992,-12.085185199233898,-10.301752466934076,-22.966666666666672
54035,WV,2014,"Rural, near a metro",39.2,18.1,-11.099208986242084,-12.022770297906971,-10.175647674577197,-22.76666666666667
54037,WV,2014,Metro,46.2,11.3,-10.978449161444017,-12.757290739536444,-9.199607583351604,-25.900000000000002
54039,WV,2014,Metro,36.5,15.3,-7.966915281387403,-9.16493576407278,-6.768894798702029,-21.53333333333333
54041,WV,2014,Remote rural,37.4,17.4,-9.618132573943509,-10.471338549350612,-8.764926598536393,-21.366666666666664
54043,WV,2014,Metro,37.5,23.7,-10.763049929937345,-12.435039639102914,-9.091060220771784,-20.933333333333334
54045,WV,2014,"Rural, near a metro",35.4,22.2,-8.546948640536286,-9.763182164109569,-7.330715116963002,-19.5
54047,WV,2014,Remote rural,36.7,36.5,-9.62879332871218,-11.282839634766853,-7.9747470226575015,-18.833333333333336
54049,WV,2014,"Rural, near a metro",38.6,15.3,-10.991961249198976,-12.053704406910372,-9.930218091487578,-22.700000000000003
54051,WV,2014,Metro,40.8,16.9,-12.468336837030728,-13.762710453845143,-11.173963220216326,-25.9
54053,WV,2014,"Rural, near a metro",32.9,22.3,-5.965947934940337,-6.755964833244147,-5.175931036636525,-18.03333333333333
54055,WV,2014,"Rural, near a metro",36.8,26.7,-10.190622671268246,-11.544114645375485,-8.837130697161006,-21.4
54057,WV,2014,Metro,39.9,16.4,-12.103866400781206,-12.98949624458968,-11.218236556972744,-24.766666666666666
54059,WV,2014,Remote rural,35.0,24.9,-8.480741652349602,-9.903750617299725,-7.057732687399494,-19.066666666666663
54061,WV,2014,Metro,34.0,19.2,-6.010135243826442,-7.692782447168282,-4.327488040484598,-19.866666666666667
54063,WV,2014,"Rural, near a metro",45.4,17.3,-11.734828103585278,-12.99641638364362,-10.473239823526928,-26.7
54065,WV,2014,"Rural, near a metro",45.3,15.4,-12.306321358687986,-13.336025064031926,-11.276617653344038,-27.299999999999997
54067,WV,2014,"Rural, near a metro",40.6,18.6,-12.497449038283895,-14.284458626949593,-10.710439449618194,-24.233333333333338
54069,WV,2014,Metro,37.8,15.3,-10.321799816322912,-11.704219213533232,-8.939380419112581,-23.766666666666666
54071,WV,2014,"Rural, near a metro",43.1,18.0,-11.488763107095805,-12.553710112163447,-10.423816102028155,-25.26666666666667
54073,WV,2014,"Rural, near a metro",39.6,15.0,-10.737069715511735,-13.284397661786784,-8.189741769236687,-24.233333333333334
54075,WV,2014,Remote rural,43.5,19.2,-12.410105781915062,-13.61338057787199,-11.206830985958128,-25.733333333333334
54077,WV,2014,Metro,42.7,17.0,-12.516753752370557,-13.483114820327987,-11.550392684413133,-24.800000000000004
54079,WV,2014,Metro,42.8,11.0,-11.360385504454682,-12.016763000496224,-10.704008008413131,-25.66666666666666
54081,WV,2014,Metro,38.2,20.2,-12.051866837435753,-13.660783131111165,-10.442950543760348,-21.36666666666667
54083,WV,2014,Remote rural,39.1,18.5,-11.35263459504494,-12.171376983131246,-10.533892206958619,-23.06666666666667
54085,WV,2014,"Rural, near a metro",43.0,19.1,-12.531733157546602,-13.957847081030462,-11.10561923406274,-23.966666666666665
54087,WV,2014,"Rural, near a metro",37.0,23.1,-10.04703619660279,-11.726260480681045,-8.36781191252453,-19.46666666666667
54089,WV,2014,"Rural, near a metro",36.4,22.6,-9.640931251716076,-11.085395693268225,-8.19646681016392,-21.266666666666666
54091,WV,2014,"Rural, near a metro",40.7,17.2,-12.637712500296205,-14.154603216124368,-11.120821784468038,-24.533333333333335
54093,WV,2014,"Rural, near a metro",43.0,16.3,-11.61618028656205,-12.492171065198317,-10.740189507925788,-26.666666666666668
54095,WV,2014,Remote rural,44.6,17.9,-12.788896293269685,-13.691182280376823,-11.886610306162543,-27.26666666666667
54097,WV,2014,Remote rural,39.0,20.6,-11.482246993216524,-13.053352609253457,-9.911141377179584,-21.933333333333334
54099,WV,2014,Metro,38.5,20.0,-11.12715003345571,-12.304912340258955,-9.949387726652475,-22.066666666666666
54101,WV,2014,Remote rural,33.9,27.1,-6.837504475792154,-7.762130808327933,-5.912878143256368,-17.633333333333333
54103,WV,2014,"Rural, near a metro",40.3,19.7,-12.304441731654626,-13.888088518900943,-10.720794944408304,-23.666666666666664
54105,WV,2014,Metro,41.1,21.3,-12.807925976167724,-14.100910798896411,-11.51494115343904,-25.16666666666667
54107,WV,2014,Metro,36.4,17.9,-8.823040122639117,-10.468449668635756,-7.177630576642478,-20.799999999999997
54109,WV,2014,"Rural, near a metro",37.3,24.3,-10.670451838745569,-12.27979265930086,-9.06111101819026,-20.266666666666662
18001,IN,2015,"Rural, near a metro",34.9,15.5,-6.6497782028541605,-7.373325348818315,-5.926231056890004,-10.7
18003,IN,2015,Metro,36.1,17.0,-6.317364481872665,-7.446575541585428,-5.188153422159901,-12.933333333333334
18005,IN,2015,Metro,39.6,11.6,-8.369482833867213,-10.183867703949954,-6.5550979637844735,-11.933333333333334
18007,IN,2015,Metro,34.7,11.9,-5.988685007699884,-6.57491674673714,-5.402453268662625,-11.3
18009,IN,2015,"Rural, near a metro",30.0,15.4,-4.802823406365601,-5.127101340298466,-4.478545472432735,-10.933333333333334
18011,IN,2015,Metro,36.0,7.3,-6.261841947345897,-6.829719201472379,-5.693964693219412,-12.133333333333336
18013,IN,2015,Metro,37.8,13.4,-8.221645982519112,-9.27586576253707,-7.167426202501151,-13.333333333333332
18015,IN,2015,Metro,39.0,10.9,-8.575989721613286,-9.542884402817933,-7.609095040408644,-14.133333333333336
18017,IN,2015,"Rural, near a metro",40.9,13.8,-10.11751361447295,-11.156382785509512,-9.078644443436376,-12.000000000000004
18019,IN,2015,Metro,34.3,11.7,-5.984817386225147,-6.525139504173343,-5.44449526827695,-12.299999999999997
18021,IN,2015,Metro,32.1,15.0,-5.195894288265163,-5.647983096495838,-4.743805480034487,-12.7
18023,IN,2015,"Rural, near a metro",37.1,14.4,-7.3992532210160435,-8.650345610578924,-6.1481608314531675,-10.166666666666668
18025,IN,2015,"Rural, near a metro",32.6,19.3,-4.989914603747697,-5.273804503276043,-4.706024704219352,-10.7
18027,IN,2015,Remote rural,39.5,13.9,-9.530516442809198,-10.205314526323948,-8.855718359294455,-7.599999999999998
18029,IN,2015,Metro,33.6,10.8,-5.2674669514854,-5.88101079578596,-4.653923107184843,-12.633333333333333
18031,IN,2015,"Rural, near a metro",29.8,12.9,-5.278410330079662,-5.837259351143291,-4.719561309016028,-10.399999999999999
18033,IN,2015,"Rural, near a metro",34.2,12.9,-5.7532087369653775,-6.289469930949747,-5.216947542981008,-13.500000000000004
18035,IN,2015,Metro,27.8,23.0,-5.2162277062177465,-5.647042351501141,-4.785413060934348,-9.866666666666667
18037,IN,2015,Remote rural,36.9,8.9,-5.911940431997148,-6.848612017668681,-4.975268846325614,-10.966666666666665
18039,IN,2015,Metro,43.4,15.5,-8.066297183417838,-9.104022147791296,-7.0285722190443725,-11.133333333333326
18041,IN,2015,"Rural, near a metro",29.6,17.3,-4.872148914779094,-5.442788709156499,-4.30150912040169,-10.36666666666667
18043,IN,2015,Metro,33.4,13.1,-5.755892150013125,-6.446880169576734,-5.0649041304495155,-14.033333333333331
18045,IN,2015,"Rural, near a metro",32.1,13.8,-5.031659854429111,-5.4688847532521985,-4.594434955606025,-11.233333333333334
18047,IN,2015,"Rural, near a metro",35.2,11.4,-6.15643389820142,-6.9223080829575085,-5.390559713445329,-12.86666666666667
18049,IN,2015,Remote rural,36.3,16.3,-7.569780299994719,-8.656529235237954,-6.483031364751482,-10.7
18051,IN,2015,"Rural, near a metro",30.8,12.0,-4.734229766837538,-5.093390383518006,-4.375069150157062,-11.8
18053,IN,2015,"Rural, near a metro",29.1,21.7,-4.992144993085663,-5.529510694587145,-4.454779291584183,-9.700000000000003
18055,IN,2015,"Rural, near a metro",31.8,13.7,-5.120475530695859,-5.541089967241976,-4.6998610941497345,-10.466666666666669
18057,IN,2015,Metro,37.8,5.5,-6.67106793064726,-7.49932276000157,-5.842813101292954,-9.933333333333334
18059,IN,2015,Metro,32.3,6.5,-5.239251759184735,-5.94280416916715,-4.535699349202327,-12.166666666666664
18061,IN,2015,Metro,33.6,13.0,-5.549012096177388,-6.006932158646092,-5.091092033708686,-11.966666666666665
18063,IN,2015,Metro,36.1,6.4,-6.037017277913928,-7.023525251347171,-5.050509304480683,-11.833333333333336
18065,IN,2015,"Rural, near a metro",29.5,17.2,-4.975547602764779,-5.5571890650148195,-4.393906140514742,-10.899999999999999
18067,IN,2015,Metro,30.7,15.8,-5.317492332331323,-5.925212235816462,-4.709772428846177,-11.466666666666665
18069,IN,2015,"Rural, near a metro",29.6,13.0,-4.6967040444546155,-5.253305753612167,-4.140102335297063,-8.733333333333338
18071,IN,2015,"Rural, near a metro",40.0,12.9,-9.500059472534378,-10.594336097383064,-8.405782847685693,-15.3
18073,IN,2015,Metro,35.6,10.7,-6.024922114002113,-6.553068822297179,-5.496775405707048,-12.666666666666668
18075,IN,2015,"Rural, near a metro",32.2,16.0,-5.207954170307959,-5.517416711803117,-4.898491628812803,-11.666666666666668
18077,IN,2015,"Rural, near a metro",31.8,15.3,-5.47379666691678,-5.88886365227525,-5.058729681558316,-11.600000000000001
18079,IN,2015,"Rural, near a metro",30.8,16.9,-5.446214927429385,-5.900552004181687,-4.991877850677085,-11.066666666666666
18081,IN,2015,Metro,32.8,11.8,-5.1910164100073155,-5.722766023911128,-4.659266796103501,-9.299999999999997
18083,IN,2015,Remote rural,29.1,15.9,-5.045935667805459,-5.535658494081316,-4.556212841529606,-10.26666666666667
18085,IN,2015,"Rural, near a metro",39.1,12.7,-8.363413826891659,-10.053648992735503,-6.673178661047828,-11.26666666666667
18087,IN,2015,"Rural, near a metro",49.5,12.7,-9.358095392953658,-11.586228902233634,-7.129961883673685,-8.300000000000004
18089,IN,2015,Metro,35.7,17.8,-5.503762123084844,-7.084029412783228,-3.9234948333864583,-13.166666666666671
18091,IN,2015,Metro,32.6,17.0,-5.498955611628039,-6.144290791659212,-4.853620431596865,-11.033333333333335
18093,IN,2015,"Rural, near a metro",31.7,12.9,-5.085549366625387,-5.474154576733941,-4.696944156516832,-11.133333333333333
18095,IN,2015,Metro,30.5,19.6,-4.930244475234528,-5.317205760399529,-4.543283190069527,-10.966666666666669
18097,IN,2015,Metro,34.5,21.3,-4.486820859524083,-5.362394332557658,-3.611247386490512,-9.433333333333334
18099,IN,2015,"Rural, near a metro",42.1,13.8,-10.544952227528727,-12.189527265834997,-8.900377189222471,-12.633333333333333
18101,IN,2015,Remote rural,33.9,14.9,-5.411220760799121,-5.814251346954003,-5.008190174644238,-11.833333333333336
18103,IN,2015,"Rural, near a metro",31.9,17.7,-5.7895585267341625,-6.486961883749704,-5.092155169718621,-11.166666666666664
18105,IN,2015,Metro,26.0,24.0,-4.865213206984265,-5.447915666210221,-4.282510747758314,-7.533333333333331
18107,IN,2015,"Rural, near a metro",35.2,12.5,-5.983931057727067,-6.481044178973148,-5.486817936480984,-9.533333333333335
18109,IN,2015,Metro,34.0,12.7,-5.956404968638972,-6.7681635323500045,-5.144646404927937,-13.366666666666664
18111,IN,2015,Metro,34.8,11.4,-5.627119753731078,-5.955081399587095,-5.299158107875063,-8.366666666666664
18113,IN,2015,"Rural, near a metro",40.5,13.6,-10.356812154866097,-11.062346973950229,-9.651277335781954,-14.933333333333337
18115,IN,2015,Metro,32.6,10.5,-4.647195825578472,-5.165829265701877,-4.1285623854550675,-13.300000000000004
18117,IN,2015,"Rural, near a metro",30.2,16.8,-4.902062723813752,-5.3243345784091405,-4.479790869218367,-10.066666666666666
18119,IN,2015,Metro,32.4,15.0,-5.255594845131918,-5.58696858782504,-4.924221102438797,-9.93333333333333
18121,IN,2015,"Rural, near a metro",37.0,17.2,-9.38069043779558,-10.341730902921109,-8.419649972670056,-13.5
18123,IN,2015,"Rural, near a metro",31.9,14.2,-5.156466700144229,-5.409597299433038,-4.903336100855421,-12.566666666666666
18125,IN,2015,"Rural, near a metro",31.3,12.3,-4.5329866266339085,-5.007673366480342,-4.058299886787475,-10.233333333333334
18127,IN,2015,Metro,33.8,11.7,-5.198815089451876,-6.007080728149338,-4.3905494507544205,-11.2
18129,IN,2015,Metro,30.3,9.6,-2.956450634910772,-3.392151684537456,-2.5207495852840864,-9.466666666666669
18131,IN,2015,"Rural, near a metro",33.1,14.3,-5.436034325349245,-5.695517950937951,-5.176550699760549,-11.400000000000002
18133,IN,2015,Metro,33.2,13.2,-5.647721986536294,-6.4727411440892775,-4.822702828983313,-13.166666666666668
18135,IN,2015,"Rural, near a metro",33.0,18.1,-5.75181905995907,-6.331395444474696,-5.172242675443445,-12.533333333333335
18137,IN,2015,"Rural, near a metro",30.2,10.2,-4.543695249160781,-5.165076714482248,-3.922313783839315,-9.166666666666668
18139,IN,2015,"Rural, near a metro",32.6,12.8,-5.282954186863794,-5.815933510785629,-4.7499748629419605,-9.866666666666667
18141,IN,2015,Metro,34.6,20.1,-5.380669057795708,-6.157772291088673,-4.603565824502742,-10.3
18143,IN,2015,Metro,29.0,17.0,-4.848061184788319,-5.283360634359004,-4.412761735217633,-9.86666666666667
18145,IN,2015,Metro,31.3,12.6,-5.264838521446802,-5.744101044891787,-4.785575998001817,-9.133333333333333
18147,IN,2015,"Rural, near a metro",33.6,10.5,-5.096864034808639,-5.72312973390276,-4.4705983357145085,-11.2
18149,IN,2015,"Rural, near a metro",31.5,19.4,-5.044692455925538,-5.532293206798883,-4.557091705052191,-10.433333333333334
18151,IN,2015,Remote rural,33.1,12.3,-5.369643820545988,-5.92018616668873,-4.819101474403242,-10.666666666666668
18153,IN,2015,Metro,32.0,18.3,-5.168968195027702,-5.510045528152579,-4.827890861902823,-11.033333333333335
18155,IN,2015,"Rural, near a metro",31.5,19.9,-4.971504782504578,-5.32800857895046,-4.615000986058696,-8.900000000000002
18157,IN,2015,Metro,28.4,19.6,-4.080176519580577,-5.423711845401445,-2.736641193759709,-6.399999999999999
18159,IN,2015,"Rural, near a metro",32.6,10.3,-5.545838373666877,-6.325880699456386,-4.765796047877371,-10.633333333333333
18161,IN,2015,Metro,30.3,13.1,-4.524953316868847,-5.0665323421412864,-3.9833742915964088,-10.366666666666667
18163,IN,2015,Metro,28.2,18.7,-4.846633853273491,-5.75384030424976,-3.9394274022972198,-9.233333333333334
18165,IN,2015,Metro,30.8,13.9,-4.713339183558249,-5.180353327217767,-4.246325039898736,-11.966666666666669
18167,IN,2015,Metro,30.6,23.9,-5.768896440637397,-6.60122540324931,-4.936567478025484,-11.933333333333334
18169,IN,2015,"Rural, near a metro",29.8,14.2,-4.714820315633729,-5.239950767530019,-4.189689863737436,-9.600000000000001
18171,IN,2015,"Rural, near a metro",34.5,9.9,-5.282630216501477,-6.100965603814313,-4.46429482918864,-13.433333333333334
18173,IN,2015,Metro,34.0,7.9,-5.11840062142124,-5.742602395563673,-4.494198847278809,-11.400000000000002
18175,IN,2015,Metro,32.5,15.5,-5.813537350007601,-6.449886179693759,-5.177188520321441,-10.866666666666664
18177,IN,2015,Remote rural,30.9,23.0,-5.25915615030458,-6.10120914802916,-4.417103152579991,-9.099999999999998
18179,IN,2015,Metro,32.0,11.8,-4.892863134937833,-5.343240909805612,-4.4424853600700605,-11.76666666666667
18181,IN,2015,"Rural, near a metro",36.0,12.4,-6.236314132803424,-6.897466603662283,-5.575161661944565,-10.36666666666667
18183,IN,2015,Metro,32.7,8.9,-4.893635275920156,-5.418668861502126,-4.368601690338187,-10.36666666666667
33001,NH,2015,"Rural, near a metro",30.5,9.3,-5.641555328345573,-6.52019120091725,-4.762919455773901,-13.666666666666668
33003,NH,2015,"Rural, near a metro",33.1,10.4,-6.442915105938875,-7.39571968935831,-5.490110522519439,-14.066666666666666
33005,NH,2015,"Rural, near a metro",27.1,11.4,-4.892020005260265,-5.575764400781897,-4.208275609738631,-11.000000000000004
33007,NH,2015,Remote rural,28.3,14.8,-5.51862911608594,-6.433401536293359,-4.603856695878515,-13.666666666666668
33009,NH,2015,Remote rural,30.2,11.1,-5.860393154592419,-6.58380844728419,-5.136977861900657,-11.06666666666667
33011,NH,2015,Metro,31.2,9.3,-5.203136140128212,-6.212670061027982,-4.19360221922844,-12.399999999999999
33013,NH,2015,"Rural, near a metro",28.2,9.1,-5.3319182940157885,-6.234797027721381,-4.429039560310198,-10.966666666666665
33015,NH,2015,Metro,30.6,5.9,-5.3380545405786215,-6.087490753540469,-4.588618327616776,-13.0
33017,NH,2015,Metro,28.7,9.8,-5.704322254906761,-6.854386980870525,-4.554257528942995,-11.73333333333333
33019,NH,2015,Remote rural,27.6,10.4,-4.75428181299189,-5.19559664915,-4.312966976833778,-12.500000000000002
42001,PA,2015,Metro,28.3,9.5,-3.8753934808111894,-4.675961262907696,-3.0748256987146827,-9.200000000000003
42003,PA,2015,Metro,22.1,13.5,-1.2851485094901802,-2.7094093096192973,0.13911229063893682,-9.500000000000002
42005,PA,2015,Metro,22.7,14.7,-2.103733417399759,-2.7154657093743486,-1.49200112542517,-10.266666666666667
42007,PA,2015,Metro,22.6,11.3,-1.688170840423985,-2.5749805111667845,-0.8013611696811862,-10.633333333333335
42009,PA,2015,"Rural, near a metro",26.2,13.5,-3.584978784765419,-4.303367545290765,-2.866590024240068,-11.7
42011,PA,2015,Metro,29.9,14.0,-4.577149221509773,-5.540043589474714,-3.6142548535448387,-11.933333333333334
42013,PA,2015,Metro,21.7,16.2,-2.023724834357738,-2.6917497415171274,-1.355699927198349,-10.166666666666668
42015,PA,2015,"Rural, near a metro",24.2,13.5,-3.7545546861987362,-4.276270660679636,-3.2328387117178394,-9.133333333333331
42017,PA,2015,Metro,27.2,6.4,-2.9386228000088406,-3.992141374600937,-1.8851042254167436,-9.266666666666666
42019,PA,2015,Metro,22.9,9.4,-1.6534296330788532,-2.23552553830048,-1.0713337278572257,-10.266666666666666
42021,PA,2015,Metro,20.5,16.2,-1.8391579781324117,-2.6019041144375663,-1.076411841827258,-8.766666666666666
42023,PA,2015,Remote rural,23.5,14.6,-2.2322188531820735,-2.6870829344168325,-1.7773547719473155,-11.433333333333332
42025,PA,2015,Metro,25.2,14.1,-3.277152849731843,-3.981215745087755,-2.573089954375929,-11.633333333333331
42027,PA,2015,Metro,18.7,18.4,-1.2599053876895836,-2.1487108782176607,-0.3710998971615048,-4.433333333333334
42029,PA,2015,Metro,34.8,7.0,-5.316600058587163,-6.103509359518285,-4.529690757656043,-11.36666666666666
42031,PA,2015,"Rural, near a metro",23.1,18.7,-3.41723519001261,-3.8467497138092503,-2.987720666215972,-9.733333333333334
42033,PA,2015,"Rural, near a metro",23.0,16.5,-2.6593798950145673,-3.3241229111642863,-1.9946368788648492,-9.800000000000002
42035,PA,2015,"Rural, near a metro",22.9,14.2,-3.182924749464188,-3.8327667562990304,-2.5330827426293445,-8.999999999999998
42037,PA,2015,Metro,21.4,17.1,-1.89196107302289,-2.7491025215036036,-1.0348196245421772,-8.899999999999999
42039,PA,2015,"Rural, near a metro",26.2,14.4,-4.678662876638597,-5.106512345713558,-4.250813407563632,-10.566666666666666
42041,PA,2015,Metro,27.1,8.6,-2.880722209629237,-3.85769252748336,-1.9037518917751157,-9.76666666666667
42043,PA,2015,Metro,26.0,13.8,-3.917731096768463,-4.683851948631455,-3.15161024490547,-10.600000000000001
42045,PA,2015,Metro,28.0,10.9,-4.833890697564085,-5.845584826038322,-3.8221965690898427,-10.900000000000002
42047,PA,2015,Remote rural,22.6,9.8,-1.9144338771443368,-2.2953104531195754,-1.5335573011691002,-10.333333333333336
42049,PA,2015,Metro,24.7,17.9,-4.637891038165343,-5.44061418480405,-3.8351678915266367,-11.8
42051,PA,2015,Metro,21.4,19.2,-3.4844690708029673,-4.480812298026832,-2.4881258435791027,-9.299999999999999
42053,PA,2015,Remote rural,26.1,24.5,-2.9529022057868644,-4.021906224762272,-1.8838981868114564,-12.200000000000001
42055,PA,2015,Metro,31.1,11.8,-5.216304653702231,-5.793300248890241,-4.639309058514217,-11.666666666666668
42057,PA,2015,"Rural, near a metro",23.7,12.5,-2.3519602969074076,-2.915321837456604,-1.7885987563582075,-8.366666666666665
42059,PA,2015,"Rural, near a metro",21.2,16.3,-1.8745899947475628,-2.4836456752103557,-1.2655343142847681,-8.7
42061,PA,2015,"Rural, near a metro",24.2,14.8,-2.6357738050555506,-3.21568806636678,-2.0558595437443197,-11.7
42063,PA,2015,"Rural, near a metro",24.3,14.7,-3.458435825496046,-3.9344872047088817,-2.98238444628321,-10.433333333333334
42065,PA,2015,Remote rural,21.9,15.5,-2.0879773089182687,-2.48081535306893,-1.6951392647676076,-7.1
42067,PA,2015,"Rural, near a metro",28.9,11.8,-4.3850568124597515,-4.899357620397464,-3.870756004522032,-11.033333333333328
42069,PA,2015,Metro,23.1,14.8,-2.9037703823288554,-3.402838138173223,-2.404702626484488,-9.266666666666667
42071,PA,2015,Metro,30.3,10.5,-4.44656518874197,-5.4867888051937435,-3.4063415722902004,-9.866666666666667
42073,PA,2015,"Rural, near a metro",22.1,13.8,-1.839207629254823,-2.4104269291513707,-1.2679883293582774,-9.366666666666667
42075,PA,2015,Metro,27.6,11.2,-3.8369435474174924,-4.445605871114972,-3.2282812237200105,-9.633333333333336
42077,PA,2015,Metro,30.4,14.2,-4.771779323233604,-5.619849489488156,-3.923709156979054,-11.999999999999996
42079,PA,2015,Metro,25.4,16.1,-3.983301376528275,-4.564326476152437,-3.4022762769041135,-10.666666666666664
42081,PA,2015,Metro,25.2,14.0,-4.790043011593303,-5.315187131665057,-4.264898891521549,-12.6
42083,PA,2015,Remote rural,23.0,19.0,-2.750350140217155,-3.4296188865064536,-2.071081393927857,-10.9
42085,PA,2015,Metro,22.5,14.1,-2.1295570690643446,-2.9064228328587616,-1.3526913052699268,-8.866666666666667
42087,PA,2015,"Rural, near a metro",26.5,14.5,-4.230132136562217,-4.579902706513794,-3.8803615666106412,-9.733333333333334
42089,PA,2015,Metro,29.9,12.0,-4.611413724563042,-5.193770788436158,-4.029056660689921,-11.599999999999998
42091,PA,2015,Metro,27.4,6.8,-2.4603690213033502,-3.413989966265114,-1.5067480763415895,-9.533333333333331
42093,PA,2015,Metro,25.4,10.3,-2.103201594903749,-2.7096276588454,-1.4967755309620956,-11.466666666666667
42095,PA,2015,Metro,28.2,10.1,-4.281439047156096,-5.001390664187648,-3.561487430124542,-11.0
42097,PA,2015,"Rural, near a metro",25.9,14.7,-4.93730196487818,-5.497432776656833,-4.377171153099528,-13.199999999999998
42099,PA,2015,Metro,28.5,10.2,-4.537384576470433,-4.839094557951399,-4.2356745949894625,-11.066666666666666
42101,PA,2015,Metro,25.9,26.0,-3.5221891308957933,-4.6706509839902886,-2.37372727780129,-9.566666666666666
42103,PA,2015,Metro,31.2,10.4,-4.802949046342286,-5.3724738299921695,-4.233424262692403,-11.2
42105,PA,2015,Remote rural,22.2,15.4,-2.3239617434456132,-2.858424262579715,-1.7894992243115104,-8.266666666666667
42107,PA,2015,"Rural, near a metro",24.2,13.6,-3.494180304544278,-4.469371430464463,-2.5189891786240963,-10.433333333333334
42109,PA,2015,Remote rural,29.8,12.0,-5.019264891979528,-5.663716824320025,-4.374812959639028,-11.466666666666669
42111,PA,2015,"Rural, near a metro",24.3,12.7,-3.4961957082127637,-4.158892452741971,-2.8334989636835526,-9.633333333333335
42113,PA,2015,"Rural, near a metro",29.0,14.3,-4.626701657139595,-5.03826098229117,-4.215142331988021,-12.633333333333333
42115,PA,2015,"Rural, near a metro",27.2,14.4,-4.059495942810341,-4.6067089503109235,-3.5122829353097584,-10.433333333333334
42117,PA,2015,"Rural, near a metro",24.9,13.2,-3.71017927822203,-4.2473783839332855,-3.1729801725107696,-9.33333333333333
42119,PA,2015,"Rural, near a metro",25.2,13.5,-3.970329278913526,-4.988963908929438,-2.951694648897608,-8.533333333333331
42121,PA,2015,"Rural, near a metro",23.5,15.8,-2.9290975972410442,-3.3209129035549902,-2.5372822909270956,-10.333333333333334
42123,PA,2015,"Rural, near a metro",22.6,14.2,-2.059651647165499,-2.520253584530616,-1.5990497098003842,-9.333333333333336
42125,PA,2015,Metro,24.0,10.9,-1.7699537327779695,-2.4671944396402647,-1.072713025915673,-11.166666666666666
42127,PA,2015,"Rural, near a metro",24.4,11.8,-3.221990995319285,-3.985377936604399,-2.4586040540341703,-9.33333333333333
42129,PA,2015,Metro,22.5,10.7,-1.5354060764352666,-2.3883208099770004,-0.6824913428935324,-9.966666666666669
42131,PA,2015,Metro,24.5,11.3,-2.717633969865015,-3.155220179359052,-2.2800477603709783,-10.966666666666667
42133,PA,2015,Metro,23.9,10.8,-2.5592852241865303,-3.5423653983366505,-1.5762050500364084,-7.599999999999998
02013,AK,2016,Remote rural,62.7,15.2,-6.433428391892483,-9.029130950038647,-3.8377258337463127,-6.800000000000004
02016,AK,2016,Remote rural,44.7,8.1,-6.540117388675334,-8.88302017361439,-4.197214603736262,-4.199999999999996
02020,AK,2016,Metro,32.4,7.7,-5.724366691006923,-6.793807649571255,-4.654925732442599,-4.43333333333333
02050,AK,2016,Remote rural,37.7,25.1,-8.162795621939535,-9.201319292923163,-7.1242719509559045,-9.000000000000004
02060,AK,2016,Remote rural,37.8,9.5,-7.4346154159058475,-9.106026315941534,-5.763204515870161,-7.133333333333329
02068,AK,2016,"Rural, near a metro",51.3,5.4,-7.357139554436055,-9.20107609687221,-5.513203011999897,-13.93333333333333
02070,AK,2016,Remote rural,37.7,20.9,-7.9501505357299855,-9.079569239273704,-6.820731832186257,-9.566666666666666
02090,AK,2016,Metro,31.6,8.8,-5.916346958614167,-6.7713194437494835,-5.0613744734788515,-5.033333333333335
02100,AK,2016,Remote rural,43.4,11.4,-10.188291151681264,-11.411304056891925,-8.965278246470604,-9.433333333333337
02105,AK,2016,Remote rural,41.6,19.2,-9.913826422632386,-12.052626545896299,-7.775026299368456,-4.266666666666666
02110,AK,2016,Remote rural,37.5,7.5,-7.182968668753809,-8.441449331308693,-5.924488006198925,-7.100000000000005
02122,AK,2016,Remote rural,37.7,10.1,-8.295852854467869,-9.696572112200421,-6.895133596735317,-6.666666666666671
02130,AK,2016,Remote rural,38.0,10.3,-8.1440666237006,-9.255558384041562,-7.032574863359648,-6.833333333333332
02150,AK,2016,Remote rural,44.2,8.5,-7.95162599066496,-10.474540789862044,-5.428711191467884,-4.000000000000007
02158,AK,2016,Remote rural,35.8,34.7,-7.567647819144012,-8.83318486892669,-6.302110769361337,-7.833333333333329
02164,AK,2016,Remote rural,44.6,17.3,-8.618088988232465,-10.402614251795985,-6.833563724668952,-8.600000000000001
02170,AK,2016,Metro,39.0,9.4,-7.671637685343313,-8.914949308379278,-6.428326062307358,-8.266666666666666
02180,AK,2016,Remote rural,38.5,26.3,-8.222933950626198,-9.14934240221377,-7.2965254990386255,-8.0
02185,AK,2016,Remote rural,42.5,13.3,-7.965309445232293,-10.107331367238874,-5.823287523225709,-6.199999999999996
02188,AK,2016,Remote rural,43.0,23.3,-8.620629829794755,-10.013856909816067,-7.227402749773442,-9.866666666666667
02220,AK,2016,Remote rural,42.0,9.8,-8.825463221603165,-11.197670120619847,-6.453256322586485,-5.56666666666667
02230,AK,2016,Remote rural,38.2,4.2,-8.334014051864758,-8.934569068491815,-7.733459035237697,-7.266666666666669
02240,AK,2016,Remote rural,42.9,16.1,-8.929296288008072,-10.934407992057054,-6.924184583959087,-2.3999999999999986
02282,AK,2016,Remote rural,52.6,16.7,-8.225399717248745,-9.584117970024588,-6.866681464472892,-20.366666666666667
02290,AK,2016,Remote rural,47.1,24.4,-10.240191434897117,-10.958036128196246,-9.52234674159798,-11.900000000000006
30001,MT,2016,Remote rural,31.5,17.1,-7.638989304606019,-8.545475560897295,-6.732503048314751,-10.26666666666667
30003,MT,2016,"Rural, near a metro",42.4,27.6,-9.366011942940432,-10.754865584662884,-7.977158301217979,-12.366666666666664
30005,MT,2016,Remote rural,37.8,28.2,-9.110865271584125,-10.064121867456352,-8.157608675711897,-13.23333333333333
30007,MT,2016,Remote rural,33.4,13.3,-7.368015788689718,-8.113952802017346,-6.622078775362085,-11.43333333333333
30009,MT,2016,Metro,34.4,12.6,-7.38192349205605,-8.375679062745455,-6.3881679213666445,-12.333333333333332
30011,MT,2016,Remote rural,36.8,15.5,-9.152614123305181,-10.006864455469,-8.298363791141359,-14.366666666666664
30013,MT,2016,Metro,29.1,15.7,-7.5717143666768925,-8.415286709395035,-6.728142023958757,-10.56666666666667
30015,MT,2016,"Rural, near a metro",38.0,21.8,-10.224674693211156,-11.267117481947414,-9.1822319044749,-14.333333333333332
30017,MT,2016,Remote rural,28.6,12.8,-6.594132456022675,-7.118652783896445,-6.069612128148897,-10.866666666666667
30019,MT,2016,Remote rural,36.4,9.3,-7.17308347058636,-7.823487758939333,-6.522679182233391,-13.999999999999996
30021,MT,2016,Remote rural,30.5,11.9,-6.331863069050114,-7.0897713998693925,-5.573954738230834,-12.433333333333334
30023,MT,2016,Remote rural,30.1,17.7,-7.360865777684252,-8.203731573749083,-6.51799998161942,-12.000000000000004
30025,MT,2016,Remote rural,29.3,7.8,-5.637998491962651,-6.8111913318496144,-4.46480565207568,-9.733333333333334
30027,MT,2016,Remote rural,32.6,14.4,-7.325589731295522,-8.508739684200156,-6.142439778390899,-11.26666666666667
30029,MT,2016,Remote rural,28.9,16.7,-7.002336889588899,-8.289361740240905,-5.71531203893689,-9.3
30031,MT,2016,Remote rural,24.6,14.0,-6.1446775402268194,-7.427578589339595,-4.861776491114046,-7.933333333333334
30033,MT,2016,Remote rural,31.7,17.3,-7.861629359559155,-8.75999574154465,-6.963262977573667,-11.0
30035,MT,2016,Remote rural,43.3,31.0,-9.464671438211518,-10.922520739320728,-8.006822137102306,-12.433333333333334
30037,MT,2016,Metro,33.6,19.6,-8.081357518399278,-8.75872023079148,-7.403994806007065,-14.400000000000002
30039,MT,2016,"Rural, near a metro",36.6,15.9,-9.011115942749669,-9.642664862196545,-8.379567023302789,-13.100000000000001
30041,MT,2016,Remote rural,32.6,18.5,-7.7621352868149724,-8.636414568623511,-6.887856005006429,-11.000000000000004
30043,MT,2016,Remote rural,32.2,10.5,-6.421467425015274,-7.256010290076844,-5.586924559953706,-9.400000000000002
30045,MT,2016,"Rural, near a metro",29.1,14.3,-6.815219743283874,-7.88365905673467,-5.746780429833086,-10.666666666666668
30047,MT,2016,"Rural, near a metro",41.5,20.3,-10.541215747081639,-12.098376994183615,-8.984054499979665,-16.23333333333333
30049,MT,2016,Remote rural,26.6,12.6,-6.163826081468966,-7.179906173045924,-5.147745989892008,-8.900000000000002
30051,MT,2016,Remote rural,30.8,23.0,-7.300847545669593,-8.42365060820997,-6.1780444831292245,-6.200000000000003
30053,MT,2016,Remote rural,33.5,17.6,-8.009355579347817,-8.788335782348412,-7.230375376347216,-12.433333333333334
30055,MT,2016,Remote rural,37.3,15.5,-9.848828804061773,-10.71072107558698,-8.98693653253657,-14.266666666666662
30057,MT,2016,Remote rural,31.9,12.2,-7.159786146960977,-8.259091547923404,-6.06048074599855,-7.199999999999999
30059,MT,2016,Remote rural,32.1,19.6,-7.917464660753651,-8.719724264574996,-7.1152050569322975,-13.866666666666667
30061,MT,2016,"Rural, near a metro",30.6,18.1,-7.527524383290232,-8.476415373449287,-6.578633393131181,-11.133333333333333
30063,MT,2016,Metro,24.6,17.4,-6.554351516710907,-8.108191680599893,-5.000511352821916,-7.966666666666669
30065,MT,2016,"Rural, near a metro",32.1,17.0,-7.506321355922225,-8.563751724997385,-6.448890986847064,-10.2
30067,MT,2016,Remote rural,29.6,13.8,-7.217637401872282,-8.113323305816593,-6.321951497927971,-10.333333333333332
30069,MT,2016,Remote rural,33.3,14.8,-8.349076010870041,-9.02849182572258,-7.669660196017502,-15.299999999999997
30071,MT,2016,Remote rural,34.9,18.1,-8.807573804028358,-9.516146789874824,-8.099000818181906,-12.399999999999999
30073,MT,2016,Remote rural,38.2,20.1,-10.589132500708681,-11.366186556016057,-9.812078445401312,-15.900000000000002
30075,MT,2016,Remote rural,33.8,12.4,-7.291483838343673,-8.218244266852466,-6.364723409834874,-11.099999999999998
30077,MT,2016,"Rural, near a metro",31.9,20.0,-7.726280901510193,-8.34331561926602,-7.109246183754364,-12.066666666666666
30079,MT,2016,Remote rural,34.0,12.7,-7.5704693769773845,-8.685808082868434,-6.455130671086343,-12.566666666666663
30081,MT,2016,"Rural, near a metro",37.4,19.8,-10.12458711592532,-10.979721230006936,-9.269453001843713,-14.566666666666666
30083,MT,2016,Remote rural,37.6,7.7,-7.563005977801423,-8.055557038327125,-7.070454917275719,-14.700000000000006
30085,MT,2016,Remote rural,43.5,26.6,-9.376294500356677,-10.715464036279698,-8.037124964433637,-12.8
30087,MT,2016,Remote rural,37.3,19.5,-8.807720671983663,-9.731660708149807,-7.883780635817523,-11.866666666666664
30089,MT,2016,"Rural, near a metro",37.6,21.9,-10.07180725045126,-11.36663673605262,-8.7769777648499,-14.2
30091,MT,2016,Remote rural,31.8,10.4,-6.757365071264647,-7.518096778911944,-5.996633363617348,-9.433333333333337
30093,MT,2016,Remote rural,26.1,20.0,-6.901167028988565,-8.372181308727189,-5.43015274924994,-8.400000000000002
30095,MT,2016,"Rural, near a metro",33.8,9.5,-6.632505828044153,-7.248197264247755,-6.016814391840546,-13.266666666666666
30097,MT,2016,Remote rural,28.1,12.2,-6.638227997127887,-7.743454434216727,-5.533001560039049,-8.966666666666672
30099,MT,2016,"Rural, near a metro",34.8,15.1,-7.944729090584402,-8.99634163106142,-6.893116550107386,-13.13333333333333
30101,MT,2016,Remote rural,32.7,16.9,-7.446011468012164,-8.45911696005113,-6.432905975973201,-11.200000000000003
30103,MT,2016,"Rural, near a metro",39.1,11.3,-9.535680303636633,-10.205023115552338,-8.866337491720925,-15.366666666666667
30105,MT,2016,Remote rural,35.3,13.3,-8.232724440319991,-8.81551288749702,-7.649935993142964,-12.866666666666664
30107,MT,2016,Remote rural,40.6,19.7,-10.529392682903383,-12.270584758725855,-8.78820060708089,-14.400000000000002
30109,MT,2016,Remote rural,40.2,11.0,-10.698719488831882,-11.868884331608465,-9.528554646055301,-17.16666666666667
30111,MT,2016,Metro,30.6,12.9,-6.929134038206996,-7.661960281839483,-6.196307794574509,-12.666666666666668
22001,LA,2017,Metro,28.0,19.0,-8.444323367200184,-9.542786863989187,-7.34585987041118,-9.566666666666666
22003,LA,2017,"Rural, near a metro",27.1,19.8,-8.828710756608276,-9.624010274081995,-8.033411239134562,-8.133333333333336
22005,LA,2017,Metro,29.9,11.1,-7.3950745787452945,-8.326349330974702,-6.463799826515885,-8.399999999999999
22007,LA,2017,"Rural, near a metro",28.3,18.2,-8.336111287816744,-9.546380907871448,-7.125841667762042,-7.300000000000001
22009,LA,2017,"Rural, near a metro",24.0,23.8,-8.761659444013782,-9.626689465303802,-7.896629422723773,-5.733333333333334
22011,LA,2017,"Rural, near a metro",31.5,16.6,-8.03715422170251,-8.835286714963278,-7.239021728441745,-9.833333333333332
22013,LA,2017,"Rural, near a metro",24.2,23.9,-8.42449364932048,-9.33941824823272,-7.509569050408258,-7.633333333333333
22015,LA,2017,Metro,24.6,14.6,-6.651920239432462,-8.66496172451107,-4.638878754353858,-5.266666666666669
22017,LA,2017,Metro,26.0,22.0,-8.205608043567167,-9.548150327056026,-6.863065760078316,-10.199999999999998
22019,LA,2017,Metro,27.7,16.6,-8.12704486678421,-9.46396219858894,-6.790127534979485,-7.966666666666669
22021,LA,2017,"Rural, near a metro",30.5,23.4,-8.615637911059832,-9.100852487188932,-8.13042333493073,-8.633333333333336
22023,LA,2017,Metro,33.5,13.3,-7.131268771572592,-8.018658929544452,-6.243878613600723,-7.366666666666664
22025,LA,2017,Remote rural,28.6,24.3,-9.024867734497644,-9.953782257717627,-8.095953211277674,-9.933333333333334
22027,LA,2017,"Rural, near a metro",26.0,30.7,-8.898916684492676,-9.725685312257156,-8.072148056728185,-7.266666666666666
22029,LA,2017,Remote rural,24.8,30.6,-8.757852515926253,-9.604962852036675,-7.91074217981583,-7.433333333333337
22031,LA,2017,Metro,27.7,23.5,-8.777961744239278,-9.85573429350994,-7.700189194968623,-7.933333333333334
22033,LA,2017,Metro,25.3,20.8,-7.108464198153951,-8.49886599945838,-5.718062396849522,-6.133333333333333
22035,LA,2017,Remote rural,20.6,44.8,-8.004032906819496,-8.957696571117827,-7.050369242521163,-6.8000000000000025
22037,LA,2017,Metro,24.5,20.6,-7.164352762797012,-8.477701717953721,-5.8510038076403,-6.733333333333331
22039,LA,2017,"Rural, near a metro",24.0,27.6,-8.131097796711053,-8.775873071904876,-7.486322521517234,-6.266666666666666
22041,LA,2017,Remote rural,29.5,29.1,-9.00266043907843,-9.915507404788201,-8.08981347336865,-10.133333333333336
22043,LA,2017,Metro,27.4,21.2,-8.06590452366236,-9.038237853477444,-7.093571193847272,-8.566666666666663
22045,LA,2017,Metro,28.7,20.2,-8.405507403449059,-8.99326544018212,-7.817749366715988,-8.23333333333333
22047,LA,2017,Metro,24.5,25.7,-8.428983213879876,-9.465948647310915,-7.392017780448841,-7.233333333333334
22049,LA,2017,"Rural, near a metro",28.6,21.2,-8.473943404749475,-9.397485690882734,-7.550401118616209,-10.200000000000003
22051,LA,2017,Metro,34.4,18.9,-5.7572281537155465,-7.421684501746629,-4.092771805684462,-7.966666666666665
22053,LA,2017,"Rural, near a metro",28.8,18.0,-8.593698701523783,-9.385203504319334,-7.802193898728242,-9.100000000000001
22055,LA,2017,Metro,30.3,15.6,-7.623486127966456,-8.717241166347454,-6.52973108958545,-10.033333333333335
22057,LA,2017,Metro,38.8,16.5,-9.744971520106585,-11.892237446262758,-7.597705593950424,-15.433333333333326
22059,LA,2017,"Rural, near a metro",28.1,20.9,-8.250347880860673,-9.277921185678197,-7.222774576043139,-4.699999999999999
22061,LA,2017,"Rural, near a metro",27.3,32.2,-8.66866828174905,-9.659300622250024,-7.6780359412480745,-7.566666666666666
22063,LA,2017,Metro,29.5,14.3,-7.240215518121288,-8.466022652388723,-6.014408383853858,-8.266666666666666
22065,LA,2017,Remote rural,20.1,40.8,-7.995271436727148,-8.97428560329121,-7.016257270163074,-5.633333333333335
22067,LA,2017,"Rural, near a metro",21.7,27.6,-8.61998542694627,-9.299390912891546,-7.940579941001005,-5.633333333333333
22069,LA,2017,"Rural, near a metro",28.4,27.7,-8.474616314882246,-9.397464455820646,-7.551768173943842,-11.23333333333333
22071,LA,2017,Metro,22.3,26.6,-7.087682553117979,-7.901269314698128,-6.274095791537832,-5.466666666666669
22073,LA,2017,Metro,23.4,23.8,-8.331445547401483,-9.268046408040496,-7.394844686762471,-7.199999999999999
22075,LA,2017,Metro,34.5,15.4,-6.718752742553447,-8.092133595137803,-5.345371889969085,-10.366666666666664
22077,LA,2017,Metro,27.0,20.2,-8.523165237423997,-9.512295946125539,-7.534034528722456,-7.400000000000002
22079,LA,2017,Metro,27.0,19.7,-7.900857371468755,-8.50951629764726,-7.292198445290246,-8.200000000000003
22081,LA,2017,"Rural, near a metro",24.5,23.5,-8.737066288759667,-9.517610775760422,-7.956521801758923,-7.666666666666668
22083,LA,2017,"Rural, near a metro",25.9,27.5,-8.876717869036224,-9.7733284770163,-7.980107261056137,-7.600000000000001
22085,LA,2017,"Rural, near a metro",30.7,21.8,-8.55718771195659,-9.205812917393391,-7.9085625065197975,-8.400000000000002
22087,LA,2017,Metro,24.1,21.9,-7.099006505072202,-7.86738736106149,-6.330625649082914,-3.6333333333333364
22089,LA,2017,Metro,27.9,13.8,-6.688979695386483,-8.34891294611536,-5.029046444657607,-6.899999999999999
22091,LA,2017,Metro,28.8,25.8,-8.860504299147697,-9.759788554561704,-7.961220043733688,-9.066666666666666
22093,LA,2017,Metro,27.6,16.2,-7.816842759400364,-8.920994199271101,-6.712691319529627,-9.933333333333334
22095,LA,2017,Metro,27.7,18.5,-7.806757831659115,-8.761735543943837,-6.851780119374387,-7.966666666666665
22097,LA,2017,"Rural, near a metro",25.3,27.1,-8.323457242610417,-9.341148186780961,-7.305766298439873,-7.633333333333333
22099,LA,2017,Metro,29.6,19.4,-8.57514173498989,-9.51572179923417,-7.634561670745606,-9.400000000000002
22101,LA,2017,"Rural, near a metro",29.6,22.3,-8.321813265093157,-9.168595253160614,-7.475031277025699,-9.3
22103,LA,2017,Metro,31.1,11.0,-7.0531916671116655,-8.377208310982553,-5.729175023240779,-8.100000000000001
22105,LA,2017,Metro,26.2,22.2,-8.207062776128998,-9.322287751750718,-7.091837800507275,-7.366666666666667
22107,LA,2017,Remote rural,25.8,33.3,-8.919179834706398,-9.73424868883843,-8.104110980574365,-8.966666666666669
22109,LA,2017,Metro,34.4,15.2,-7.2773637091351056,-9.266826710911438,-5.287900707358781,-11.333333333333332
22111,LA,2017,Metro,28.7,24.6,-8.529492197898696,-9.260677034892582,-7.79830736090482,-9.166666666666668
22113,LA,2017,Metro,30.6,18.6,-8.33324859525971,-9.402781136401062,-7.263716054118364,-9.566666666666666
22115,LA,2017,Remote rural,23.1,17.3,-5.476549210531238,-6.134955790166262,-4.818142630896217,-7.733333333333336
22117,LA,2017,"Rural, near a metro",26.2,25.4,-8.791368098296292,-9.75375813538073,-7.82897806121184,-8.266666666666666
22119,LA,2017,Metro,24.4,23.7,-8.578531550396708,-9.405935646836596,-7.7511274539568085,-7.066666666666666
22121,LA,2017,Metro,25.3,16.4,-7.016623500485506,-8.632632070485865,-5.400614930485148,-7.466666666666669
22123,LA,2017,Remote rural,28.1,23.4,-8.64005662636149,-9.573033491741096,-7.707079760981877,-7.900000000000002
22125,LA,2017,Metro,25.2,24.4,-7.19547667217462,-8.329204841705057,-6.061748502644189,-7.766666666666666
22127,LA,2017,"Rural, near a metro",26.8,27.3,-8.803802751792558,-9.710094015853874,-7.897511487731243,-8.700000000000003
23001,ME,2019,Metro,19.1,16.5,-3.9184718103887186,-4.702013276252698,-3.1349303445247436,-2.833333333333332
23003,ME,2019,Remote rural,23.7,16.4,-4.413685867689845,-4.704343093856795,-4.123028641522896,-5.43333333333333
23005,ME,2019,Metro,21.8,12.1,-4.033098157827264,-4.489922981405488,-3.5762733342490347,-3.7666666666666693
23007,ME,2019,"Rural, near a metro",21.1,15.5,-3.5466702475839917,-3.8754064245681343,-3.217934070599852,-2.400000000000002
23009,ME,2019,"Rural, near a metro",24.3,14.3,-4.153896182878619,-4.649551556545008,-3.658240809212238,-3.2666666666666657
23011,ME,2019,"Rural, near a metro",18.4,14.8,-2.261529925639704,-2.931798052996304,-1.5912617982831039,-0.9999999999999964
23013,ME,2019,Remote rural,22.7,14.1,-4.111460122656831,-4.603422775792589,-3.619497469521072,-4.100000000000001
23015,ME,2019,"Rural, near a metro",26.5,13.3,-4.553878357052929,-5.1528383029981395,-3.9549184111077142,-4.5
23017,ME,2019,"Rural, near a metro",21.1,15.0,-3.876731781462378,-4.262319110798554,-3.491144452126202,-4.133333333333333
23019,ME,2019,Metro,21.1,15.9,-4.273492933834177,-4.55382525287356,-3.993160614794793,-4.033333333333335
23021,ME,2019,"Rural, near a metro",21.4,17.6,-3.752484390331028,-4.122556095219296,-3.382412685442762,-3.099999999999998
23023,ME,2019,Metro,20.9,12.1,-2.1363375626112218,-2.609259737544011,-1.6634153876784317,-1.533333333333335
23025,ME,2019,"Rural, near a metro",21.2,17.8,-3.8117611782348324,-4.247029231841886,-3.376493124627777,-3.633333333333333
23027,ME,2019,"Rural, near a metro",22.4,16.8,-3.8585769001774604,-4.211807361077398,-3.5053464392775275,-2.966666666666665
23029,ME,2019,Remote rural,26.1,18.8,-5.37196904322465,-5.958235302870641,-4.785702783578664,-5.300000000000001
23031,ME,2019,Metro,20.3,10.0,-3.2902219723144492,-3.88717839637562,-2.6932655482532777,-2.1666666666666714
51001,VA,2019,"Rural, near a metro",34.0,19.3,-6.2671637119337085,-7.687515611187765,-4.846811812679653,-8.633333333333336
51003,VA,2019,Metro,28.5,9.5,-5.434481007103195,-5.928937205604462,-4.940024808601925,-5.033333333333331
51005,VA,2019,"Rural, near a metro",21.8,13.7,-3.6272581178543675,-4.458209629715271,-2.7963066059934643,-5.933333333333334
51007,VA,2019,Metro,28.4,12.1,-6.087182702615994,-6.876688415011483,-5.297676990220507,-8.43333333333333
51009,VA,2019,Metro,25.1,14.2,-6.09133616271028,-6.707920088156022,-5.474752237264542,-6.433333333333334
51011,VA,2019,Metro,23.6,16.2,-5.610373131711359,-6.213435227737253,-5.0073110356854675,-4.633333333333333
51013,VA,2019,Metro,28.0,8.5,-4.948642921838253,-6.270378459223399,-3.626907384453106,-5.5
51015,VA,2019,Metro,25.1,8.9,-4.990710492030277,-5.721202033813112,-4.260218950247439,-5.800000000000001
51017,VA,2019,"Rural, near a metro",28.0,11.7,-4.073736667866871,-4.930091756633646,-3.217381579100093,-9.7
51019,VA,2019,Metro,26.2,8.9,-5.302018451273874,-5.838239274746537,-4.765797627801212,-7.966666666666665
51021,VA,2019,"Rural, near a metro",22.7,15.0,-2.441219037574416,-3.1218837705755753,-1.760554304573252,-7.133333333333331
51023,VA,2019,Metro,24.5,7.4,-3.117930376455726,-3.953904750895414,-2.281956002016044,-5.800000000000001
51025,VA,2019,"Rural, near a metro",22.4,21.7,-6.751421368461895,-7.625898016527394,-5.876944720396402,-7.1999999999999975
51027,VA,2019,Remote rural,20.7,24.4,-5.017676408166416,-5.608453729305087,-4.42689908702775,-6.966666666666665
51029,VA,2019,Metro,25.0,22.8,-7.041107949700464,-7.934892889833025,-6.147323009567902,-8.133333333333336
51031,VA,2019,Metro,25.6,13.3,-5.707754863159965,-6.650347267332707,-4.765162458987227,-7.566666666666666
51033,VA,2019,Metro,26.5,14.5,-6.16445792827145,-7.2046352122106745,-5.12428064433222,-6.866666666666664
51035,VA,2019,Remote rural,24.2,16.5,-4.444466035466173,-4.994250946655652,-3.8946811242766914,-5.033333333333331
51036,VA,2019,Metro,32.1,12.2,-6.367845747619944,-7.0787084296501925,-5.6569830655896824,-7.533333333333335
51037,VA,2019,"Rural, near a metro",24.7,19.7,-6.801863178417069,-7.403903267424633,-6.199823089409502,-7.566666666666663
51041,VA,2019,Metro,30.8,8.0,-4.470873130870186,-5.666464192173149,-3.2752820695672247,-6.966666666666669
51043,VA,2019,Metro,32.1,7.9,-5.878196295880427,-6.755290340775527,-5.00110225098533,-10.833333333333336
51045,VA,2019,Metro,19.8,12.9,-1.9010715019329807,-2.3226196610868177,-1.479523342779145,-4.033333333333335
51047,VA,2019,Metro,32.4,10.1,-5.724652063521663,-6.732061261932903,-4.717242865110426,-8.366666666666667
51049,VA,2019,"Rural, near a metro",23.4,18.2,-6.328629243225449,-7.132228310444328,-5.525030176006576,-7.199999999999999
51051,VA,2019,Remote rural,19.6,21.8,-3.504463984253674,-4.152970811153832,-2.855957157353516,-6.033333333333333
51053,VA,2019,Metro,25.1,14.5,-5.8730910442269995,-6.878218774065581,-4.867963314388419,-6.833333333333336
51057,VA,2019,"Rural, near a metro",23.6,15.5,-6.065518061338867,-6.780158104903042,-5.350878017774691,-5.966666666666669
51059,VA,2019,Metro,36.9,6.0,-5.862726026239348,-7.356094043599841,-4.369358008878865,-5.699999999999999
51061,VA,2019,Metro,36.6,7.0,-6.924338823395642,-8.317545540516814,-5.531132106274475,-9.133333333333333
51063,VA,2019,Metro,27.2,14.2,-5.074567822799368,-5.6549266514113645,-4.494208994187372,-7.066666666666663
51065,VA,2019,Metro,29.5,8.2,-5.90947908041909,-6.577252865784705,-5.241705295053479,-8.066666666666666
51067,VA,2019,Metro,24.7,14.4,-5.540780990144001,-6.266168595753382,-4.815393384534628,-6.866666666666667
51069,VA,2019,Metro,32.3,7.9,-5.548545824746166,-6.761887302113662,-4.335204347378671,-7.333333333333329
51071,VA,2019,Metro,21.2,13.3,-2.9004508316107773,-3.4116344232226568,-2.3892672399988997,-4.399999999999999
51073,VA,2019,Metro,26.0,10.6,-5.302616523926762,-5.842366856102956,-4.762866191750574,-7.533333333333335
51075,VA,2019,Metro,30.9,7.5,-5.094866744160065,-6.1556444805872985,-4.034089007732827,-10.266666666666662
51077,VA,2019,Remote rural,22.8,18.3,-4.88384119721214,-5.427516176896633,-4.340166217527646,-6.06666666666667
51079,VA,2019,Metro,31.9,11.5,-5.82178724517084,-6.458845264084245,-5.184729226257441,-7.699999999999999
51081,VA,2019,"Rural, near a metro",22.3,26.3,-4.989432191537782,-6.330937765370054,-3.6479266177055116,-10.633333333333335
51083,VA,2019,"Rural, near a metro",21.4,22.2,-6.458959082439017,-7.014020985490882,-5.903897179387153,-5.433333333333332
51085,VA,2019,Metro,27.3,5.6,-4.915425605479497,-5.660464612541312,-4.170386598417683,-7.566666666666666
51087,VA,2019,Metro,29.0,11.3,-5.125192284577947,-6.111412138550412,-4.138972430605477,-7.466666666666669
51089,VA,2019,"Rural, near a metro",26.6,18.5,-6.405717431420277,-7.714828979036899,-5.096605883803659,-10.26666666666667
51091,VA,2019,"Rural, near a metro",29.8,14.6,-5.715075069306095,-6.637878514753141,-4.792271623859047,-10.933333333333334
51093,VA,2019,Metro,24.6,10.6,-5.643248109887552,-6.2792132022400935,-5.007283017535007,-5.433333333333337
51095,VA,2019,Metro,26.7,7.5,-5.131491663929395,-5.602091081089423,-4.660892246769363,-6.033333333333335
51097,VA,2019,"Rural, near a metro",29.5,13.4,-6.220988591646089,-6.74182887422654,-5.700148309065636,-8.899999999999999
51099,VA,2019,"Rural, near a metro",23.0,7.9,-3.1349904357201304,-4.438905604070493,-1.8310752673697708,-6.066666666666666
51101,VA,2019,Metro,26.1,9.1,-5.642140264847467,-6.423086389268994,-4.861194140425939,-7.766666666666669
51103,VA,2019,Remote rural,27.8,15.2,-5.8374468730294335,-6.6392012235085724,-5.035692522550296,-8.100000000000001
51105,VA,2019,"Rural, near a metro",18.8,29.0,-4.991174108586816,-5.841888934198182,-4.140459282975452,-5.266666666666669
51107,VA,2019,Metro,40.6,3.8,-7.9005342178235285,-8.707706552798097,-7.093361882848961,-10.333333333333336
51109,VA,2019,"Rural, near a metro",30.9,11.7,-6.174974512702183,-7.362889902996489,-4.987059122407871,-9.3
51111,VA,2019,Remote rural,28.3,21.4,-6.61943314834309,-7.39840971351638,-5.840456583169796,-7.5
51113,VA,2019,"Rural, near a metro",27.5,12.7,-5.610824229742285,-6.237608578549229,-4.984039880935341,-6.099999999999998
51115,VA,2019,Metro,25.3,10.5,-4.622552526710554,-5.183202487926016,-4.061902565495098,-5.300000000000001
51117,VA,2019,Remote rural,21.1,17.1,-6.150052827651261,-6.864965342718074,-5.435140312584441,-3.633333333333333
51119,VA,2019,"Rural, near a metro",23.4,15.5,-5.322249282164446,-6.048445472744383,-4.596053091584508,-4.399999999999999
51121,VA,2019,Metro,19.2,23.4,-4.477563538384413,-5.492229246353279,-3.4628978304155447,-4.499999999999998
51125,VA,2019,Metro,28.6,15.8,-5.821014805152852,-6.447442669882254,-5.194586940423455,-6.800000000000001
51127,VA,2019,Metro,29.4,6.7,-5.774322868182605,-6.292009538942993,-5.256636197422217,-4.833333333333332
51131,VA,2019,"Rural, near a metro",27.3,22.4,-5.9581381380436325,-6.672948405286917,-5.243327870800345,-8.366666666666667
51133,VA,2019,Remote rural,26.8,16.1,-6.041362377151148,-7.015110343615204,-5.067614410687091,-6.899999999999999
51135,VA,2019,"Rural, near a metro",24.7,23.5,-6.916906747303911,-7.553784937799705,-6.280028556808123,-8.166666666666668
51137,VA,2019,"Rural, near a metro",27.7,10.4,-5.758851418742162,-6.382329956072011,-5.135372881412312,-6.166666666666668
51139,VA,2019,"Rural, near a metro",23.7,15.3,-4.975210126462769,-5.370059372180794,-4.58036088074474,-5.699999999999999
51141,VA,2019,"Rural, near a metro",24.7,19.4,-5.652207613690768,-6.049891019579053,-5.254524207802486,-8.2
51143,VA,2019,"Rural, near a metro",24.1,15.2,-6.137041206902655,-6.95250962391574,-5.32157278988957,-7.0000000000000036
51145,VA,2019,Metro,30.0,7.7,-5.8396916361991265,-6.210913925234131,-5.468469347164119,-6.833333333333332
51147,VA,2019,"Rural, near a metro",21.2,23.5,-6.960253392144658,-7.836999379552266,-6.08350740473705,-7.199999999999999
51149,VA,2019,Metro,24.1,12.9,-4.116410101285868,-5.397303324000757,-2.835516878570977,-8.000000000000004
51153,VA,2019,Metro,42.2,7.0,-7.573558211952424,-10.271588587500023,-4.87552783640484,-11.566666666666666
51155,VA,2019,Metro,20.1,15.7,-3.030069123238707,-3.9552726854936497,-2.1048655609837637,-5.9
51157,VA,2019,Metro,33.3,10.3,-6.02953681729238,-6.76538768729729,-5.293685947287479,-8.7
51159,VA,2019,Remote rural,27.5,20.3,-5.901336455293911,-6.620806291204387,-5.181866619383428,-9.166666666666668
51161,VA,2019,Metro,24.4,7.7,-4.109515158675317,-4.879097150761961,-3.3399331665886702,-6.833333333333332
51163,VA,2019,"Rural, near a metro",23.8,13.6,-4.7608103581640115,-5.394053581601167,-4.127567134726856,-5.966666666666669
51165,VA,2019,Metro,29.8,9.6,-5.096682555251415,-6.012504129082718,-4.1808609814201105,-4.5
51167,VA,2019,Remote rural,18.8,18.8,-3.0905367231607626,-4.0056664653541105,-2.175406980967416,-5.100000000000003
51169,VA,2019,Metro,19.8,18.4,-3.2726380410674976,-3.8385715397438593,-2.706704542391139,-5.333333333333334
51171,VA,2019,"Rural, near a metro",27.6,11.6,-4.891511065119098,-5.79663395307773,-3.986388177160471,-7.06666666666667
51173,VA,2019,Remote rural,20.5,17.3,-4.386996159858671,-5.168531878828338,-3.6054604408890083,-6.766666666666666
51175,VA,2019,"Rural, near a metro",22.1,16.7,-5.319765537776016,-6.140680299858005,-4.498850775694019,-6.633333333333333
51177,VA,2019,Metro,31.3,7.7,-5.516586601564804,-6.8191407839144915,-4.214032419215119,-8.066666666666666
51179,VA,2019,Metro,29.5,6.4,-5.2085923524986875,-6.040214496637256,-4.376970208360117,-6.066666666666663
51181,VA,2019,"Rural, near a metro",23.7,13.6,-4.238701307038965,-5.770821050398502,-2.7065815636794173,-6.333333333333336
51183,VA,2019,Metro,25.1,24.0,-6.83396224759188,-7.7105922143581225,-5.957332280825629,-11.766666666666667
51185,VA,2019,Remote rural,21.1,17.5,-5.06638391884569,-5.692987119627312,-4.439780718064063,-7.2666666666666675
51187,VA,2019,Metro,28.1,12.0,-5.6423676646541185,-6.538650970961707,-4.746084358346523,-6.800000000000001
51191,VA,2019,Metro,23.5,14.9,-4.435937717494813,-4.841466418114627,-4.030409016874995,-7.166666666666668
51193,VA,2019,"Rural, near a metro",27.6,15.3,-6.03884514892385,-7.013061797533737,-5.06462850031396,-8.000000000000004
51195,VA,2019,Remote rural,20.0,19.3,-5.278425376456008,-5.8552123343077875,-4.701638418604234,-6.4
51197,VA,2019,"Rural, near a metro",22.2,15.1,-4.859901370201294,-5.455485337941361,-4.264317402461235,-6.9
51199,VA,2019,Metro,26.8,6.0,-5.102287412249732,-5.529900864714708,-4.6746739597847515,-7.400000000000002
51510,VA,2019,Metro,37.5,8.8,-6.905016786169204,-7.920671251887107,-5.889362320451303,-10.433333333333334
51520,VA,2019,Metro,18.5,21.6,-4.077555297400586,-4.686505985552877,-3.468604609248299,-6.033333333333333
51530,VA,2019,"Rural, near a metro",18.3,17.2,-2.343599669202081,-3.455013638611228,-1.2321856997929317,-3.7666666666666675
51540,VA,2019,Metro,18.5,22.9,-5.144564184917677,-5.769539647243143,-4.519588722592211,-2.566666666666668
51550,VA,2019,Metro,22.6,9.6,-4.320881381454998,-5.235965865064332,-3.405796897845668,-2.733333333333338
51570,VA,2019,Metro,23.3,10.8,-4.9138016208298065,-5.83841241928187,-3.989190822377746,-7.133333333333333
51580,VA,2019,"Rural, near a metro",20.6,16.9,-4.0293791902312694,-5.150198157711126,-2.908560222751409,-7.833333333333336
51590,VA,2019,"Rural, near a metro",19.5,25.0,-6.380334917873327,-7.111425320689884,-5.649244515056774,-6.566666666666668
51595,VA,2019,"Rural, near a metro",16.5,26.0,-3.698881089950062,-4.76776074130873,-2.6300014385913952,-4.5
51600,VA,2019,Metro,39.2,7.3,-8.357889317359094,-9.153640013703518,-7.562138621014673,-8.066666666666666
51610,VA,2019,Metro,25.4,3.0,-2.9428343808228568,-3.714669923445696,-2.170998838200019,-4.166666666666664
51620,VA,2019,"Rural, near a metro",16.1,21.9,-3.26986157246641,-4.608897639455035,-1.9308255054777856,-4.900000000000004
51630,VA,2019,Metro,24.9,17.5,-4.883307993912967,-6.222628841996025,-3.5439871458299095,-5.366666666666664
51640,VA,2019,Remote rural,28.8,22.8,-5.064942703124943,-6.178959985604601,-3.9509254206452837,-8.0
51650,VA,2019,Metro,18.6,15.6,-3.530187872780285,-4.907270250461649,-2.153105495098921,-4.866666666666667
51660,VA,2019,Metro,23.8,29.3,-4.967303095321651,-6.254878850361879,-3.6797273402814183,-5.399999999999999
51670,VA,2019,Metro,22.2,22.6,-6.175678270865178,-7.152795701638045,-5.198560840092309,-8.866666666666665
51678,VA,2019,"Rural, near a metro",18.7,24.3,-2.6739379123595945,-3.576614987301664,-1.7712608374175232,-5.2666666666666675
51680,VA,2019,Metro,20.6,22.6,-5.895211662109339,-7.044415973119983,-4.746007351098684,-6.733333333333334
51683,VA,2019,Metro,43.2,10.1,-7.309218835208601,-9.450952437959554,-5.167485232457663,-5.966666666666669
51685,VA,2019,Metro,41.3,8.4,-7.872602716611563,-9.301413514399783,-6.443791918823338,-6.133333333333333
51690,VA,2019,"Rural, near a metro",19.3,25.8,-5.003777076103608,-6.173430513951199,-3.834123638256016,-6.533333333333335
51700,VA,2019,Metro,22.6,17.5,-4.87554857653482,-6.263637497557804,-3.487459655511826,-7.2666666666666675
51710,VA,2019,Metro,22.8,23.3,-5.085735351217073,-6.334617223224495,-3.8368534792096467,-6.100000000000001
51720,VA,2019,Remote rural,17.7,22.0,-2.542861127626824,-3.5491599753315244,-1.5365622799221246,-6.4
51730,VA,2019,Metro,18.5,28.1,-6.220482067241903,-7.708504200927111,-4.732459933556697,-5.866666666666665
51735,VA,2019,Metro,22.0,5.5,-1.9798262532630275,-2.51308786867658,-1.4465646378494745,-2.5666666666666664
51740,VA,2019,Metro,19.3,20.9,-5.982614015155752,-6.881704809902707,-5.083523220408801,-6.533333333333335
51750,VA,2019,Metro,12.9,31.3,-2.7693898747120933,-3.7578887701320856,-1.7808909792921002,-2.533333333333333
51760,VA,2019,Metro,22.9,25.4,-5.369772672829456,-7.117510941198939,-3.6220344044599777,-6.300000000000001
51770,VA,2019,Metro,24.9,23.3,-6.308425060890994,-7.939098471744613,-4.677751650037369,-7.833333333333332
51775,VA,2019,Metro,19.0,10.1,-1.9494682430835442,-2.4771839236947732,-1.4217525624723168,-3.333333333333334
51790,VA,2019,Metro,19.6,15.8,-4.2824922668777,-5.0818312746434,-3.483153259112,-3.4666666666666686
51800,VA,2019,Metro,21.5,11.5,-5.0792683032749535,-5.779361289998601,-4.37917531655131,-5.266666666666666
51810,VA,2019,Metro,25.0,9.0,-4.29034924687886,-5.222941820323422,-3.357756673434297,-6.600000000000001
51820,VA,2019,Metro,24.1,16.7,-5.35882293470215,-6.073175613076824,-4.644470256327484,-6.300000000000001
51830,VA,2019,Metro,20.4,21.1,-3.744168181863792,-4.39185565713539,-3.0964807065921915,-5.7333333333333325
51840,VA,2019,Metro,31.7,14.1,-5.8527478059730695,-6.802515472106295,-4.902980139839844,-9.333333333333336
16001,ID,2020,Metro,26.4,13.6,-4.142303439140317,-4.963859422277471,-3.320747456003169,-8.333333333333332
16003,ID,2020,Remote rural,29.7,17.3,-6.159718545879665,-7.152252543594655,-5.1671845481646725,-9.899999999999999
16005,ID,2020,Metro,25.7,17.7,-5.087368894904316,-6.47691549782467,-3.6978222919839596,-9.0
16007,ID,2020,Remote rural,25.2,13.0,-3.7219249545588067,-4.141828280660898,-3.3020216284567137,-4.800000000000001
16009,ID,2020,"Rural, near a metro",28.1,16.5,-5.484808583487129,-6.228221531060465,-4.7413956359137925,-7.333333333333332
16011,ID,2020,"Rural, near a metro",32.4,14.1,-6.358242523852833,-7.865317968663139,-4.851167079042536,-9.966666666666665
16013,ID,2020,Remote rural,47.8,9.9,-9.266811706622523,-10.718985593741625,-7.814637819503428,-14.399999999999999
16015,ID,2020,Metro,28.3,14.9,-4.632267800840534,-4.907511561041699,-4.357024040639373,-6.0
16017,ID,2020,"Rural, near a metro",25.1,17.0,-4.96706441539715,-5.517495287499524,-4.416633543294776,-4.533333333333335
16019,ID,2020,Metro,26.1,12.0,-4.469831336116012,-5.435073732649258,-3.5045889395827707,-5.700000000000003
16021,ID,2020,Remote rural,33.1,17.8,-6.7628022538196735,-7.436312852809184,-6.089291654830172,-9.499999999999996
16023,ID,2020,Metro,23.1,17.1,-3.623837556525699,-4.236942170513692,-3.010732942537703,-5.033333333333335
16025,ID,2020,Remote rural,24.8,13.1,-5.198507799758774,-5.763306596522046,-4.633709002995501,2.633333333333333
16027,ID,2020,Metro,32.5,20.1,-6.53173497135096,-8.378380924544961,-4.685089018156956,-9.166666666666668
16029,ID,2020,"Rural, near a metro",29.1,11.1,-3.8119628928026317,-4.433660019234368,-3.1902657663708998,-7.666666666666668
16031,ID,2020,Remote rural,37.5,15.3,-8.575138270698902,-10.856200966275527,-6.294075575122278,-10.866666666666664
16033,ID,2020,Remote rural,50.4,17.5,-9.771309916879199,-12.353199710261073,-7.1894201234973245,-9.566666666666663
16035,ID,2020,"Rural, near a metro",30.1,17.8,-5.597932434918851,-6.3399662875602365,-4.855898582277464,-12.3
16037,ID,2020,"Rural, near a metro",27.0,14.3,-5.040374169236138,-5.71554508083974,-4.365203257632534,-6.400000000000002
16039,ID,2020,"Rural, near a metro",31.7,16.6,-5.461179644051359,-6.706898403640676,-4.215460884462041,-10.333333333333336
16041,ID,2020,Metro,31.4,12.3,-5.7022424650711185,-6.2480020990519245,-5.156482831090312,-8.666666666666664
16043,ID,2020,"Rural, near a metro",36.4,16.7,-8.209123392827918,-9.350607584719043,-7.067639200936797,-9.8
16045,ID,2020,Metro,29.9,18.4,-5.550246958496824,-6.212192279217109,-4.8883016377765385,-7.099999999999998
16047,ID,2020,Remote rural,39.7,16.3,-10.135512796929042,-11.429262389507796,-8.841763204350292,-8.733333333333334
16049,ID,2020,"Rural, near a metro",29.5,15.8,-5.869167421235169,-6.9853138149752665,-4.753021027495069,-9.26666666666667
16051,ID,2020,Metro,35.2,13.1,-6.3471068517200715,-7.411254796697893,-5.28295890674225,-10.400000000000002
16053,ID,2020,Remote rural,44.8,15.3,-9.681954775665439,-10.984323571180509,-8.379585980150354,-11.899999999999999
16055,ID,2020,Metro,26.8,13.3,-5.14300691877469,-6.059148778276219,-4.226865059273164,-7.200000000000003
16057,ID,2020,"Rural, near a metro",22.1,18.1,-3.9925477449923688,-4.445278123111023,-3.5398173668737143,-5.56666666666667
16059,ID,2020,Remote rural,27.1,18.0,-4.843572163708559,-5.444078604283848,-4.243065723133268,-8.166666666666668
16061,ID,2020,"Rural, near a metro",26.9,17.0,-5.881613777330291,-6.6399303437654,-5.123297210895183,-8.133333333333333
16063,ID,2020,Remote rural,42.9,15.6,-10.183157406210212,-11.351372300728213,-9.014942511692196,-11.599999999999998
16065,ID,2020,"Rural, near a metro",14.9,29.1,-2.250793729842998,-3.0577979599059986,-1.4437894997799963,-2.033333333333333
16067,ID,2020,Remote rural,39.9,14.4,-10.451432357104707,-11.61481113575816,-9.288053578451258,-8.299999999999994
16069,ID,2020,Metro,25.0,13.4,-4.78144558496706,-5.604600568332424,-3.9582906016016928,-6.599999999999998
16071,ID,2020,"Rural, near a metro",29.0,13.8,-4.37755950658292,-4.825875303791617,-3.929243709374224,-8.633333333333333
16073,ID,2020,Metro,43.0,18.4,-9.997786031050701,-11.528581777004158,-8.466990285097244,-14.866666666666664
16075,ID,2020,"Rural, near a metro",35.8,17.6,-8.11417087515011,-10.038065480211392,-6.190276270088829,-12.366666666666664
16077,ID,2020,"Rural, near a metro",41.1,17.6,-10.586780361944136,-12.461674143634912,-8.711886580253351,-11.600000000000001
16079,ID,2020,"Rural, near a metro",24.3,19.4,-5.242428909706381,-5.998451134464047,-4.486406684948707,-7.0
16081,ID,2020,Remote rural,37.5,12.8,-7.5090267874544185,-8.22849935787137,-6.78955421703747,-4.5
16083,ID,2020,Remote rural,31.1,16.0,-5.8122504122320375,-7.0583096941767565,-4.566191130287322,-6.833333333333332
16085,ID,2020,"Rural, near a metro",28.6,11.7,-5.149993436925539,-5.595368115162653,-4.704618758688422,-6.100000000000001
16087,ID,2020,"Rural, near a metro",35.0,17.9,-7.736806659625656,-8.989853718252814,-6.48375960099849,-13.900000000000002
49001,UT,2020,Remote rural,26.5,10.6,-4.499601717336588,-4.972884686589045,-4.026318748084129,-1.100000000000005
49003,UT,2020,Metro,24.7,10.4,-3.1556779471668217,-4.022337658997832,-2.2890182353358126,-4.199999999999999
49005,UT,2020,Metro,19.0,14.2,-1.8603644961426038,-2.8052792228182835,-0.9154497694669241,-0.43333333333333357
49007,UT,2020,Remote rural,18.9,16.1,-1.8952645106407526,-2.5630844219290125,-1.2274445993524907,-2.5333333333333314
49009,UT,2020,Remote rural,18.1,7.5,-1.9692190719179021,-2.390296321956642,-1.5481418218791612,1.533333333333335
49011,UT,2020,Metro,23.8,8.2,-2.9693209535498624,-3.9486206255384504,-1.9900212815612708,-4.533333333333331
49013,UT,2020,Remote rural,25.6,10.5,-5.1455242906829,-5.86843907841823,-4.4226095029475685,-4.333333333333336
49015,UT,2020,Remote rural,21.5,13.0,-1.569479651736027,-2.1426607579731325,-0.9962985454989203,-1.1333333333333329
49017,UT,2020,Remote rural,30.7,12.0,-4.93268148719348,-5.482251927491023,-4.383111046895941,-7.133333333333333
49019,UT,2020,Remote rural,31.4,14.8,-5.35343410306246,-6.381287258663396,-4.3255809474615186,-4.4999999999999964
49021,UT,2020,"Rural, near a metro",20.8,19.4,-3.9449878424082283,-4.676558984822263,-3.2134166999941933,-1.5
49023,UT,2020,Metro,22.9,12.3,-3.5420080320264864,-4.142938824279596,-2.9410772397733744,-0.46666666666666146
49025,UT,2020,"Rural, near a metro",19.6,12.3,-1.8624532349749603,-2.083135405452065,-1.6417710644978554,0.06666666666666643
49027,UT,2020,Remote rural,31.2,13.7,-5.082854995502559,-5.907356529561551,-4.258353461443561,-5.5
49029,UT,2020,Metro,24.6,5.4,-2.342956569338275,-2.816417123623877,-1.8694960150526718,-3.033333333333335
49031,UT,2020,Remote rural,21.5,21.8,-3.712707276523612,-4.290053273867526,-3.1353612791797016,-2.2666666666666657
49033,UT,2020,"Rural, near a metro",20.0,11.2,-1.5378488586694263,-1.976348414338648,-1.0993493030002033,6.5
49035,UT,2020,Metro,29.6,12.7,-4.959905454008301,-6.1926043285949595,-3.727206579421641,-5.033333333333335
49037,UT,2020,Remote rural,27.0,27.6,-6.099259993357891,-7.014038022077991,-5.184481964637778,-6.233333333333334
49039,UT,2020,"Rural, near a metro",27.4,18.2,-4.710294516151671,-5.678093116481322,-3.7424959158220217,-5.033333333333335
49041,UT,2020,Remote rural,20.5,13.7,-3.537316541694219,-4.2514733807092,-2.823159702679237,0.533333333333335
49043,UT,2020,"Rural, near a metro",35.2,7.6,-6.055733701967978,-6.974358839723224,-5.137108564212737,-5.533333333333335
49045,UT,2020,Metro,26.6,9.1,-4.412760495031634,-4.947607091154071,-3.877913898909197,-3.9333333333333336
49047,UT,2020,Remote rural,27.1,10.8,-5.343605825706666,-6.28766971785577,-4.399541933557562,-4.300000000000001
49049,UT,2020,Metro,20.0,13.8,-2.624327283797457,-3.761470539781155,-1.4871840278137598,-1.6333333333333364
49051,UT,2020,"Rural, near a metro",32.3,8.2,-5.359688093434427,-5.874028270031451,-4.845347916837403,-6.833333333333329
49053,UT,2020,Metro,29.2,15.4,-4.681854574002049,-5.88847108435677,-3.4752380636473355,-5.399999999999999
49055,UT,2020,Remote rural,26.2,15.9,-4.588252096393076,-5.161571335616891,-4.01493285716926,1.6666666666666643
49057,UT,2020,Metro,22.2,13.3,-3.4716266723347644,-4.334538535088815,-2.608714809580714,0.3000000000000007
31001,NE,2021,"Rural, near a metro",23.9,11.4,-3.5537280584431645,-4.1927494962600145,-2.9147066206263137,-5.366666666666667
31003,NE,2021,Remote rural,23.6,12.8,-3.4413992582360056,-3.885437857301029,-2.9973606591709823,-5.633333333333336
31005,NE,2021,Remote rural,10.3,9.2,-2.2104535949015234,-2.563116322350848,-1.8577908674521977,1.4333333333333336
31007,NE,2021,Remote rural,13.2,12.3,-1.9358305842198904,-2.365456340430506,-1.5062048280092775,1.7666666666666675
31009,NE,2021,Remote rural,10.5,18.0,-2.537414551813225,-3.112781198711148,-1.962047904915302,0.40000000000000036
31011,NE,2021,Remote rural,18.6,9.9,-1.7081043828078244,-2.1378990937435605,-1.2783096718720879,-2.733333333333336
31013,NE,2021,Remote rural,27.9,12.9,-4.675013370817535,-5.536999424811575,-3.813027316823495,-6.966666666666665
31015,NE,2021,Remote rural,17.2,13.9,-2.367677353523903,-2.9544097612797975,-1.780944945768009,-2.2333333333333325
31017,NE,2021,Remote rural,18.6,13.8,-2.4244618815297616,-2.7377473591868258,-2.1111764038727,-1.2666666666666693
31019,NE,2021,"Rural, near a metro",23.0,12.7,-3.3271542401036562,-4.023487743627072,-2.6308207365802403,-4.900000000000002
31021,NE,2021,"Rural, near a metro",26.6,11.7,-4.210356375924316,-4.59732383427423,-3.8233889175743996,-9.56666666666667
31023,NE,2021,"Rural, near a metro",20.4,9.8,-1.970059908829188,-2.210978455457171,-1.729141362201206,-2.4999999999999964
31025,NE,2021,Metro,22.8,8.2,-2.318598628176193,-2.880890374903827,-1.7563068814485572,-5.866666666666667
31027,NE,2021,Remote rural,23.6,9.4,-2.717884999809839,-3.115701217730311,-2.3200687818893697,-6.300000000000001
31029,NE,2021,Remote rural,33.0,9.8,-5.568150216023093,-6.140196778728908,-4.996103653317271,-8.0
31031,NE,2021,Remote rural,17.8,13.5,-3.987848378878816,-4.475480001154978,-3.5002167566026583,-4.633333333333335
31033,NE,2021,Remote rural,18.4,9.9,-1.5887667450518246,-1.9588385876620635,-1.2186949024415858,-3.366666666666667
31035,NE,2021,"Rural, near a metro",27.6,11.4,-3.8780103556143755,-4.454951849532339,-3.301068861696413,-7.100000000000005
31037,NE,2021,Remote rural,46.1,10.1,-9.63981252249561,-10.774641688626515,-8.504983356364706,-9.56666666666667
31039,NE,2021,Remote rural,29.9,9.8,-4.7477251741408955,-5.444637986191631,-4.050812362090165,-6.633333333333333
31041,NE,2021,Remote rural,19.6,13.1,-2.999411874320731,-3.4788896131805984,-2.519934135460862,-4.8000000000000025
31043,NE,2021,Metro,35.9,14.4,-7.8461903161246385,-9.28704030489236,-6.405340327356905,-12.000000000000004
31045,NE,2021,Remote rural,18.8,17.5,-3.741154877054844,-4.285359995033886,-3.196949759075801,-4.7333333333333325
31047,NE,2021,Remote rural,38.4,14.8,-8.6134529156662,-10.895622979461796,-6.3312828518706095,-13.23333333333333
31049,NE,2021,Remote rural,24.1,12.8,-3.3045489019737895,-3.906297507769999,-2.702800296177579,-8.833333333333336
31051,NE,2021,Metro,34.1,10.2,-5.335424270943608,-6.555927975100806,-4.114920566786406,-8.700000000000006
31053,NE,2021,"Rural, near a metro",25.9,11.3,-4.1721815283904995,-4.483893432903066,-3.860469623877934,-6.233333333333331
31055,NE,2021,Metro,24.9,15.2,-3.6727368638908957,-4.7570854383692245,-2.588388289412567,-3.833333333333332
31057,NE,2021,Remote rural,28.5,13.6,-5.715722064940287,-6.395276904993923,-5.036167224886656,-9.766666666666666
31059,NE,2021,"Rural, near a metro",21.6,9.0,-2.0502380244929417,-2.5340921697562795,-1.5663838792296056,-4.566666666666666
31061,NE,2021,Remote rural,18.6,13.0,-1.8965833635195346,-2.3222830778991685,-1.470883649139901,-3.633333333333333
31063,NE,2021,Remote rural,15.4,13.4,-1.9005471349310086,-2.154683635576064,-1.6464106342859512,-0.6999999999999993
31065,NE,2021,Remote rural,24.6,14.2,-3.8370319903221466,-4.101836217514759,-3.5722277631295363,-8.333333333333336
31067,NE,2021,"Rural, near a metro",20.2,11.3,-2.6889018060900485,-3.1877994993711467,-2.1900041128089485,-6.2666666666666675
31069,NE,2021,Remote rural,17.3,15.9,-2.192623263469021,-2.6887244038911815,-1.6965221230468615,-2.7666666666666675
31071,NE,2021,Remote rural,12.7,12.9,-2.2284428746964284,-2.629743467790108,-1.827142281602749,-0.466666666666665
31073,NE,2021,Remote rural,27.4,9.9,-3.62798142139655,-4.259630766799471,-2.996332075993631,-8.099999999999998
31075,NE,2021,Remote rural,18.3,11.1,-2.6567284115718555,-3.1338407065264127,-2.1796161166172987,-3.9333333333333336
31077,NE,2021,"Rural, near a metro",17.0,13.6,-2.7366061756279945,-3.3401800549271603,-2.133032296328826,0.40000000000000213
31079,NE,2021,Metro,35.7,14.9,-7.372190795141558,-9.05560749345656,-5.68877409682656,-11.566666666666674
31081,NE,2021,Metro,21.9,8.8,-2.1960434622225216,-2.731961651565117,-1.6601252728799254,-6.166666666666666
31083,NE,2021,Remote rural,21.9,12.1,-3.272094320405502,-3.5251308105917216,-3.0190578302192828,-1.5999999999999979
31085,NE,2021,Remote rural,15.4,14.6,-5.667327324039322,-6.868049916231872,-4.466604731846775,1.5666666666666682
31087,NE,2021,Remote rural,19.4,15.0,-2.65171478659959,-3.2086322266476586,-2.0947973465515206,-3.599999999999996
31089,NE,2021,Remote rural,17.7,13.0,-2.1617347808281346,-2.5879434465109266,-1.735526115145342,-1.0666666666666664
31091,NE,2021,Remote rural,28.0,9.9,-4.24343154727438,-4.613474634025798,-3.873388460522962,-11.533333333333335
31093,NE,2021,Metro,17.9,10.9,-1.6973777350725396,-1.912983702898383,-1.481771767246695,-2.9999999999999982
31095,NE,2021,Remote rural,20.8,12.7,-3.04364906808459,-3.4617969509562796,-2.6255011852129018,-4.533333333333331
31097,NE,2021,"Rural, near a metro",19.3,14.8,-3.9592687130091355,-4.71876667970701,-3.1997707463112603,-6.066666666666666
31099,NE,2021,Remote rural,23.2,9.2,-1.905007435844502,-2.4583247702343596,-1.3516901014546447,-4.5
31101,NE,2021,Remote rural,20.4,13.9,-3.8053013051378874,-4.127151579620177,-3.483451030655599,-3.3000000000000007
31103,NE,2021,Remote rural,10.4,19.4,-3.7095918385515687,-4.740170514114226,-2.6790131629889125,5.166666666666668
31105,NE,2021,"Rural, near a metro",25.5,13.6,-4.424430975062637,-5.24639103516335,-3.602470914961921,-5.666666666666668
31107,NE,2021,Remote rural,24.7,15.1,-4.330005870483364,-4.8530524649350415,-3.8069592760316895,-8.766666666666667
31109,NE,2021,Metro,21.3,14.8,-2.6536784774235302,-3.6432468467374672,-1.6641101081095968,-5.633333333333335
31111,NE,2021,Remote rural,21.7,12.6,-3.337919011009651,-4.061905872751083,-2.613932149268221,-6.799999999999999
31113,NE,2021,Remote rural,20.0,10.6,-1.7945839062553643,-2.231533052040452,-1.3576347604702754,-6.033333333333333
31115,NE,2021,Remote rural,10.5,16.7,-2.2303083544376423,-2.712890739846901,-1.747725969028382,-0.20000000000000107
31117,NE,2021,Remote rural,14.5,14.9,-2.2033759859703324,-2.643832302772095,-1.7629196691685687,-2.666666666666666
31119,NE,2021,Remote rural,28.0,12.5,-4.693304829126041,-5.465640367990014,-3.920969290262068,-8.233333333333334
31121,NE,2021,Metro,21.9,11.1,-2.4800662684052597,-3.0815280028406624,-1.8786045339698552,-4.733333333333334
31123,NE,2021,Remote rural,27.4,13.4,-4.816998231764082,-5.282257071661604,-4.351739391866559,-9.166666666666664
31125,NE,2021,"Rural, near a metro",18.3,12.6,-1.8495327510398867,-2.1277649513453074,-1.5713005507344673,-3.166666666666668
31127,NE,2021,Remote rural,21.1,13.2,-2.6090977371195425,-3.2901139377806823,-1.928081536458403,-3.466666666666665
31129,NE,2021,Remote rural,21.9,11.6,-2.3824864584347245,-2.860366770182374,-1.9046061466870725,-2.9333333333333336
31131,NE,2021,"Rural, near a metro",23.7,9.8,-2.6719380600390723,-3.279405336145017,-2.064470783933124,-4.366666666666667
31133,NE,2021,Remote rural,19.9,15.2,-3.033223187498382,-3.5389728165112304,-2.527473558485531,-2.0666666666666664
31135,NE,2021,Remote rural,25.4,10.0,-4.776823888926522,-5.5897101397725395,-3.963937638080505,-3.8999999999999986
31137,NE,2021,Remote rural,21.4,8.7,-2.907941873033343,-3.5520582575859927,-2.263825488480694,-3.599999999999998
31139,NE,2021,Remote rural,18.4,9.6,-1.6077544537076214,-2.009157973446431,-1.2063509339688103,-2.966666666666667
31141,NE,2021,Remote rural,28.9,10.2,-4.798162904380618,-5.267903904757159,-4.328421904004075,-6.333333333333332
31143,NE,2021,Remote rural,30.3,8.9,-4.345947141135962,-4.8697890067397,-3.8221052755322207,-8.833333333333336
31145,NE,2021,Remote rural,19.1,12.2,-3.5829489871133204,-3.9938762296972508,-3.1720217445293937,-1.9000000000000021
31147,NE,2021,Remote rural,24.2,14.4,-4.177850846511685,-4.679799808214342,-3.6759018848090266,-8.366666666666665
31149,NE,2021,Remote rural,15.3,15.2,-2.4202278325341204,-2.7569562568551915,-2.0834994082130485,-0.9666666666666668
31151,NE,2021,"Rural, near a metro",34.8,12.0,-6.6343573568288035,-8.005895643242301,-5.262819070415309,-7.166666666666661
31153,NE,2021,Metro,20.7,6.3,-2.0258234228067384,-2.87959870329158,-1.1720481423218958,-3.633333333333333
31155,NE,2021,Metro,24.9,8.7,-2.3906004609501634,-2.9033596982123573,-1.8778412236879654,-8.466666666666665
31157,NE,2021,Remote rural,25.8,15.2,-5.5091799177895435,-6.565073998859679,-4.453285836719408,-7.966666666666669
31159,NE,2021,Metro,22.1,10.2,-1.4698742046437816,-1.9887387077657208,-0.9510097015218433,-5.400000000000002
31161,NE,2021,Remote rural,21.6,16.0,-4.973780037505035,-5.63567345784621,-4.31188661716386,-4.733333333333334
31163,NE,2021,"Rural, near a metro",16.1,13.8,-2.0664057101088558,-2.5823064508004823,-1.5505049694172324,-1.1666666666666696
31165,NE,2021,Remote rural,11.0,16.5,-2.132070881240535,-2.448313074987096,-1.8158286874939742,2.8000000000000025
31167,NE,2021,Remote rural,23.7,8.3,-1.6384715784288852,-2.144190619763503,-1.1327525370942673,-6.466666666666665
31169,NE,2021,Remote rural,21.4,13.1,-2.291406115689577,-2.7081573004490362,-1.8746549309301141,-4.866666666666664
31171,NE,2021,Remote rural,17.1,15.5,-3.842154458847906,-4.372268728594822,-3.3120401891009936,-3.200000000000001
31173,NE,2021,"Rural, near a metro",25.1,30.5,-6.07063418041229,-7.101233738886597,-5.040034621937977,-12.16666666666667
31175,NE,2021,Remote rural,21.4,12.3,-3.656877167564639,-3.930944248198082,-3.382810086931195,-4.733333333333331
31177,NE,2021,Metro,22.3,7.7,-1.9292271279060949,-2.3077007324915586,-1.5507535233206264,-5.600000000000001
31179,NE,2021,"Rural, near a metro",21.6,13.2,-1.6106066435256086,-2.2833266323326313,-0.9378866547185876,-4.933333333333334
31181,NE,2021,Remote rural,19.0,12.4,-1.860176185611826,-2.2475678816619884,-1.4727844895616644,-3.4666666666666686
31183,NE,2021,Remote rural,11.2,16.0,-2.432691412142535,-2.9328009879324672,-1.9325818363526062,0.5000000000000018
31185,NE,2021,"Rural, near a metro",20.4,9.8,-2.034383055756824,-2.603775525294862,-1.4649905862187853,-6.2333333333333325
