county_fips,county_name,state,rurality,base_rate,predicted_effect_pts,effect_lo,effect_hi,predicted_rate_after,low_income_adults_2023,uninsured_2023,adults_gaining_coverage
48201,Harris County,TX,Metro,45.7,-6.9753915687245165,-10.297453050846975,-3.6533300866020286,38.724608431275485,577007.0,263692.199,40248.49762895027
48113,Dallas County,TX,Metro,45.1,-6.963723742544787,-9.981048006955408,-3.9463994781341665,38.136276257455215,283034.0,127648.334,19709.705857474215
48029,Bexar County,TX,Metro,35.3,-7.4610070428577195,-10.11581837071818,-4.806195714997259,27.838992957142278,243316.0,85890.548,18153.823896399692
12086,Miami-Dade County,FL,Metro,27.7,-5.499655874712443,-8.828221746359684,-2.171090003065195,22.200344125287558,293939.0,81421.103,16165.633481571007
48215,Hidalgo County,TX,Metro,47.3,-9.321187059365169,-12.364733419825544,-6.277640698904836,37.978812940634825,157956.0,74713.188,14723.374231490845
48439,Tarrant County,TX,Metro,39.9,-6.223445675695293,-7.679293483958462,-4.767597867432121,33.6765543243047,198035.0,79015.965,12324.600643863174
48141,El Paso County,TX,Metro,44.3,-9.814821171846393,-12.06221113706217,-7.567431206630654,34.48517882815361,122253.0,54158.079,11998.913327217371
48061,Cameron County,TX,Metro,44.7,-11.387777692625564,-13.379416108939092,-9.396139276312054,33.31222230737444,70796.0,31645.812,8062.091095271195
12011,Broward County,FL,Metro,27.9,-3.964603308514523,-4.988248187903162,-2.9409584291258826,23.935396691485476,176303.0,49188.537000000004,6989.71457101036
48453,Travis County,TX,Metro,30.6,-5.548702887836079,-6.699886701070442,-4.397519074601714,25.051297112163923,120076.0,36743.256,6662.66047959805
12095,Orange County,FL,Metro,25.8,-4.012451062563469,-5.3042954236969235,-2.720606701430014,21.787548937436533,160139.0,41315.862,6425.4990070785125
12057,Hillsborough County,FL,Metro,26.2,-3.605412646633601,-4.61323146066982,-2.5975938325973846,22.5945873533664,159300.0,41736.6,5743.422346087326
47157,Shelby County,TN,Metro,26.3,-4.68245172823027,-5.651809670661251,-3.71309378579929,21.61754827176973,108659.0,28577.317000000003,5087.905223377729
13135,Gwinnett County,GA,Metro,39.2,-5.76992489499537,-7.497188375709576,-4.042661414281172,33.43007510500463,84724.0,33211.808000000005,4888.511168035878
12099,Palm Beach County,FL,Metro,32.1,-3.969597726514901,-4.828221891329305,-3.110973561700499,28.1304022734851,118530.0,38048.13,4705.164185238112
13121,Fulton County,GA,Metro,26.5,-4.546415953230629,-5.656049014115323,-3.436782892345934,21.95358404676937,101781.0,26971.965,4627.387621357667
12031,Duval County,FL,Metro,22.8,-4.105621903310978,-5.397442716729187,-2.813801089892766,18.69437809668902,109146.0,24885.288000000004,4481.122082587801
48339,Montgomery County,TX,Metro,45.7,-7.709534939261204,-9.754540660724007,-5.664529217798407,37.9904650607388,55051.0,25158.307,4244.176079412685
37119,Mecklenburg County,NC,Metro,32.1,-4.214653734091495,-5.485417529754557,-2.9438899384284363,27.885346265908506,96223.0,30887.583000000002,4055.4662625548594
48085,Collin County,TX,Metro,35.1,-5.979640379946751,-6.729643694939885,-5.229637064953614,29.12035962005325,64811.0,22748.661,3875.464726647289
48121,Denton County,TX,Metro,34.6,-5.973581520808785,-6.762807725153829,-5.184355316463741,28.626418479191216,64160.0,22199.36,3832.6499037509166
48157,Fort Bend County,TX,Metro,38.9,-6.849277604633577,-8.117695182760848,-5.580860026506304,32.05072239536642,55231.0,21484.859,3782.924513815171
01073,Jefferson County,AL,Metro,25.0,-5.157201899073008,-6.212374303178793,-4.102029494967216,19.84279810092699,73164.0,18291.0,3773.2151974377753
48479,Webb County,TX,Metro,47.1,-9.412886096163554,-12.300410749631878,-6.5253614426952735,37.68711390383645,39897.0,18791.487,3755.4591657863734
12103,Pinellas County,FL,Metro,28.6,-4.530088448244125,-5.718658623266483,-3.3415182732217668,24.069911551755876,81089.0,23191.453999999998,3673.4034217966782
12071,Lee County,FL,Metro,33.1,-5.360727155464202,-6.453889452949535,-4.267564857978869,27.739272844535797,68098.0,22540.438000000002,3650.5479783280125
48355,Nueces County,TX,Metro,35.2,-8.516779991189487,-11.29744681909061,-5.73611316328836,26.683220008810515,41837.0,14726.624000000002,3563.165244913946
37183,Wake County,NC,Metro,25.3,-4.337172082546831,-5.331535892120111,-3.3428082729735524,20.96282791745317,77227.0,19538.431,3349.4678841884415
12105,Polk County,FL,Metro,28.4,-3.8130422392764367,-5.065267630988286,-2.5608168475645865,24.58695776072356,87689.0,24903.676,3343.6186091991144
13089,DeKalb County,GA,Metro,32.6,-4.31710156912831,-5.423759976463623,-3.210443161792993,28.28289843087169,75857.0,24729.382,3274.8237372936624
12097,Osceola County,FL,Metro,24.6,-5.560764342079398,-8.011396955045063,-3.110131729113728,19.039235657920603,53651.0,13198.146,2983.405677169018
47037,Davidson County,TN,Metro,26.9,-4.046706825485938,-5.188392980336031,-2.9050206706358424,22.85329317451406,71650.0,19273.85,2899.4654404606745
01097,Mobile County,AL,Metro,23.0,-5.354665202303421,-6.581153997733397,-4.128176406873443,17.645334797696577,53162.0,12227.26,2846.6471148485443
13067,Cobb County,GA,Metro,35.7,-5.264887569849269,-6.127912201877212,-4.401862937821326,30.435112430150735,52736.0,18826.752,2776.4911088357107
37081,Guilford County,NC,Metro,22.9,-4.485932271200034,-5.476056376819246,-3.495808165580821,18.414067728799964,59792.0,13692.367999999999,2682.2286235959245
12127,Volusia County,FL,Metro,21.7,-4.282886395181722,-5.054747031405596,-3.5110257589578486,17.417113604818276,56257.0,12207.768999999998,2409.4233993373814
12101,Pasco County,FL,Metro,25.3,-4.498433706126525,-5.158231832944356,-3.83863557930869,20.801566293873478,53435.0,13519.055,2403.738050868709
12009,Brevard County,FL,Metro,26.0,-4.512120091586702,-5.128955395025422,-3.8952847881479884,21.487879908413298,51918.0,13498.68,2342.602509149984
48491,Williamson County,TX,Metro,35.2,-6.100663628621731,-7.139673599794264,-5.061653657449199,29.09933637137827,38274.0,13472.448,2334.967997218681
47093,Knox County,TN,Metro,25.4,-4.569230675049438,-5.344594905176355,-3.793866444922519,20.83076932495056,50799.0,12902.945999999998,2321.123490618364
20173,Sedgwick County,KS,Metro,25.0,-4.099398300866302,-5.307135917874148,-2.8916606838584533,20.9006016991337,55992.0,13998.0,2295.33509662106
48303,Lubbock County,TX,Metro,28.6,-4.885926723594529,-5.629598396876819,-4.142255050312244,23.714073276405472,45780.0,13093.08,2236.777254061575
48041,Brazos County,TX,Metro,28.2,-4.960139525642855,-6.583145391156522,-3.337133660129189,23.239860474357144,44611.0,12580.302,2212.7678437845343
45045,Greenville County,SC,Metro,28.1,-4.395793263717806,-5.23900180804786,-3.552584719387751,23.704206736282195,49931.0,14030.611,2194.8635345069374
45079,Richland County,SC,Metro,21.1,-4.213387292450717,-5.598421708070505,-2.8283528768309285,16.886612707549283,51787.0,10927.057000000003,2181.9868771414526
48027,Bell County,TX,Metro,30.5,-4.53321527842471,-5.70067590347327,-3.3657546533761526,25.96678472157529,45416.0,13851.88,2058.805050849366
45051,Horry County,SC,Metro,26.3,-4.759828111273033,-5.586481413448757,-3.933174809097312,21.540171888726967,42417.0,11155.671,2018.9762899586824
55079,Milwaukee County,WI,Metro,15.3,-1.6623516809583416,-2.409704008361437,-0.9149993535552482,13.63764831904166,115517.0,17674.101000000002,1920.2987912926474
45083,Spartanburg County,SC,Metro,26.2,-4.852147887258825,-5.750471334858121,-3.953824439659533,21.347852112741172,39437.0,10332.494,1913.5415622982628
12073,Leon County,FL,Metro,16.9,-4.327325654409478,-5.597289917300664,-3.0573613915182927,12.57267434559052,44169.0,7464.561,1911.3364682961223
13063,Clayton County,GA,Metro,31.1,-4.449120187028065,-5.349516613692725,-3.5487237603634036,26.650879812971937,42776.0,13303.336000000001,1903.155651203125
12083,Marion County,FL,Metro,24.9,-4.233538641069088,-5.4719540069265244,-2.9951232752116566,20.66646135893091,44467.0,11072.283000000001,1882.5276275241913
48039,Brazoria County,TX,Metro,38.2,-6.7702436756246644,-8.671462108873314,-4.869025242375997,31.42975632437534,27653.0,10563.446000000002,1872.1754836204884
28049,Hinds County,MS,Metro,25.1,-5.600191285988478,-7.742311057795614,-3.458071514181339,19.49980871401152,32074.0,8050.5740000000005,1796.2053530679445
45019,Charleston County,SC,Metro,24.6,-4.784096744670592,-6.04275194936527,-3.525441539975916,19.81590325532941,37037.0,9111.102,1771.8859113236472
37067,Forsyth County,NC,Metro,26.4,-4.149631487322218,-5.010637067620338,-3.28862590702409,22.25036851267778,42431.0,11201.784,1760.7301363856905
12001,Alachua County,FL,Metro,20.6,-3.992162151776055,-5.279439559912374,-2.7048847436397336,16.607837848223948,43514.0,8963.884,1737.1494387238324
01101,Montgomery County,AL,Metro,24.4,-5.76316364024584,-7.120952302399438,-4.405374978092242,18.63683635975416,29971.0,7312.923999999999,1727.2777746180807
13245,Richmond County,GA,Metro,23.6,-5.735975959364297,-7.459279006631871,-4.012672912096722,17.864024040635705,29913.0,7059.468000000001,1715.8024887246422
47065,Hamilton County,TN,Metro,24.6,-5.026380162945633,-5.906018820628345,-4.14674150526292,19.57361983705437,34055.0,8377.53,1711.7337644911352
12033,Escambia County,FL,Metro,26.1,-4.914290012990718,-6.118754452361359,-3.7098255736200647,21.185709987009282,34700.0,9056.7,1705.258634507779
48209,Hays County,TX,Metro,31.9,-6.099497887871859,-7.098503257120612,-5.1004925186231045,25.80050211212814,27781.0,8862.139,1694.5015082296811
48245,Jefferson County,TX,Metro,41.8,-5.204524877148583,-7.598820835730308,-2.8102289185668754,36.59547512285141,32274.0,13490.532,1679.7083588509338
48309,McLennan County,TX,Metro,31.6,-4.621606297707775,-5.737725327706183,-3.505487267709367,26.978393702292227,36097.0,11406.652,1668.2612252835754
48167,Galveston County,TX,Metro,38.7,-5.420385322890046,-8.905694929868806,-1.9350757159112795,33.279614677109954,30630.0,11853.81,1660.264024401221
12069,Lake County,FL,Metro,27.5,-4.538953192151008,-5.341802157356359,-3.736104226945657,22.96104680784899,36334.0,9991.85,1649.1832528361472
12117,Seminole County,FL,Metro,24.4,-4.138987630096767,-4.912571446904906,-3.3654038132886246,20.26101236990323,39826.0,9717.544,1648.3932135623384
12021,Collier County,FL,Metro,41.1,-6.5264144547574805,-8.599976132172456,-4.452852777342511,34.57358554524252,24730.0,10164.03,1613.9822946615247
12081,Manatee County,FL,Metro,29.8,-4.736975172818148,-5.6556496478168725,-3.8183006978194225,25.063024827181852,33656.0,10029.488000000001,1594.276364163676
13051,Chatham County,GA,Metro,28.4,-4.994390760867481,-6.118108529706464,-3.8706729920284966,23.405609239132517,31868.0,9050.511999999999,1591.6124476732489
13021,Bibb County,GA,Metro,21.5,-6.308470582918539,-7.737535131860983,-4.879406033976087,15.191529417081462,24364.0,5238.26,1536.9957728222728
12111,St. Lucie County,FL,Metro,28.8,-4.235753641192964,-5.475683696998139,-2.9958235853877877,24.564246358807036,35747.0,10295.136,1514.154854117249
37051,Cumberland County,NC,Metro,17.9,-3.5636010739375914,-5.322934045598125,-1.8042681022770568,14.336398926062408,42017.0,7521.043,1497.318263236358
28047,Harrison County,MS,Metro,27.1,-5.1716356787091575,-6.026698553439863,-4.316572803978452,21.928364321290843,28916.0,7836.236000000001,1495.4301728555401
47149,Rutherford County,TN,Metro,25.5,-4.601992135299625,-5.768319470640842,-3.4356647999584133,20.898007864700375,32425.0,8268.375,1492.1959498709034
48135,Ector County,TX,Metro,40.8,-8.780581233947522,-10.161987011685554,-7.399175456209496,32.019418766052475,16826.0,6865.007999999999,1477.42059842401
13215,Muscogee County,GA,Metro,23.4,-5.397666963246527,-6.8116734318466285,-3.9836604946464202,18.00233303675347,27289.0,6385.626,1472.9693376003447
01089,Madison County,AL,Metro,25.2,-4.174568684854834,-4.763244813097854,-3.585892556611821,21.025431315145166,34992.0,8817.984,1460.7650742044036
37147,Pitt County,NC,Metro,20.8,-5.29238684456858,-7.040744006967884,-3.5440296821692687,15.507613155431422,27433.0,5706.064,1451.8604830704985
37021,Buncombe County,NC,Metro,28.9,-5.191109913912553,-5.714412750465028,-4.667807077360079,23.708890086087447,27530.0,7956.17,1429.1125593001257
48251,Johnson County,TX,Metro,38.1,-7.656717422422275,-9.085490550086572,-6.227944294757979,30.443282577577726,18283.0,6965.823,1399.8776463414647
37063,Durham County,NC,Metro,28.2,-4.271103100739056,-5.00676942620862,-3.5354367752694964,23.92889689926094,32063.0,9041.766,1369.4437871899636
48375,Potter County,TX,Metro,39.2,-7.8753369752273565,-9.301375665113552,-6.449298285341165,31.324663024772647,16974.0,6653.808000000001,1336.7596981750914
48427,Starr County,TX,"Rural, near a metro",44.6,-10.703475890596527,-12.3214265667013,-9.085525214491781,33.89652410940347,12450.0,5552.7,1332.5827483792675
12115,Sarasota County,FL,Metro,28.5,-4.967885246892966,-5.77048739057493,-4.165283103211002,23.532114753107034,26634.0,7590.69,1323.1465566574725
13139,Hall County,GA,Metro,36.4,-6.558168241040543,-8.362433879862671,-4.753902602218421,29.841831758959454,20174.0,7343.335999999999,1323.0448609475193
48257,Kaufman County,TX,Metro,41.3,-8.195728004527426,-9.09151337748859,-7.299942631566262,33.10427199547257,16129.0,6661.276999999999,1321.8889698502287
37155,Robeson County,NC,"Rural, near a metro",19.1,-7.078174336896622,-7.80139687308836,-6.354951800704874,12.021825663103378,18411.0,3516.501,1303.1626771660372
48423,Smith County,TX,Metro,36.6,-4.900883954017056,-6.929111325654588,-2.8726565823795203,31.699116045982947,26084.0,9546.744,1278.3465705658089
13059,Clarke County,GA,Metro,23.1,-4.854107330565034,-5.989040626034992,-3.719174035095077,18.245892669434966,25841.0,5969.271000000001,1254.3498752913106
48139,Ellis County,TX,Metro,38.1,-7.487643270984025,-8.363136827185903,-6.612149714782147,30.61235672901598,16566.0,6311.646,1240.4029842712137
37071,Gaston County,NC,Metro,24.7,-4.826192513892074,-5.914149947773452,-3.738235080010697,19.873807486107925,24935.0,6158.945,1203.4111033389886
45007,Anderson County,SC,Metro,25.4,-5.217242259702751,-6.103106741466152,-4.331377777939343,20.182757740297248,22749.0,5778.246,1186.8704416597789
13151,Henry County,GA,Metro,25.8,-5.4263014831081655,-6.051626545822156,-4.800976420394173,20.373698516891835,21342.0,5506.236,1158.0812625249446
37129,New Hanover County,NC,Metro,24.0,-4.719342455145147,-5.525536586694399,-3.9131483235958897,19.280657544854854,23716.0,5691.84,1119.239256662223
13057,Cherokee County,GA,Metro,38.0,-7.085229616826963,-8.028761997680615,-6.14169723597332,30.914770383173035,15769.0,5992.22,1117.2698582774437
45041,Florence County,SC,Metro,20.5,-6.167190310585515,-7.270081622644332,-5.064298998526699,14.332809689414486,17694.0,3627.27,1091.222653555001
13185,Lowndes County,GA,Metro,24.6,-6.028017035872065,-6.942807042605265,-5.113227029138866,18.571982964127937,17739.0,4363.794,1069.3099419933455
13313,Whitfield County,GA,Metro,40.9,-8.671269076507501,-10.764381175317219,-6.578156977697771,32.2287309234925,11977.0,4898.593,1038.5578972933033
45063,Lexington County,SC,Metro,22.2,-3.5762411277414285,-4.701022122226024,-2.451460133256833,18.62375887225857,28812.0,6396.264,1030.3865937248604
48329,Midland County,TX,Metro,37.0,-7.695505017839055,-9.482183643707442,-5.908826391970672,29.304494982160946,13384.0,4952.08,1029.9663915875792
28059,Jackson County,MS,Metro,27.9,-5.593102355829203,-6.243181617946515,-4.943023093711885,22.306897644170796,18392.0,5131.3679999999995,1028.6833852841069
45091,York County,SC,Metro,24.5,-4.718363448316964,-6.2252873964292865,-3.2114395002046385,19.781636551683036,21630.0,5299.35,1020.5820138709593
12053,Hernando County,FL,Metro,24.1,-4.591106518818396,-5.238743834743492,-3.9434692028933025,19.508893481181605,22141.0,5335.981,1016.516894331581
12005,Bay County,FL,Metro,29.1,-5.217824562076018,-6.523765256093716,-3.911883868058318,23.882175437923983,19454.0,5661.1140000000005,1015.0755903062685
48441,Taylor County,TX,Metro,30.6,-5.7386272157587115,-6.912117621752015,-4.56513680976541,24.86137278424129,17582.0,5380.092000000001,1008.9654370746966
48181,Grayson County,TX,Metro,35.9,-7.2594560509340855,-8.470206931258348,-6.048705170609822,28.640543949065915,13864.0,4977.1759999999995,1006.4509869015016
45003,Aiken County,SC,Metro,25.1,-5.286110716450393,-6.265222522225146,-4.30699891067564,19.813889283549607,18961.0,4759.211,1002.299452946159
45015,Berkeley County,SC,Metro,22.8,-4.343811359334485,-5.6323564921255045,-3.0552662265434662,18.456188640665516,22729.0,5182.212,987.3048838631352
13095,Dougherty County,GA,Metro,21.7,-6.655564939985384,-7.919448435851562,-5.391681444119206,15.044435060014616,14665.0,3182.305,976.0385984488565
01003,Baldwin County,AL,Metro,24.3,-4.6083172241883,-5.288736378143186,-3.927898070233408,19.6916827758117,21004.0,5103.972,967.9309497685107
20209,Wyandotte County,KS,Metro,30.9,-4.386190151037792,-5.157255519251699,-3.615124782823882,26.513809848962207,21335.0,6592.515,935.793668723913
48323,Maverick County,TX,Remote rural,39.3,-10.973717008679793,-12.272159212226333,-9.675274805133252,28.326282991320205,8512.0,3345.216,934.082791778824
48451,Tom Green County,TX,Metro,34.8,-7.368775088596026,-8.692106459923615,-6.045443717268437,27.431224911403973,12647.0,4401.156,931.9289854547394
48231,Hunt County,TX,Metro,38.8,-7.32817398073304,-8.9721553174621,-5.684192644003975,31.471826019266956,12707.0,4930.316,931.1910677317474
45077,Pickens County,SC,Metro,23.2,-5.019432995740987,-5.923864044575039,-4.115001946906937,18.18056700425901,18473.0,4285.736,927.2398573032325
37101,Johnston County,NC,Metro,29.7,-4.242587721684695,-5.22330746522764,-3.261867978141746,25.457412278315303,21328.0,6334.416,904.8591092809116
01015,Calhoun County,AL,Metro,23.0,-5.689541192023372,-6.794848975975047,-4.584233408071693,17.31045880797663,15855.0,3646.65,902.0767559953056
28033,DeSoto County,MS,Metro,29.8,-5.35844491666716,-6.164574729772826,-4.5523151035615,24.44155508333284,16768.0,4996.8640000000005,898.5040436267495
37057,Davidson County,NC,Metro,25.2,-4.778187788627828,-5.482038381809505,-4.0743371954461525,20.42181221137217,18798.0,4737.096,898.2037405062591
13031,Bulloch County,GA,"Rural, near a metro",25.9,-6.014769780372903,-6.748734705272696,-5.280804855473111,19.885230219627097,14713.0,3810.6669999999995,884.9530777862653
13153,Houston County,GA,Metro,29.7,-5.253932116949895,-6.005258203277409,-4.502606030622379,24.446067883050105,16842.0,5002.074,884.8672471367013
47125,Montgomery County,TN,Metro,24.2,-3.4322685217867606,-4.527467358391506,-2.337069685182015,20.76773147821324,25768.0,6235.856,884.4269526940125
12091,Okaloosa County,FL,Metro,26.8,-4.685305909253426,-5.809265539756735,-3.5613462787501136,22.114694090746575,18854.0,5052.872,883.3675761306409
48367,Parker County,TX,Metro,36.4,-7.95102645414387,-9.053389332148894,-6.848663576138842,28.448973545856127,11108.0,4043.312,883.200018526301
12017,Citrus County,FL,Metro,24.9,-5.051688631991576,-5.6754291497871625,-4.427948114195991,19.848311368008424,17350.0,4320.15,876.4679776505384
48187,Guadalupe County,TX,Metro,33.1,-6.177894727709952,-7.491093330243,-4.864696125176904,26.92210527229005,14035.0,4645.585,867.0675250340918
48213,Henderson County,TX,"Rural, near a metro",36.3,-7.8865408721879735,-9.422073871042846,-6.351007873333098,28.413459127812025,10992.0,3990.0959999999995,866.888572670902
01069,Houston County,AL,Metro,23.5,-6.025559377362855,-7.029514210408173,-5.0216045443175386,17.474440622637147,14299.0,3360.265,861.5947353691147
13097,Douglas County,GA,Metro,28.6,-5.4725909670114845,-6.6879204155366745,-4.2572615184862945,23.127409032988517,15412.0,4407.832,843.4357198358099
47179,Washington County,TN,Metro,23.6,-4.864225075212173,-5.369361390546556,-4.359088759877791,18.73577492478783,17256.0,4072.416,839.3706789786124
37001,Alamance County,NC,Metro,26.8,-4.430344827233493,-4.923740902827662,-3.936948751639324,22.369655172766507,18942.0,5076.456,839.1959171745682
45035,Dorchester County,SC,Metro,25.2,-5.435897480939642,-7.349767001858007,-3.5220279600212754,19.76410251906036,15412.0,3883.8239999999996,837.7805197624175
48469,Victoria County,TX,Metro,32.5,-7.627010171962337,-9.854233418276095,-5.399786925648566,24.872989828037664,10983.0,3569.475,837.6745271866234
48485,Wichita County,TX,Metro,31.5,-5.4960255952978185,-6.631318756418132,-4.360732434177504,26.00397440470218,15125.0,4764.375,831.273871288795
37151,Randolph County,NC,Metro,26.4,-4.638996135567453,-5.143504341940929,-4.134487929193977,21.761003864432546,17787.0,4695.768,825.1382426333829
37159,Rowan County,NC,Metro,23.4,-4.591244486094509,-5.809492231770344,-3.3729967404186736,18.80875551390549,17805.0,4166.37,817.4710807491273
48183,Gregg County,TX,Metro,35.5,-5.198716676511647,-6.991357647849954,-3.4060757051733344,30.301283323488352,15620.0,5545.1,812.0395448711192
13217,Newton County,GA,Metro,28.1,-5.849567064372998,-6.617138855086593,-5.081995273659419,22.250432935627003,13873.0,3898.3130000000006,811.510438840466
28035,Forrest County,MS,Metro,24.5,-6.273634971636319,-8.212293732102491,-4.334976211170138,18.22636502836368,12918.0,3164.91,810.4281656359797
48409,San Patricio County,TX,Metro,33.5,-9.12125538690892,-10.913774615880264,-7.328736157937574,24.37874461309108,8839.0,2961.065,806.2277636488794
13045,Carroll County,GA,Metro,28.8,-5.326534863995257,-6.737215231182949,-3.915854496807564,23.473465136004744,15045.0,4332.96,801.3771702880865
55025,Dane County,WI,Metro,11.2,-1.5458363619907662,-2.3670633882371708,-0.7246093357443613,9.654163638009233,51819.0,5803.727999999999,801.0369444199952
47113,Madison County,TN,Metro,21.8,-6.5069461793953804,-7.696592367226517,-5.317299991564241,15.29305382060462,12137.0,2645.8660000000004,789.7480577932173
45075,Orangeburg County,SC,"Rural, near a metro",18.9,-6.344665395700616,-7.40384874989713,-5.285482041504108,12.555334604299382,12400.0,2343.6,786.7385090668764
48021,Bastrop County,TX,Metro,44.7,-7.404981453257392,-9.15275327730104,-5.6572096292137735,37.29501854674261,10599.0,4737.753000000001,784.8539842307509
47163,Sullivan County,TN,Metro,20.4,-4.161772131420492,-5.00744397402545,-3.316100288815533,16.238227868579507,18664.0,3807.4559999999997,776.7531506083207
48291,Liberty County,TX,Metro,45.0,-5.731920376028668,-8.168242751362088,-3.295598000695242,39.26807962397133,13532.0,6089.4,775.6434652841994
01081,Lee County,AL,Metro,23.3,-2.815984114131539,-4.210411638705621,-1.4215565895574556,20.484015885868462,27471.0,6400.743,773.5789959930751
37035,Catawba County,NC,Metro,27.8,-4.757077105489942,-5.356263798260958,-4.157890412718919,23.04292289451006,16155.0,4491.09,768.5058063919
01055,Etowah County,AL,Metro,24.0,-5.489019396823991,-5.959021500111728,-5.019017293536253,18.51098060317601,13981.0,3355.44,767.4198018699623
48091,Comal County,TX,Metro,34.8,-7.0097403084013505,-8.82457310666589,-5.194907510136827,27.790259691598646,10918.0,3799.4639999999995,765.3234468712594
12019,Clay County,FL,Metro,23.0,-4.143227118131977,-4.875930060132995,-3.4105241761309535,18.856772881868025,18324.0,4214.52,759.2049371265034
37097,Iredell County,NC,Metro,26.6,-4.838130237107037,-5.543113751753022,-4.133146722461053,21.761869762892964,15643.0,4161.0380000000005,756.8287129906538
48381,Randall County,TX,Metro,34.1,-6.281639872338609,-7.189033850230303,-5.374245894446914,27.818360127661393,11867.0,4046.647,745.4422036504227
37025,Cabarrus County,NC,Metro,23.4,-4.030169629328908,-4.805798098789675,-3.254541159868139,19.36983037067109,18363.0,4296.941999999999,740.0600490336674
28075,Lauderdale County,MS,Remote rural,23.5,-6.958006581160585,-8.135507417431036,-5.780505744890129,16.541993418839414,10630.0,2498.05,739.6360995773701
37191,Wayne County,NC,Metro,27.4,-4.7215817901957475,-5.873878047409553,-3.569285532981927,22.67841820980425,15650.0,4288.1,738.9275501656344
13117,Forsyth County,GA,Metro,41.6,-8.268327778721329,-9.496467635093703,-7.040187922348965,33.33167222127867,8915.0,3708.64,737.1214214730064
12113,Santa Rosa County,FL,Metro,23.9,-4.8224549503034755,-5.456023162510848,-4.188886738096101,19.077545049696525,15267.0,3648.813,736.2441972628317
12061,Indian River County,FL,Metro,29.8,-5.320475180524689,-6.675958045719726,-3.9649923153296536,24.479524819475312,13568.0,4043.264,721.8820724935897
13223,Paulding County,GA,Metro,28.4,-5.618685115299301,-6.60099471285153,-4.636375517747076,22.7813148847007,12845.0,3647.98,721.7201030601952
37085,Harnett County,NC,"Rural, near a metro",25.6,-4.59211679191887,-5.603263187546907,-3.580970396290831,21.007883208081132,15569.0,3985.664,714.9466633338488
37179,Union County,NC,Metro,29.1,-4.907201041938563,-5.683182746347267,-4.131219337529865,24.192798958061438,14463.0,4208.733,709.7284866955745
12015,Charlotte County,FL,Metro,26.4,-5.014584125033989,-5.797745460745771,-4.231422789322207,21.38541587496601,14117.0,3726.888,707.9088409310482
47155,Sevier County,TN,"Rural, near a metro",30.6,-5.907860708338306,-7.249774083193461,-4.565947333483145,24.692139291661697,11495.0,3517.47,679.1085884234882
37157,Rockingham County,NC,Metro,25.0,-5.792211516956803,-6.765754205356414,-4.818668828557199,19.207788483043196,11681.0,2920.25,676.5882272957241
28121,Rankin County,MS,Metro,26.6,-5.2775182138010495,-6.259449352943409,-4.29558707465869,21.322481786198953,12734.0,3387.244,672.0391693454256
13115,Floyd County,GA,Metro,28.7,-5.25269514657774,-6.6083434877018385,-3.8970468054536473,23.44730485342226,12778.0,3667.2859999999996,671.1893858297037
37045,Cleveland County,NC,"Rural, near a metro",18.1,-5.092818079617266,-6.150789775021271,-4.034846384213269,13.007181920382735,12922.0,2338.882,658.0939522481431
37127,Nash County,NC,Metro,23.6,-5.889051583530249,-6.817656018910174,-4.960447148150324,17.71094841646975,11153.0,2632.1079999999997,656.8059231111287
13077,Coweta County,GA,Metro,33.3,-5.937543131803346,-6.9836147176335,-4.8914715459731894,27.362456868196652,10970.0,3653.0099999999993,651.3484815588271
01103,Morgan County,AL,Metro,29.0,-4.97802580427975,-5.410999596397601,-4.545052012161897,24.02197419572025,12999.0,3769.71,647.0935742983247
48005,Angelina County,TX,Remote rural,33.7,-5.49876177919998,-7.074217142704988,-3.9233064156949635,28.201238220800022,11719.0,3949.3030000000003,644.3998929044457
01049,DeKalb County,AL,"Rural, near a metro",31.5,-5.768544752391544,-6.913916324776708,-4.623173180006376,25.731455247608455,11144.0,3510.36,642.8466272065136
12051,Hendry County,FL,"Rural, near a metro",37.8,-9.10323329193051,-12.09311107953521,-6.113355504325829,28.69676670806949,7038.0,2660.3639999999996,640.6855590860692
12055,Highlands County,FL,Metro,28.2,-5.193558094263318,-6.827877580242762,-3.5592386082838763,23.00644190573668,12294.0,3466.908,638.4960321087324
01095,Marshall County,AL,"Rural, near a metro",26.7,-4.87632857319006,-5.630629505329129,-4.122027641050996,21.823671426809938,12975.0,3464.325,632.7036323714103
12085,Martin County,FL,Metro,33.1,-5.628933671843551,-6.726533636731357,-4.531333706955745,27.47106632815645,11204.0,3708.5240000000003,630.6657285933516
12107,Putnam County,FL,"Rural, near a metro",24.7,-5.028401876077827,-6.360411713371315,-3.6963920387843414,19.671598123922173,12473.0,3080.8309999999997,627.1925660031873
12109,St. Johns County,FL,Metro,23.2,-4.048965532254072,-5.02656812391753,-3.0713629405906087,19.151034467745927,15465.0,3587.88,626.1725195630921
45013,Beaufort County,SC,Metro,28.2,-4.934399098191533,-5.58841553126609,-4.280382665116978,23.265600901808465,12563.0,3542.7659999999996,619.9085587058023
47165,Sumner County,TN,Metro,22.6,-4.270152114181769,-4.766015911229563,-3.774288317133977,18.329847885818232,14492.0,3275.192,618.8304443872221
13285,Troup County,GA,"Rural, near a metro",26.2,-6.386526033580978,-7.709287679685387,-5.06376438747657,19.81347396641902,9642.0,2526.2039999999997,615.7888401578779
48037,Bowie County,TX,Metro,26.1,-5.47778386040299,-6.3907574648851275,-4.564810255920854,20.62221613959701,11161.0,2913.021,611.3754566595778
47011,Bradley County,TN,Metro,22.8,-4.694268216902489,-5.216390545911344,-4.172145887893632,18.10573178309751,12958.0,2954.4240000000004,608.2832755462246
13015,Bartow County,GA,Metro,31.6,-5.364497923069401,-7.033729702163802,-3.6952661439750036,26.2355020769306,11254.0,3556.264,603.7205962622304
48013,Atascosa County,TX,Metro,34.8,-9.543385329086236,-11.410148271276586,-7.676622386895886,25.256614670913763,6307.0,2194.836,601.901312705469
20091,Johnson County,KS,Metro,22.8,-2.110663151458409,-2.8408548033770886,-1.38047149953973,20.689336848541593,28248.0,6440.544,596.2201270239714
37195,Wilson County,NC,"Rural, near a metro",24.9,-5.236668863225399,-6.387350963821571,-4.08598676262923,19.6633311367746,11368.0,2830.632,595.3045163714634
28067,Jones County,MS,"Rural, near a metro",28.1,-6.485790846630639,-8.12230842536282,-4.849273267898457,21.614209153369362,9166.0,2575.646,594.4875890021643
20177,Shawnee County,KS,Metro,21.8,-3.2708445625619413,-4.117396803662042,-2.4242923214618397,18.52915543743806,18153.0,3957.3540000000003,593.7564134418692
37135,Orange County,NC,Metro,25.2,-4.4135322533316685,-5.158523948607931,-3.6685405580554087,20.78646774666833,13434.0,3385.368,592.9139229125764
28081,Lee County,MS,Remote rural,24.0,-6.236754375935631,-7.092420394790999,-5.381088357080267,17.763245624064368,9456.0,2269.44,589.7474937884733
48467,Van Zandt County,TX,"Rural, near a metro",37.6,-8.547198741275533,-10.759809330426789,-6.334588152124278,29.052801258724468,6856.0,2577.856,585.9959457018506
48465,Val Verde County,TX,Remote rural,34.4,-9.838273019185031,-11.382551250568968,-8.293994787801099,24.561726980814967,5924.0,2037.856,582.8192936565213
48055,Caldwell County,TX,Metro,40.9,-9.315036833373643,-11.635335821508413,-6.994737845238892,31.584963166626356,6241.0,2552.569,581.3514487708491
13297,Walton County,GA,Metro,29.2,-6.053058046471419,-7.079592781569447,-5.026523311373396,23.146941953528582,9549.0,2788.308,578.0065128575558
28151,Washington County,MS,Remote rural,19.9,-6.940632221841563,-8.490570436620288,-5.390694007062827,12.959367778158436,8321.0,1655.879,577.5300071794364
01125,Tuscaloosa County,AL,Metro,20.6,-1.986371063297931,-3.0980916342708165,-0.8746504923250447,18.61362893670207,28989.0,5971.734,575.8291075394372
45085,Sumter County,SC,Metro,17.9,-4.116394505301487,-5.082346256468806,-3.1504427541341715,13.783605494698511,13938.0,2494.902,573.7430661489213
13255,Spalding County,GA,Metro,25.5,-5.90768424744114,-6.99327900922435,-4.8220894856579255,19.59231575255886,9644.0,2459.22,569.7370688232236
45059,Laurens County,SC,Metro,23.7,-6.046522256201798,-7.6694542847362985,-4.423590227667298,17.653477743798202,9338.0,2213.106,564.624248284124
37023,Burke County,NC,Metro,23.9,-5.1358700210791035,-5.725771975796504,-4.5459680663616995,18.764129978920895,10992.0,2627.0879999999997,564.5348327170151
13073,Columbia County,GA,Metro,29.8,-5.738970127182219,-6.95061786464928,-4.52732238971516,24.061029872817784,9824.0,2927.552,563.7964252943812
48347,Nacogdoches County,TX,Remote rural,36.6,-5.449340141464944,-8.211992518412835,-2.6866877645170546,31.150659858535057,10334.0,3782.244,563.1348102189874
48497,Wise County,TX,Metro,38.9,-9.03444762500551,-11.174028448343558,-6.89486680166746,29.865552374994486,6178.0,2403.2419999999997,558.1481742728405
37089,Henderson County,NC,Metro,29.6,-5.375648334143795,-5.874461511347832,-4.876835156939762,24.224351665856204,10372.0,3070.112,557.5622452173944
45031,Darlington County,SC,Metro,19.4,-6.050569429283412,-6.639685910522406,-5.461452948044425,13.349430570716587,9178.0,1780.532,555.3212622196315
13247,Rockdale County,GA,Metro,29.7,-4.979462897587001,-5.908658760318296,-4.050267034855712,24.720537102412997,11033.0,3276.801,549.3841414907738
48249,Jim Wells County,TX,"Rural, near a metro",31.1,-9.31699693790626,-10.769758691098922,-7.86423518471359,21.78300306209374,5819.0,1809.7089999999998,542.1560518167653
37107,Lenoir County,NC,"Rural, near a metro",21.0,-6.171805153215883,-6.927433639921943,-5.416176666509822,14.828194846784118,8762.0,1840.02,540.7735675247757
28087,Lowndes County,MS,Remote rural,25.5,-6.87164492989805,-8.53553497524194,-5.207754884554152,18.62835507010195,7849.0,2001.495,539.3554105476979
48361,Orange County,TX,Metro,31.9,-5.9269723474050435,-7.185403605997461,-4.6685410888126215,25.973027652594954,9018.0,2876.742,534.4943662889868
47141,Putnam County,TN,"Rural, near a metro",23.2,-4.7441900814731195,-5.449154494027182,-4.039225668919062,18.45580991852688,11159.0,2588.888,529.4041711915854
13127,Glynn County,GA,Metro,30.2,-5.777775693674048,-6.511304517266813,-5.044246870081283,24.42222430632595,9127.0,2756.354,527.3375875616304
45057,Lancaster County,SC,Metro,27.4,-5.812722416589123,-6.431140984960846,-5.194303848217398,21.587277583410874,9010.0,2468.74,523.72628973468
37027,Caldwell County,NC,Metro,25.4,-5.483844100614549,-5.980632832195781,-4.9870553690333175,19.91615589938545,9533.0,2421.3819999999996,522.774858111585
45047,Greenwood County,SC,"Rural, near a metro",22.4,-5.991617700419632,-7.181820450474753,-4.801414950364515,16.408382299580367,8722.0,1953.7279999999998,522.5888958306003
37049,Craven County,NC,Metro,22.7,-4.869967378937658,-5.900096648668408,-3.8398381092068994,17.83003262106234,10686.0,2425.7219999999998,520.4047141132781
01043,Cullman County,AL,"Rural, near a metro",27.3,-5.035427109872975,-5.574214603650679,-4.49663961609527,22.264572890127027,10267.0,2802.8910000000005,516.9873013706583
48471,Walker County,TX,"Rural, near a metro",32.4,-4.693322083086057,-6.463404444986962,-2.923239721185152,27.70667791691394,10876.0,3523.8239999999996,510.4457097564396
45021,Cherokee County,SC,"Rural, near a metro",21.1,-6.301484210783196,-7.029525629411398,-5.5734427921549905,14.798515789216806,8035.0,1695.385,506.32425633642976
01113,Russell County,AL,Metro,21.4,-5.53095794010489,-7.015101373960956,-4.046814506248822,15.869042059895108,9152.0,1958.5279999999998,506.19327067839953
37161,Rutherford County,NC,"Rural, near a metro",23.8,-5.724383656782874,-6.497553142048234,-4.951214171517515,18.075616343217128,8780.0,2089.64,502.6008850655364
13175,Laurens County,GA,Remote rural,24.2,-6.88019163592722,-7.872449837373771,-5.8879334344806775,17.319808364072777,7282.0,1762.244,501.0155549282202
28089,Madison County,MS,Metro,29.2,-6.063421026621336,-6.804319058330371,-5.322522994912303,23.13657897337866,8225.0,2401.7,498.7163794396049
45073,Oconee County,SC,"Rural, near a metro",25.6,-5.2958614106249104,-5.644292690747125,-4.9474301305026955,20.304138589375093,9365.0,2397.44,495.9574211050229
28073,Lamar County,MS,Metro,26.7,-6.1364018488608,-7.085225139672766,-5.187578558048832,20.5635981511392,8079.0,2157.093,495.759905369464
48099,Coryell County,TX,Metro,24.9,-4.869663466468221,-5.931610316117704,-3.8077166168187366,20.030336533531777,10138.0,2524.3619999999996,493.6864822305482
37019,Brunswick County,NC,Metro,21.7,-4.208110439288139,-4.927829127606691,-3.4883917509695874,17.49188956071186,11694.0,2537.598,492.09643477035496
12023,Columbia County,FL,"Rural, near a metro",22.7,-5.454232181289943,-6.446837811858868,-4.461626550721022,17.245767818710057,9018.0,2047.086,491.8626581087271
13013,Barrow County,GA,Metro,33.3,-5.451865777607841,-6.078978345876287,-4.824753209339395,27.848134222392154,9021.0,3003.993,491.81281179800334
47189,Wilson County,TN,Metro,24.6,-4.68369755556388,-5.079642381462798,-4.287752729664962,19.91630244443612,10428.0,2565.288,488.41598109420136
12035,Flagler County,FL,Metro,26.8,-4.68540454038408,-5.178810849484773,-4.191998231283387,22.11459545961592,10414.0,2790.952,487.93802883559806
48349,Navarro County,TX,"Rural, near a metro",40.3,-6.685168951778103,-9.24471784888786,-4.125620054668328,33.614831048221895,7252.0,2922.5559999999996,484.808452382948
28113,Pike County,MS,"Rural, near a metro",25.8,-7.064824168069928,-8.444324919345295,-5.685323416794564,18.73517583193007,6852.0,1767.816,484.0817519961515
13129,Gordon County,GA,"Rural, near a metro",34.1,-6.657256719316673,-8.028932842189544,-5.285580596443806,27.442743280683327,7250.0,2472.25,482.6511121504588
37083,Halifax County,NC,"Rural, near a metro",18.0,-6.5816935342738425,-7.625969030599843,-5.537418037947849,11.418306465726157,7304.0,1314.72,480.72689574336147
47009,Blount County,TN,Metro,22.3,-4.3372271498545105,-4.9322200274970776,-3.7422342722119457,17.96277285014549,11078.0,2470.394,480.4780236608827
28071,Lafayette County,MS,"Rural, near a metro",28.8,-5.921218826112669,-6.4869667544288445,-5.355470897796487,22.878781173887333,8077.0,2326.176,478.2568445851203
46099,Minnehaha County,SD,Metro,23.7,-2.975441916511555,-4.153691433222527,-1.7971923998005814,20.724558083488443,15987.0,3788.919,475.6838991927023
13295,Walker County,GA,Metro,28.3,-5.636361385701574,-6.6216686245789305,-4.651054146824217,22.663638614298428,8221.0,2326.543,463.36526951852636
37193,Wilkes County,NC,"Rural, near a metro",26.7,-5.523023018768455,-6.193802352109708,-4.852243685427201,21.176976981231544,8362.0,2232.654,461.83518482941815
48143,Erath County,TX,"Rural, near a metro",37.2,-8.012932088586146,-9.972662058700685,-6.053202118471614,29.187067911413855,5757.0,2141.6040000000003,461.3045003399044
46103,Pennington County,SD,Metro,21.5,-4.5868558428441215,-5.136799364191988,-4.0369123214962555,16.913144157155877,9900.0,2128.5,454.098728441568
37047,Columbus County,NC,"Rural, near a metro",20.4,-6.24984677673549,-7.977138227358051,-4.522555326112929,14.150153223264509,7218.0,1472.4719999999998,451.1139403447676
12087,Monroe County,FL,"Rural, near a metro",33.2,-6.594297083510709,-8.776484124826936,-4.412110042194477,26.605702916489292,6748.0,2240.3360000000002,444.9831671953026
13179,Liberty County,GA,Metro,24.4,-5.044090566017767,-6.02635437502369,-4.061826757011845,19.355909433982234,8820.0,2152.08,444.888787922767
37171,Surry County,NC,"Rural, near a metro",27.3,-4.923882167644274,-5.702405792106318,-4.145358543182233,22.376117832355725,8957.0,2445.261,441.03212575589765
48273,Kleberg County,TX,"Rural, near a metro",31.8,-8.52145885604312,-11.086246005408077,-5.956671706678168,23.27854114395688,5123.0,1629.114,436.55433719508903
13009,Baldwin County,GA,"Rural, near a metro",24.5,-6.565446436567671,-7.762959041989909,-5.367933831145431,17.93455356343233,6593.0,1615.285,432.85988356290653
48265,Kerr County,TX,"Rural, near a metro",38.5,-8.781933229950148,-10.796564911351929,-6.767301548548373,29.71806677004985,4915.0,1892.275,431.63201825204976
37133,Onslow County,NC,Metro,16.1,-1.9477233403829632,-2.6601960998079432,-1.235250580957985,14.152276659617039,22118.0,3560.9980000000005,430.79744842590384
48189,Hale County,TX,"Rural, near a metro",39.3,-9.927329719011663,-12.078821537556426,-7.775837900466894,29.372670280988334,4333.0,1702.869,430.15119672477533
45025,Chesterfield County,SC,"Rural, near a metro",22.3,-6.5059171488859935,-7.800288265214682,-5.211546032557308,15.794082851114007,6595.0,1470.685,429.0652359690313
48073,Cherokee County,TX,"Rural, near a metro",37.5,-6.287701424653416,-9.190274380528345,-3.385128468778487,31.212298575346583,6809.0,2553.375,428.1295900046511
48397,Rockwall County,TX,Metro,38.1,-7.464783513226618,-8.437147749521998,-6.492419276931235,30.635216486773384,5686.0,2166.366,424.4475905620655
37099,Jackson County,NC,"Rural, near a metro",24.4,-7.8070677622972005,-8.802463151004497,-6.811672373589906,16.592932237702797,5436.0,1326.384,424.3922035584758
28107,Panola County,MS,"Rural, near a metro",25.5,-7.235444428183931,-9.242223761748662,-5.228665094619192,18.264555571816068,5844.0,1490.22,422.8393723830689
37189,Watauga County,NC,Remote rural,23.0,-4.8109688897712655,-5.493756131291771,-4.128181648250762,18.189031110228733,8778.0,2018.94,422.30684914412166
13137,Habersham County,GA,"Rural, near a metro",37.1,-8.854506078044201,-10.616669403085622,-7.092342753002774,28.2454939219558,4756.0,1764.476,421.12030907178223
45055,Kershaw County,SC,Metro,23.8,-5.678363595602362,-6.7196220266535445,-4.637105164551178,18.121636404397638,7409.0,1763.342,420.709958798179
47059,Greene County,TN,"Rural, near a metro",21.8,-4.6052214890358645,-5.169778872436227,-4.040664105635502,17.194778510964134,9051.0,1973.1180000000002,416.81859697263604
37153,Richmond County,NC,Remote rural,17.1,-6.228178058826739,-7.834970081812832,-4.621386035840651,10.871821941173263,6690.0,1143.9900000000002,416.6651121355088
47063,Hamblen County,TN,Metro,27.9,-4.709591528415576,-5.261336324650087,-4.157846732181066,23.190408471584423,8804.0,2456.316,414.6324381617073
01071,Jackson County,AL,"Rural, near a metro",23.6,-5.259031511751108,-5.7482920378204705,-4.76977098568175,18.340968488248894,7852.0,1853.0720000000001,412.93915430269703
45033,Dillon County,SC,"Rural, near a metro",19.1,-7.852911424667102,-8.826118517076859,-6.87970433225736,11.2470885753329,5215.0,996.0650000000002,409.5293307963894
37181,Vance County,NC,"Rural, near a metro",20.7,-6.129382248929942,-6.936980878984592,-5.321783618875292,14.570617751070056,6673.0,1381.3110000000001,409.01367747109504
01127,Walker County,AL,Metro,23.8,-5.027207164281412,-5.57113011349661,-4.48328421506622,18.77279283571859,8127.0,1934.226,408.56112624115036
37105,Lee County,NC,"Rural, near a metro",29.4,-5.0720690979922205,-6.636258852169325,-3.5078793438151177,24.32793090200778,8046.0,2365.524,408.09867962445406
45029,Colleton County,SC,"Rural, near a metro",24.4,-6.835544653599764,-7.676872812445717,-5.994216494753804,17.564455346400234,5969.0,1456.4360000000001,408.0136603733699
56021,Laramie County,WY,Metro,26.6,-4.975275492537111,-6.169660343544949,-3.7808906415292736,21.62472450746289,8109.0,2156.994,403.4450896898344
01121,Talladega County,AL,"Rural, near a metro",19.7,-3.5851576614286844,-4.8514361538520765,-2.3188791690052923,16.114842338571314,11230.0,2212.31,402.6132053784413
48325,Medina County,TX,Metro,34.9,-8.755063212946213,-9.924617534011634,-7.585508891880793,26.144936787053787,4559.0,1591.0910000000001,399.1433318782179
28011,Bolivar County,MS,Remote rural,20.1,-7.085116839897921,-8.4504508830798,-5.719782796716043,13.01488316010208,5624.0,1130.424,398.46697107585913
48277,Lamar County,TX,Remote rural,30.6,-6.103895535791352,-7.331784201674357,-4.876006869908347,24.49610446420865,6525.0,1996.65,398.2791837103857
37093,Hoke County,NC,Metro,22.5,-5.423832338949682,-6.862046593273036,-3.985618084626329,17.07616766105032,7330.0,1649.25,397.5669104450117
45043,Georgetown County,SC,"Rural, near a metro",22.4,-6.221419648836636,-7.162427557625719,-5.280411740047553,16.17858035116336,6387.0,1430.6879999999999,397.36207297119597
28109,Pearl River County,MS,"Rural, near a metro",28.4,-5.5253207826231066,-5.930915722494698,-5.11972584275152,22.874679217376894,7182.0,2039.6879999999999,396.8285386079915
01045,Dale County,AL,"Rural, near a metro",24.4,-5.499091722452394,-6.431217418765757,-4.566966026139039,18.900908277547604,7212.0,1759.7279999999998,396.5944950232667
47187,Williamson County,TN,Metro,28.3,-4.741917006047019,-5.268511548058058,-4.215322464035974,23.558082993952983,8358.0,2365.314,396.3294233654098
37069,Franklin County,NC,Metro,27.2,-5.551160263526072,-6.743654953862325,-4.358665573189819,21.648839736473928,7097.0,1930.384,393.9658439024454
56025,Natrona County,WY,Metro,28.5,-5.5164929992468625,-7.0121109012838705,-4.0208750972098555,22.983507000753136,7098.0,2022.93,391.5606730865423
01083,Limestone County,AL,Metro,24.5,-4.437503089062391,-5.961012172637579,-2.913994005487201,20.06249691093761,8817.0,2160.165,391.25464736263103
48473,Waller County,TX,Metro,43.9,-6.418367427251525,-8.07965604870588,-4.757078805797169,37.481632572748474,6091.0,2673.9489999999996,390.9427599938903
47119,Maury County,TN,Metro,21.3,-4.124189285751243,-5.219161274420191,-3.029217297082292,17.175810714248758,9467.0,2016.471,390.43699968207017
37163,Sampson County,NC,"Rural, near a metro",31.1,-4.661143624108307,-6.691373885576582,-2.630913362640031,26.438856375891696,8336.0,2592.496,388.55293250566854
48203,Harrison County,TX,"Rural, near a metro",29.4,-4.974758068214139,-6.306119590758693,-3.643396545669588,24.42524193178586,7784.0,2288.4959999999996,387.23516802978855
13103,Effingham County,GA,Metro,26.8,-7.035194875321498,-7.901937117759315,-6.16845263288368,19.764805124678503,5499.0,1473.7320000000002,386.86536619392916
12063,Jackson County,FL,"Rural, near a metro",20.0,-6.310976282821515,-7.754033477561448,-4.867919088081576,13.689023717178486,6130.0,1226.0,386.86284613695886
48499,Wood County,TX,"Rural, near a metro",33.7,-7.413409262115048,-8.177310223020354,-6.649508301209739,26.286590737884957,5158.0,1738.246,382.38364973989417
13157,Jackson County,GA,"Rural, near a metro",33.0,-5.802557753124094,-6.521766116099675,-5.083349390148518,27.197442246875905,6548.0,2160.84,379.9514816745657
48463,Uvalde County,TX,"Rural, near a metro",36.2,-10.345854986863797,-12.467888721700735,-8.22382125202685,25.854145013136204,3645.0,1319.49,377.1064142711854
28099,Neshoba County,MS,Remote rural,21.5,-8.587169389140854,-9.56269941035385,-7.611639367927849,12.912830610859146,4382.0,942.13,376.28976263215225
48221,Hood County,TX,Metro,35.9,-7.720687852356197,-9.094294228550833,-6.347081476161561,28.179312147643802,4845.0,1739.355,374.0673264466577
48217,Hill County,TX,"Rural, near a metro",38.2,-8.363493690596,-10.577954625816192,-6.149032755375813,29.836506309404,4462.0,1704.4840000000002,373.1790884743935
37065,Edgecombe County,NC,Metro,19.0,-4.665843185762765,-5.667678066295757,-3.664008305229774,14.334156814237236,7977.0,1515.63,372.19431092829575
12027,DeSoto County,FL,"Rural, near a metro",34.9,-6.543899001329916,-8.959388076275985,-4.12840992638385,28.356100998670083,5666.0,1977.434,370.7773174153531
37109,Lincoln County,NC,Metro,26.8,-4.923746178158815,-5.86710871018446,-3.9803836461331707,21.876253821841185,7472.0,2002.496,367.9023144320267
37061,Duplin County,NC,"Rural, near a metro",32.6,-5.347327089613593,-6.4728262379996035,-4.221827941227584,27.25267291038641,6844.0,2231.1440000000002,365.9710660131543
28083,Leflore County,MS,Remote rural,21.3,-6.739769986910616,-8.315441801584724,-5.164098172236507,14.560230013089384,5421.0,1154.673,365.36293099042456
01053,Escambia County,AL,"Rural, near a metro",19.6,-6.589072684826799,-7.524253604834559,-5.653891764819036,13.010927315173202,5537.0,1085.2520000000002,364.8369545588598
37125,Moore County,NC,"Rural, near a metro",24.1,-4.731881944983574,-5.498633223431778,-3.9651306665353676,19.368118055016428,7703.0,1856.4230000000002,364.4968662220847
48053,Burnet County,TX,"Rural, near a metro",39.9,-8.49671284162485,-9.56002630388692,-7.43339937936281,31.40328715837515,4272.0,1704.5279999999998,362.97957259421355
01117,Shelby County,AL,Metro,27.0,-2.611719201803873,-3.492759403469672,-1.7306790001380725,24.388280798196128,13805.0,3727.35,360.54783580902466
13071,Colquitt County,GA,"Rural, near a metro",32.8,-5.084470421004188,-6.4843006243168055,-3.6846402176915753,27.71552957899581,7086.0,2324.208,360.28557403235675
12131,Walton County,FL,Metro,26.4,-5.381245355690067,-6.345852342897741,-4.416638368482387,21.018754644309933,6661.0,1758.504,358.44475314251537
48321,Matagorda County,TX,"Rural, near a metro",39.0,-7.802748918902257,-10.10345245536557,-5.502045382438949,31.197251081097743,4586.0,1788.54,357.8340654208575
13275,Thomas County,GA,"Rural, near a metro",22.9,-6.373227567819645,-7.339512424449043,-5.406942711190242,16.526772432180355,5593.0,1280.797,356.45461786815275
28149,Warren County,MS,"Rural, near a metro",22.2,-6.313334690660787,-7.0776103881315535,-5.549058993190033,15.886665309339213,5609.0,1245.198,354.11494279916354
48001,Anderson County,TX,Remote rural,35.2,-5.728770599596898,-8.086912937413942,-3.3706282617798515,29.471229400403104,6178.0,2174.656,353.9234476430964
48481,Wharton County,TX,"Rural, near a metro",36.8,-7.100097617636305,-9.314709766887614,-4.8854854683849975,29.699902382363693,4920.0,1810.56,349.3248027877062
37165,Scotland County,NC,"Rural, near a metro",15.5,-6.794351418411991,-8.035754352006538,-5.55294848481744,8.705648581588008,5127.0,794.685,348.3463972219828
12075,Levy County,FL,"Rural, near a metro",27.4,-5.534861083354699,-6.798071683370874,-4.271650483338525,21.8651389166453,6285.0,1722.09,347.86601908884285
48097,Cooke County,TX,"Rural, near a metro",41.2,-7.918194275796815,-9.45036989258562,-6.386018659008002,33.28180572420319,4364.0,1797.968,345.549998195773
20045,Douglas County,KS,Metro,18.7,-2.091479704211438,-3.005678508512365,-1.1772808999105107,16.608520295788562,16445.0,3075.215,343.943837357571
48373,Polk County,TX,"Rural, near a metro",30.5,-5.608548676920329,-8.466634102941107,-2.7504632508995535,24.89145132307967,6132.0,1870.26,343.9162048687546
13299,Ware County,GA,Remote rural,23.6,-6.281173214522349,-7.963716926548009,-4.598629502496688,17.318826785477654,5466.0,1289.976,343.3289279057916
48449,Titus County,TX,Remote rural,42.3,-8.387067385144857,-10.150465369190403,-6.623669401099314,33.91293261485514,4081.0,1726.263,342.27621998776164
47019,Carter County,TN,Metro,22.1,-4.173480969769662,-4.678879524320596,-3.668082415218731,17.926519030230338,8196.0,1811.316,342.0585002823216
01009,Blount County,AL,Metro,32.1,-5.2502069666269415,-5.83361036629566,-4.666803566958224,26.84979303337306,6499.0,2086.179,341.2109507610849
48401,Rusk County,TX,Metro,34.9,-6.312746328318051,-7.592841143034399,-5.032651513601704,28.58725367168195,5404.0,1885.996,341.14081158230744
37077,Granville County,NC,"Rural, near a metro",26.0,-5.699359284423139,-6.708597408278243,-4.690121160568038,20.30064071557686,5978.0,1554.28,340.70769802281524
01077,Lauderdale County,AL,Metro,22.5,-3.1230181371565173,-4.0006409528925175,-2.245395321420512,19.376981862843483,10896.0,2451.6,340.28405622457416
01031,Coffee County,AL,"Rural, near a metro",25.3,-5.2702233463517985,-6.2032720307676685,-4.337174661935926,20.029776653648202,6442.0,1629.826,339.50778797198285
01033,Colbert County,AL,Metro,22.9,-5.138488778031335,-6.1928381925113705,-4.0841393635513,17.761511221968664,6514.0,1491.7059999999997,334.72115900096117
47053,Gibson County,TN,"Rural, near a metro",19.7,-5.261438398858376,-6.194151423002564,-4.328725374714184,14.438561601141624,6359.0,1252.723,334.5748677834041
28085,Lincoln County,MS,"Rural, near a metro",25.3,-6.774388829623807,-8.242764954052703,-5.306012705194905,18.525611170376195,4935.0,1248.555,334.31608874193483
28105,Oktibbeha County,MS,Remote rural,20.1,-3.123638739434288,-4.087855593748643,-2.15942188511993,16.976361260565714,10658.0,2142.2580000000003,332.91741684890644
47031,Coffee County,TN,"Rural, near a metro",23.2,-4.659298082329448,-5.324316007944008,-3.99428015671489,18.540701917670553,7138.0,1656.016,332.580697116676
47107,McMinn County,TN,"Rural, near a metro",22.0,-5.0208707872360945,-5.454829306739415,-4.586912267732775,16.979129212763905,6623.0,1457.06,332.53227223864656
37167,Stanly County,NC,"Rural, near a metro",20.4,-4.935938178668357,-5.390227314883496,-4.481649042453216,15.464061821331642,6548.0,1335.792,323.205231939204
13069,Coffee County,GA,Remote rural,30.3,-4.880798361892065,-5.856974742877026,-3.9046219809071028,25.419201638107936,6616.0,2004.6480000000001,322.91361962277904
12039,Gadsden County,FL,Metro,25.9,-4.938074728551748,-6.352518884225657,-3.5236305728778454,20.96192527144825,6522.0,1689.1979999999999,322.061233796145
12121,Suwannee County,FL,"Rural, near a metro",22.1,-5.214094253867826,-5.831292634478015,-4.596895873257641,16.885905746132174,6159.0,1361.1390000000001,321.1360650957194
48199,Hardin County,TX,Metro,30.6,-5.883279073840456,-6.881292126207072,-4.885266021473836,24.716720926159546,5436.0,1663.4160000000002,319.8150504539672
48489,Willacy County,TX,"Rural, near a metro",37.6,-10.328672150568558,-12.594376367884024,-8.062967933253102,27.271327849431444,3094.0,1163.344,319.5691163385912
13277,Tift County,GA,Remote rural,31.3,-5.222185838317952,-6.559350973765673,-3.8850207028702286,26.07781416168205,6090.0,1906.17,318.03111755356326
13261,Sumter County,GA,"Rural, near a metro",24.8,-6.634838708489531,-8.310084109856396,-4.9595933071226685,18.16516129151047,4788.0,1187.424,317.67607736247874
48223,Hopkins County,TX,"Rural, near a metro",39.2,-6.954419451888432,-8.46541175005843,-5.443427153718424,32.24558054811157,4548.0,1782.816,316.2869966718859
13047,Catoosa County,GA,Metro,27.0,-5.252193535360842,-6.031122433954482,-4.473264636767201,21.747806464639158,5944.0,1604.88,312.19038374184845
13039,Camden County,GA,"Rural, near a metro",24.6,-5.5138469510347745,-6.1500684998705495,-4.877625402198998,19.086153048965226,5658.0,1391.8680000000002,311.97346048954756
13233,Polk County,GA,"Rural, near a metro",32.1,-5.285044254834544,-6.151928423266639,-4.418160086402447,26.814955745165456,5877.0,1886.517,310.60205085662614
13113,Fayette County,GA,Metro,33.4,-5.95358904409525,-6.6563917213602,-5.2507863668303,27.44641095590475,5216.0,1742.144,310.53920454000826
37141,Pender County,NC,Metro,27.0,-5.559995508219674,-6.0870732865119965,-5.032917729927352,21.440004491780325,5561.0,1501.47,309.1913502120961
47073,Hawkins County,TN,Metro,22.2,-3.9289654316576867,-4.175279995624955,-3.682650867690414,18.271034568342312,7770.0,1724.94,305.2806140398023
12089,Nassau County,FL,Metro,23.1,-4.628940778150625,-5.412108765307329,-3.845772790993929,18.471059221849377,6562.0,1515.8220000000001,303.751093862244
12093,Okeechobee County,FL,"Rural, near a metro",26.8,-5.93788623740284,-7.196101235167991,-4.679671239637691,20.86211376259716,5112.0,1370.016,303.5447444560332
28093,Marshall County,MS,Metro,25.8,-6.588517539317542,-7.991737613405003,-5.185297465230081,19.211482460682458,4586.0,1183.188,302.1494143531025
48407,San Jacinto County,TX,"Rural, near a metro",38.7,-8.73215756400192,-11.26318171603327,-6.20113341197057,29.967842435998083,3444.0,1332.8280000000002,300.7355065042261
13213,Murray County,GA,Metro,32.0,-6.0381026051504785,-7.690340792947625,-4.385864417353332,25.961897394849522,4973.0,1591.36,300.2748425541333
56001,Albany County,WY,"Rural, near a metro",27.0,-4.66711434837648,-5.625109331170588,-3.7091193655823695,22.33288565162352,6417.0,1732.59,299.4887277353188
28027,Coahoma County,MS,Remote rural,22.7,-6.820556834277249,-7.814363077215056,-5.826750591339435,15.879443165722751,4382.0,994.7139999999999,298.87680047802905
45023,Chester County,SC,Metro,20.8,-6.4926677511631885,-7.631909813047365,-5.353425689279012,14.307332248836811,4594.0,955.552,298.2731564884369
45027,Clarendon County,SC,"Rural, near a metro",19.9,-6.615388936447607,-7.22690990578266,-6.003867967112549,13.284611063552392,4508.0,897.092,298.2217332550581
48459,Upshur County,TX,Metro,28.3,-5.396886971804793,-6.417893615832297,-4.375880327777292,22.903113028195207,5525.0,1563.575,298.17800519221487
48363,Palo Pinto County,TX,"Rural, near a metro",39.2,-8.040653691167831,-9.579610395439872,-6.501696986895791,31.15934630883217,3708.0,1453.536,298.1474388685032
28003,Alcorn County,MS,Remote rural,22.8,-5.797992593364299,-6.535494245284174,-5.060490941444421,17.002007406635702,5132.0,1170.096,297.55297989145583
48071,Chambers County,TX,Metro,41.7,-8.564737922813348,-10.210383463241246,-6.919092382385451,33.13526207718665,3450.0,1438.65,295.4834583370605
45089,Williamsburg County,SC,"Rural, near a metro",22.1,-6.527239198537157,-7.187646457867422,-5.86683193920689,15.572760801462845,4518.0,998.4780000000001,294.90066698990876
37111,McDowell County,NC,"Rural, near a metro",23.3,-5.029545088254394,-5.516804292847572,-4.5422858836612106,18.270454911745606,5859.0,1365.1470000000002,294.68104672082495
13123,Gilmer County,GA,"Rural, near a metro",35.7,-8.986282084387708,-10.21662631622787,-7.755937852547543,26.713717915612293,3273.0,1168.461,294.1210126220097
37013,Beaufort County,NC,"Rural, near a metro",21.6,-5.5424377140367564,-6.423906344867967,-4.660969083205548,16.057562285963243,5281.0,1140.6960000000001,292.6961356782811
48049,Brown County,TX,Remote rural,30.2,-6.303843576136841,-7.272659394683165,-5.3350277575905185,23.896156423863157,4641.0,1401.5819999999999,292.5613803685108
37087,Haywood County,NC,Metro,23.1,-4.505350219835187,-4.896645743781594,-4.1140546958887825,18.594649780164815,6484.0,1497.8040000000003,292.1269082541135
37037,Chatham County,NC,Metro,34.4,-6.1397512659400535,-7.139568893066962,-5.139933638813145,28.260248734059946,4755.0,1635.72,291.94517269544957
28095,Monroe County,MS,Remote rural,26.4,-6.468041785588998,-7.373088973204706,-5.562994597973286,19.931958214411,4503.0,1188.792,291.25592160507256
47177,Warren County,TN,"Rural, near a metro",26.1,-4.89088054196897,-5.387138207878601,-4.394622876059336,21.209119458031033,5952.0,1553.4720000000002,291.1052098579931
12049,Hardee County,FL,"Rural, near a metro",29.0,-7.636842943932068,-9.992615131163834,-5.281070756700299,21.363157056067934,3801.0,1102.29,290.2764002988579
47147,Robertson County,TN,Metro,24.4,-4.546330057333787,-5.135274085230182,-3.957386029437392,19.85366994266621,6355.0,1550.62,288.9192751435622
28029,Copiah County,MS,Metro,24.7,-6.892756575338642,-8.090841302560236,-5.694671848117054,17.80724342466136,4182.0,1032.954,288.255079980662
01123,Tallapoosa County,AL,"Rural, near a metro",20.7,-5.890879355869107,-6.692569108460755,-5.089189603277457,14.809120644130893,4888.0,1011.8159999999999,287.94618291488194
48493,Wilson County,TX,Metro,33.9,-7.329822371189045,-8.795079241710429,-5.864565500667673,26.570177628810953,3911.0,1325.829,286.66935293720354
47099,Lawrence County,TN,"Rural, near a metro",23.0,-4.845592507662932,-5.3903500414187,-4.300834973907162,18.154407492337068,5878.0,1351.94,284.8239276004271
20055,Finney County,KS,Remote rural,31.5,-7.988057466576665,-9.598309527743183,-6.377805405410134,23.511942533423337,3557.0,1120.455,284.135204086132
47029,Cocke County,TN,"Rural, near a metro",20.4,-4.836314290368853,-5.241732130525939,-4.430896450211765,15.563685709631145,5869.0,1197.2759999999998,283.843285701748
47123,Monroe County,TN,"Rural, near a metro",23.7,-4.8000428728999776,-5.325771676598416,-4.274314069201541,18.899957127100024,5906.0,1399.7219999999998,283.49053207347265
37031,Carteret County,NC,"Rural, near a metro",21.3,-4.821843732338787,-5.555590485769595,-4.08809697890798,16.478156267661213,5874.0,1251.162,283.2351008375804
01039,Covington County,AL,"Rural, near a metro",22.0,-5.527999288209716,-6.129329017013552,-4.926669559405877,16.472000711790283,5115.0,1125.3,282.757163591927
12119,Sumter County,FL,Metro,24.2,-4.580292196049883,-5.4831024932039,-3.677481898895868,19.619707803950117,6140.0,1485.88,281.22994083746283
01021,Chilton County,AL,Metro,26.3,-5.098362931938755,-5.628896418475367,-4.56782944540214,21.201637068061245,5510.0,1449.13,280.91979754982543
13293,Upson County,GA,"Rural, near a metro",24.2,-6.600766345487175,-7.393049591943039,-5.80848309903132,17.599233654512823,4246.0,1027.532,280.2685390293854
47035,Cumberland County,TN,"Rural, near a metro",22.0,-4.142530448222135,-4.5190058792227505,-3.7660550172215244,17.857469551777864,6756.0,1486.32,279.8693570818874
20057,Ford County,KS,Remote rural,35.0,-8.521745003738914,-9.64753602856776,-7.395953978910075,26.478254996261086,3259.0,1140.65,277.7236696718512
47003,Bedford County,TN,"Rural, near a metro",27.2,-5.036257266933122,-6.359504409568086,-3.7130101242981524,22.163742733066876,5490.0,1493.28,276.4905239546284
55009,Brown County,WI,Metro,13.2,-1.282681883055721,-2.058358224267511,-0.5070055418439309,11.917318116944278,21280.0,2808.96,272.95470471425745
20155,Reno County,KS,"Rural, near a metro",21.4,-4.315681927162647,-4.868357187925308,-3.763006666399982,17.084318072837352,6310.0,1350.34,272.319529603963
48147,Fannin County,TX,"Rural, near a metro",33.6,-6.793342267382893,-8.530476103360204,-5.056208431405583,26.806657732617108,3984.0,1338.624,270.64675593253446
13119,Franklin County,GA,"Rural, near a metro",35.0,-7.77841333763935,-9.987562419619284,-5.569264255659407,27.22158666236065,3441.0,1204.35,267.65520294817003
45071,Newberry County,SC,"Rural, near a metro",26.0,-5.984531022142874,-6.62965261889262,-5.339409425393133,20.015468977857125,4461.0,1159.86,266.9699288977936
28001,Adams County,MS,Remote rural,25.1,-5.6174468845119,-7.385814860667754,-3.8490789083560433,19.482553115488102,4742.0,1190.2420000000002,266.3793312635543
28133,Sunflower County,MS,Remote rural,20.6,-6.471068681206762,-7.485368040775185,-5.45676932163834,14.128931318793239,4110.0,846.66,265.96092279759796
13087,Decatur County,GA,"Rural, near a metro",27.2,-5.980819904784348,-7.785838415929533,-4.175801393639157,21.219180095215652,4438.0,1207.136,265.4287873743294
20161,Riley County,KS,Metro,17.7,-2.230915432418627,-3.296848440663889,-1.164982424173365,15.469084567581373,11862.0,2099.574,264.63118859349754
55133,Waukesha County,WI,Metro,12.3,-1.7361522711966468,-2.4067122383603206,-1.0655923040329731,10.563847728803355,15225.0,1872.675,264.32918328968947
47001,Anderson County,TN,Metro,19.6,-2.874491687720696,-3.6329556433518277,-2.116027732089564,16.725508312279306,9170.0,1797.32,263.59088776398784
28045,Hancock County,MS,Metro,25.2,-5.115627331825149,-5.598058710365917,-4.633195953284377,20.08437266817485,5146.0,1296.792,263.25018249572213
13081,Crisp County,GA,"Rural, near a metro",20.0,-7.708384614779038,-8.434549599223724,-6.982219630334358,12.291615385220961,3393.0,678.6,261.5454899794527
45067,Marion County,SC,"Rural, near a metro",18.7,-4.870499818363097,-5.712849119596579,-4.028150517129624,13.829500181636902,5353.0,1001.011,260.7178552769766
28091,Marion County,MS,"Rural, near a metro",26.6,-6.817175854624416,-8.166826400159925,-5.46752530908891,19.782824145375585,3824.0,1017.1840000000001,260.6888046808377
47167,Tipton County,TN,Metro,21.9,-4.284331044657557,-5.13213622898082,-3.436525860334288,17.615668955342443,6077.0,1330.8629999999998,260.3587975838397
28115,Pontotoc County,MS,Remote rural,28.8,-6.30595400786192,-6.866931687096423,-5.7449763286274145,22.49404599213808,4116.0,1185.4080000000001,259.5530669635966
48117,Deaf Smith County,TX,"Rural, near a metro",41.6,-10.727419429437031,-12.005531021183279,-9.44930783769079,30.87258057056297,2409.0,1002.1440000000001,258.4235340551381
48241,Jasper County,TX,"Rural, near a metro",27.4,-5.632472979309291,-6.54988622719067,-4.715059731427915,21.767527020690707,4571.0,1252.454,257.4603398842277
45087,Union County,SC,Metro,19.6,-6.156518072344243,-6.875331113885183,-5.4377050308033095,13.443481927655759,4150.0,813.4,255.49550000228606
37017,Bladen County,NC,"Rural, near a metro",18.9,-6.175902367743108,-7.560765395083361,-4.791039340402846,12.72409763225689,4126.0,779.814,254.81773169308065
47089,Jefferson County,TN,Metro,20.8,-4.2362543669493675,-4.9706252151146035,-3.501883518784135,16.563745633050633,6013.0,1250.7040000000002,254.7259750846655
48505,Zapata County,TX,"Rural, near a metro",47.0,-10.981625569837545,-12.600388910202025,-9.362862229473084,36.01837443016245,2313.0,1087.11,254.00499943034242
13305,Wayne County,GA,"Rural, near a metro",27.3,-5.795224878643271,-8.397683231726042,-3.1927665255604953,21.50477512135673,4372.0,1193.556,253.3672316942838
28079,Leake County,MS,"Rural, near a metro",28.0,-8.061523814037805,-9.106200100852744,-7.016847527222852,19.938476185962195,3140.0,879.2,253.13184776078708
48227,Howard County,TX,"Rural, near a metro",30.3,-7.335908761915926,-8.793199030384077,-5.8786184934477825,22.964091238084073,3427.0,1038.381,251.40159327085877
01005,Barbour County,AL,"Rural, near a metro",22.6,-6.70259518823957,-7.876100276200854,-5.529090100278287,15.897404811760431,3733.0,843.658,250.20787837698313
28163,Yazoo County,MS,Metro,25.3,-6.089079974927576,-7.304629803680466,-4.873530146174685,19.210920025072426,4072.0,1030.2160000000001,247.9473365790509
28127,Simpson County,MS,Metro,27.0,-7.024810158557928,-8.718579217871207,-5.33104109924465,19.975189841442074,3526.0,952.02,247.69480619075256
47013,Campbell County,TN,Metro,18.9,-3.980456212885933,-4.4453385693903975,-3.515573856381469,14.919543787114065,6179.0,1167.831,245.9523893942218
47097,Lauderdale County,TN,"Rural, near a metro",18.1,-6.490406469807354,-7.558730779438294,-5.422082160176414,11.609593530192647,3757.0,680.0170000000002,243.84457107066228
56013,Fremont County,WY,Remote rural,22.3,-5.8011383718854015,-7.582517740379913,-4.019759003390886,16.4988616281146,4201.0,936.823,243.70582300290573
01061,Geneva County,AL,Metro,25.3,-5.5586198541788345,-6.2295560667771035,-4.887683641580572,19.741380145821168,4303.0,1088.659,239.18741232531525
01051,Elmore County,AL,Metro,24.5,-2.94032674688165,-4.162447680604458,-1.7182058131588445,21.55967325311835,8133.0,1992.585,239.1367743238846
47143,Rhea County,TN,"Rural, near a metro",20.4,-5.162248729707369,-6.020100805487066,-4.304396653927674,15.23775127029263,4612.0,940.8479999999998,238.08291141410388
13195,Madison County,GA,Metro,31.9,-6.234867916023317,-7.134447907451746,-5.335287924594886,25.66513208397668,3807.0,1214.433,237.3614215630077
37113,Macon County,NC,Remote rural,28.8,-5.598197479735431,-6.21739384766514,-4.9790011118057205,23.20180252026457,4236.0,1219.968,237.13964524159286
01017,Chambers County,AL,"Rural, near a metro",21.1,-4.872826025764292,-6.256837240961904,-3.488814810566687,16.22717397423571,4856.0,1024.616,236.624431811114
48177,Gonzales County,TX,"Rural, near a metro",39.4,-9.704533966908816,-11.642072642317816,-7.766995291499809,29.695466033091183,2437.0,960.178,236.49949277356782
13225,Peach County,GA,Metro,26.4,-6.285627698306533,-7.542280466359962,-5.0289749302530975,20.114372301693464,3736.0,986.304,234.8310508087321
48015,Austin County,TX,Metro,39.7,-7.758845013841991,-10.045283485213815,-5.472406542470165,31.94115498615801,3007.0,1193.779,233.30846956622864
48163,Frio County,TX,"Rural, near a metro",34.2,-9.556704923071576,-11.393850015187699,-7.719559830955445,24.643295076928425,2437.0,833.4540000000001,232.89689897525432
28137,Tate County,MS,Metro,28.6,-6.400942162448609,-7.253946452880782,-5.547937872016434,22.199057837551393,3638.0,1040.468,232.86627586988038
13033,Burke County,GA,Metro,24.5,-6.8129520178627025,-8.240054999700568,-5.3858490360248314,17.687047982137297,3417.0,837.165,232.79857045036854
13205,Mitchell County,GA,"Rural, near a metro",24.7,-6.827542902913369,-8.191083287002549,-5.4640025188241905,17.87245709708663,3400.0,839.8,232.13645869905457
01115,St. Clair County,AL,Metro,24.3,-2.8707595845038925,-3.9918619967927578,-1.7496571722150256,21.429240415496107,8080.0,1963.44,231.9573744279145
48259,Kendall County,TX,Metro,42.8,-9.513061700945595,-10.46480857458406,-8.561314827307138,33.2869382990544,2435.0,1042.18,231.64305241802523
13107,Emanuel County,GA,Remote rural,26.3,-6.47869149230175,-7.38872294601375,-5.568660038589747,19.82130850769825,3564.0,937.332,230.90056478563434
37145,Person County,NC,Metro,21.3,-5.30822438777178,-6.288569735553852,-4.327879039989709,15.99177561222822,4348.0,926.1240000000001,230.801596380317
45011,Barnwell County,SC,"Rural, near a metro",21.4,-6.9874787747663385,-8.270697568317292,-5.70425998121537,14.412521225233661,3291.0,704.2739999999999,229.9579264775602
48025,Bee County,TX,"Rural, near a metro",24.3,-6.913747077462079,-9.219496940803857,-4.60799721412031,17.38625292253792,3312.0,804.816,228.98330320554405
13187,Lumpkin County,GA,"Rural, near a metro",32.3,-6.309228540452521,-7.111161667435973,-5.507295413469062,25.990771459547474,3602.0,1163.446,227.25841202709984
13055,Chattooga County,GA,"Rural, near a metro",27.4,-6.039345114090963,-7.249514349384591,-4.829175878797332,21.360654885909035,3753.0,1028.322,226.65662213183384
28101,Newton County,MS,Remote rural,22.3,-7.765829933086486,-8.485145139183857,-7.046514726989116,14.534170066913514,2905.0,647.815,225.59735955616242
47131,Obion County,TN,Remote rural,21.1,-5.536738337843954,-6.327096530411347,-4.746380145276562,15.563261662156048,4074.0,859.614,225.5667198837627
01079,Lawrence County,AL,Metro,22.6,-5.523865998517863,-5.974289277392353,-5.073442719643376,17.07613400148214,4071.0,920.046,224.8765847996622
28153,Wayne County,MS,Remote rural,30.6,-6.963653509678065,-8.269797307310393,-5.657509712045735,23.636346490321937,3229.0,988.0740000000001,224.85637182750472
28043,Grenada County,MS,Remote rural,22.0,-6.702608943891814,-7.8830829730280065,-5.522134914755622,15.297391056108186,3326.0,731.72,222.92877347384172
13029,Bryan County,GA,Metro,27.8,-6.453598711166088,-7.291846799217315,-5.615350623114858,21.346401288833913,3452.0,959.6560000000001,222.77822750945336
28123,Scott County,MS,"Rural, near a metro",32.5,-5.064444074449788,-5.911486784385991,-4.217401364513584,27.43555592555021,4393.0,1427.725,222.4810281905792
37007,Anson County,NC,"Rural, near a metro",21.9,-6.819674515669817,-8.45846512690946,-5.1808839044301775,15.080325484330181,3247.0,711.0929999999998,221.43483152379898
48219,Hockley County,TX,"Rural, near a metro",37.6,-8.671904251224689,-10.860314621355368,-6.483493881094002,28.928095748775313,2549.0,958.4240000000001,221.0468393637173
47105,Loudon County,TN,Metro,28.5,-4.896552725505431,-5.559434487283264,-4.2336709637275955,23.60344727449457,4503.0,1283.355,220.49176922950954
01093,Marion County,AL,Remote rural,23.0,-5.194688809013297,-5.569936435459991,-4.819441182566597,17.805311190986703,4221.0,970.83,219.26781462845128
48067,Cass County,TX,"Rural, near a metro",28.0,-5.930855812763668,-7.426844529764535,-4.434867095762805,22.069144187236333,3693.0,1034.04,219.02650516536227
45069,Marlboro County,SC,"Rural, near a metro",15.9,-4.989777732862903,-5.801775844187164,-4.177779621538642,10.910222267137097,4341.0,690.219,216.60625138357864
01059,Franklin County,AL,"Rural, near a metro",26.8,-4.753288742704755,-5.193712474256568,-4.312865011152947,22.046711257295247,4527.0,1213.236,215.18138138224427
37169,Stokes County,NC,Metro,22.8,-4.724439057555329,-5.478196060425418,-3.9706820546852404,18.07556094244467,4551.0,1037.628,215.00922150934304
12133,Washington County,FL,"Rural, near a metro",25.3,-6.113972810688156,-7.424738725400651,-4.803206895975661,19.186027189311844,3508.0,887.5240000000001,214.47816619894053
13279,Toombs County,GA,Remote rural,30.3,-4.930616698013268,-5.842320372808331,-4.0189130232182055,25.369383301986733,4304.0,1304.112,212.21374268249107
28145,Union County,MS,"Rural, near a metro",31.6,-5.903304273216422,-7.092879345807356,-4.7137292006254885,25.69669572678358,3590.0,1134.44,211.92862340846958
01109,Pike County,AL,"Rural, near a metro",21.3,-3.466040882090057,-5.154579058251599,-1.7775027059285136,17.833959117909945,6098.0,1298.874,211.3591729898517
48337,Montague County,TX,"Rural, near a metro",35.4,-9.335961696014893,-11.184794873902238,-7.487128518127534,26.064038303985107,2263.0,801.102,211.27281318081702
13189,McDuffie County,GA,Metro,22.3,-7.049484232442656,-7.618381203957443,-6.48058726092787,15.250515767557346,2982.0,664.9860000000001,210.21561981144
48419,Shelby County,TX,Remote rural,36.5,-5.977680035656507,-8.349795214892378,-3.6055648564206404,30.52231996434349,3498.0,1276.77,209.09924764726463
55101,Racine County,WI,Metro,15.0,-1.2744493410479165,-1.866148930002763,-0.6827497520930724,13.725550658952084,16364.0,2454.6,208.55089016908107
47069,Hardeman County,TN,"Rural, near a metro",18.7,-6.0681230172614615,-6.935343537367012,-5.200902497155913,12.631876982738538,3431.0,641.597,208.19730072224073
47111,Macon County,TN,Metro,26.2,-5.412819758120806,-6.4302847091740025,-4.3953548070676165,20.78718024187919,3846.0,1007.6519999999999,208.1770478973262
47117,Marshall County,TN,"Rural, near a metro",25.4,-5.448608286966027,-5.949668051091757,-4.9475485228402984,19.95139171303397,3818.0,969.7719999999999,208.02786439636293
01025,Clarke County,AL,Remote rural,20.0,-6.316132531927207,-7.14367537510049,-5.488589688753918,13.683867468072794,3283.0,656.6,207.3586310231702
47103,Lincoln County,TN,"Rural, near a metro",25.2,-5.502943307360794,-6.05151521365902,-4.954371401062566,19.697056692639205,3760.0,947.52,206.91066835676585
37197,Yadkin County,NC,Metro,26.3,-4.9208515097042556,-5.4006667729343825,-4.441036246474129,21.379148490295744,4202.0,1105.126,206.77418043777283
28025,Clay County,MS,Remote rural,23.5,-6.745412619608405,-7.945657777060501,-5.545167462156317,16.754587380391595,3046.0,715.81,205.46526839327203
48331,Milam County,TX,"Rural, near a metro",32.9,-6.8456289320374,-8.358706945818648,-5.332550918256159,26.0543710679626,2967.0,976.143,203.10981041354964
28039,George County,MS,"Rural, near a metro",32.8,-5.88581946662104,-6.597331051385816,-5.1743078818562624,26.914180533378957,3448.0,1130.944,202.94305520909347
13091,Dodge County,GA,"Rural, near a metro",23.9,-6.793595022743767,-7.558227978881454,-6.028962066606078,17.106404977256233,2987.0,713.893,202.9246833293563
13257,Stephens County,GA,Remote rural,24.7,-5.868615484706017,-6.346232481879247,-5.390998487532787,18.831384515293983,3446.0,851.1619999999999,202.23248960296934
47045,Dyer County,TN,Remote rural,18.5,-4.023093820060042,-5.224669484117667,-2.8215181560024227,14.476906179939958,5021.0,928.885,201.99954070521474
28159,Winston County,MS,Remote rural,22.5,-7.654616812083355,-8.390539256431502,-6.9186943677352,14.845383187916646,2627.0,591.075,201.08678365342973
28031,Covington County,MS,"Rural, near a metro",28.1,-7.2072387129480955,-8.73674586137631,-5.677731564519886,20.892761287051904,2780.0,781.18,200.36123621995705
48477,Washington County,TX,"Rural, near a metro",33.7,-6.265670498453269,-7.220130237910492,-5.3112107589960456,27.434329501546735,3190.0,1075.0300000000002,199.87488890065927
48341,Moore County,TX,Remote rural,47.0,-8.779600202016873,-10.710173708565272,-6.849026695468471,38.22039979798313,2274.0,1068.78,199.6481085938637
20111,Lyon County,KS,"Rural, near a metro",22.8,-4.6812921245969425,-5.263423724439619,-4.099160524754273,18.118707875403057,4223.0,962.844,197.6909664217289
56037,Sweetwater County,WY,Remote rural,30.1,-5.585590829322325,-6.498556470376539,-4.67262518826811,24.514409170677677,3515.0,1058.015,196.33351765067974
45049,Hampton County,SC,"Rural, near a metro",24.2,-6.989396643469159,-7.657255069851775,-6.321538217086547,17.21060335653084,2805.0,678.81,196.0525758493099
48165,Gaines County,TX,Remote rural,52.4,-7.617460436128805,-10.25688674031169,-4.978034131945914,44.7825395638712,2563.0,1343.0119999999997,195.23551097798128
28139,Tippah County,MS,"Rural, near a metro",28.5,-6.00044973876117,-6.72390238833964,-5.276997089182704,22.49955026123883,3252.0,926.82,195.13462550451325
12007,Bradford County,FL,"Rural, near a metro",21.0,-6.017011226400559,-6.800093056388219,-5.233929396412897,14.982988773599441,3235.0,679.35,194.65031317405808
48179,Gray County,TX,"Rural, near a metro",39.2,-7.772279396621407,-9.389076279144115,-6.155482514098686,31.427720603378596,2504.0,981.568,194.6178760914
13143,Haralson County,GA,Metro,24.1,-5.211796233941401,-5.711209747862963,-4.712382720019837,18.888203766058602,3733.0,899.653,194.5563534130325
56005,Campbell County,WY,Remote rural,29.0,-5.394251978219952,-6.291234987061337,-4.497268969378565,23.605748021780048,3605.0,1045.45,194.46278381482927
48007,Aransas County,TX,Metro,27.8,-6.956334781171736,-8.869700270289398,-5.042969292054075,20.843665218828264,2793.0,776.4540000000001,194.29043043812658
47071,Hardin County,TN,"Rural, near a metro",22.2,-5.1237650756483895,-5.610356195292075,-4.637173956004705,17.07623492435161,3770.0,836.94,193.16594335194426
55059,Kenosha County,WI,Metro,14.2,-1.329802285394745,-1.9765485968203382,-0.6830559739691533,12.870197714605254,14467.0,2054.314,192.38249662805777
01047,Dallas County,AL,"Rural, near a metro",16.2,-2.732858549417767,-4.142189790621603,-1.3235273082139312,13.467141450582233,7025.0,1138.05,191.98331309659812
13227,Pickens County,GA,Metro,27.6,-6.012504646809639,-6.656614193080811,-5.368395100538471,21.587495353190363,3192.0,880.9920000000001,191.91914832616365
13017,Ben Hill County,GA,Remote rural,23.8,-6.469056696542665,-7.928787712052372,-5.00932568103296,17.330943303457335,2965.0,705.67,191.80753105249002
13321,Worth County,GA,Metro,26.1,-6.728994829401424,-7.792695438006223,-5.665294220796627,19.37100517059858,2850.0,743.85,191.7763526379406
28117,Prentiss County,MS,Remote rural,26.6,-5.528666685800516,-6.0522285700224225,-5.005104801578597,21.071333314199485,3468.0,922.488,191.7341606635619
47077,Henderson County,TN,"Rural, near a metro",22.0,-5.251587279976546,-5.698813248220635,-4.804361311732453,16.748412720023452,3649.0,802.78,191.63041984634415
47055,Giles County,TN,"Rural, near a metro",21.1,-5.48250046485928,-5.988652988343244,-4.976347941375316,15.617499535140722,3479.0,734.0690000000001,190.73619117245437
01111,Randolph County,AL,"Rural, near a metro",24.0,-6.194324834252996,-6.9046158916091445,-5.484033776896845,17.805675165747004,3070.0,736.8,190.165772411567
13035,Butts County,GA,Metro,24.5,-6.490215759963962,-7.175661935996458,-5.8047695839314715,18.009784240036037,2927.0,717.115,189.96861529414517
13303,Washington County,GA,Remote rural,24.1,-7.204951173698112,-8.77133664295646,-5.638565704439767,16.89504882630189,2632.0,634.312,189.63431489173433
55139,Winnebago County,WI,Metro,12.2,-1.2813623295264331,-1.857382678390462,-0.7053419806624033,10.918637670473567,14756.0,1800.2319999999997,189.07782534492048
48503,Young County,TX,Remote rural,39.9,-9.364684373638486,-10.57639654295761,-8.152972204319376,30.535315626361513,2019.0,805.5809999999999,189.07297750376105
47109,McNairy County,TN,"Rural, near a metro",20.3,-5.224616222228143,-5.620033319098486,-4.829199125357796,15.075383777771858,3618.0,734.4540000000001,189.0266149202142
47025,Claiborne County,TN,"Rural, near a metro",19.0,-3.9140973495880775,-4.483886834357486,-3.3443078648186706,15.085902650411922,4828.0,917.32,188.97262003811238
13131,Grady County,GA,"Rural, near a metro",32.4,-5.3610823440510575,-6.600914143584278,-4.121250544517835,27.038917655948943,3523.0,1141.452,188.87093098091876
48281,Lampasas County,TX,Metro,36.9,-8.0679401360628,-9.286887439757917,-6.848992832367677,28.832059863937197,2339.0,863.0909999999999,188.70911978250888
55105,Rock County,WI,Metro,11.8,-1.3796955599658598,-2.2135519159448283,-0.5458392039868923,10.42030444003414,13677.0,1613.886,188.70096173653064
20175,Seward County,KS,Remote rural,34.6,-8.447321906979836,-10.400769425107104,-6.493874388852571,26.152678093020164,2226.0,770.196,188.03738564937115
47043,Dickson County,TN,Metro,20.2,-3.7569355910339794,-4.656943891818811,-2.856927290249147,16.44306440896602,4990.0,1007.98,187.4710859925956
48293,Limestone County,TX,"Rural, near a metro",34.4,-6.167872074989229,-7.395299890506975,-4.940444259471483,28.23212792501077,3024.0,1040.2559999999999,186.5164515476743
13199,Meriwether County,GA,Metro,25.9,-6.41143082577754,-7.6548327658772415,-5.168028885677833,19.48856917422246,2906.0,752.654,186.3161797970953
47185,White County,TN,Remote rural,22.2,-4.946179680178484,-5.450294013163624,-4.442065347193339,17.253820319821514,3758.0,834.276,185.87743238110744
47115,Marion County,TN,Metro,24.1,-4.900575641507071,-5.2990097780326835,-4.502141504981461,19.19942435849293,3779.0,910.739,185.1927534925522
01007,Bibb County,AL,Metro,24.7,-6.394845933787393,-7.565322698504901,-5.224369169069886,18.305154066212605,2881.0,711.607,184.23551135241482
20125,Montgomery County,KS,Remote rural,17.2,-4.645223933443564,-5.267461489086742,-4.022986377800386,12.554776066556435,3959.0,680.948,183.90441552503069
48185,Grimes County,TX,"Rural, near a metro",36.7,-5.727585029588091,-7.964937503768259,-3.490232555407928,30.97241497041191,3208.0,1177.336,183.74092774918594
48019,Bandera County,TX,Metro,36.7,-8.580799657369777,-9.760450805055427,-7.401148509684117,28.119200342630226,2139.0,785.013,183.54330467113954
37117,Martin County,NC,"Rural, near a metro",19.7,-6.52048687720915,-7.5517695716833355,-5.489204182734956,13.17951312279085,2801.0,551.797,182.63883743062829
45001,Abbeville County,SC,"Rural, near a metro",22.7,-6.309773699740219,-7.436321088523594,-5.183226310956845,16.39022630025978,2884.0,654.668,181.97387350050792
47075,Haywood County,TN,"Rural, near a metro",19.2,-6.7733300051738885,-8.06068138296165,-5.48597862738612,12.42666999482611,2686.0,515.712,181.93164393897064
45081,Saluda County,SC,Metro,31.2,-7.240577724173774,-8.390316010476223,-6.090839437871326,23.959422275826224,2510.0,783.12,181.73850087676175
45053,Jasper County,SC,Metro,31.1,-4.638569630586729,-6.469970282839996,-2.807168978333457,26.46143036941327,3907.0,1215.0770000000002,181.22891546702348
37003,Alexander County,NC,Metro,23.3,-4.925281829225449,-5.880329499515429,-3.9702341589354697,18.37471817077455,3658.0,852.3140000000001,180.16680931306695
47021,Cheatham County,TN,Metro,27.3,-4.917741293857263,-5.533467035961653,-4.302015551752875,22.382258706142736,3648.0,995.9040000000001,179.39920239991295
47079,Henry County,TN,Remote rural,19.0,-4.144948703167039,-5.021963267430956,-3.2679341389031236,14.855051296832961,4319.0,820.61,179.0203344897844
28007,Attala County,MS,"Rural, near a metro",23.0,-6.7140231566931226,-7.588032480251582,-5.840013833134666,16.285976843306877,2660.0,611.8,178.59301596803704
13025,Brantley County,GA,Metro,32.2,-6.761600499393982,-7.817060396477643,-5.70614060231032,25.43839950060602,2634.0,848.148,178.10055715403746
48093,Comanche County,TX,Remote rural,40.3,-10.509414301476466,-12.006644174335456,-9.012184428617466,29.79058569852353,1686.0,679.4579999999999,177.18872512289323
37139,Pasquotank County,NC,"Rural, near a metro",18.9,-3.7803889732747793,-4.799935765842683,-2.7608421807068724,15.11961102672522,4667.0,882.0629999999999,176.43075338273394
45037,Edgefield County,SC,Metro,29.3,-5.695572644616407,-6.69594651434712,-4.695198774885696,23.604427355383592,3097.0,907.421,176.39188480377013
13241,Rabun County,GA,Remote rural,36.0,-9.414198106628191,-10.233839827667111,-8.594556385589271,26.58580189337181,1872.0,673.92,176.23378855607973
45061,Lee County,SC,"Rural, near a metro",22.5,-6.719235200060303,-7.636223111887089,-5.802247288233521,15.780764799939696,2619.0,589.275,175.97676988957934
13147,Hart County,GA,"Rural, near a metro",27.9,-5.951771038215973,-7.163503130276955,-4.7400389461549945,21.948228961784025,2949.0,822.771,175.51772791698906
37059,Davie County,NC,Metro,25.4,-4.976860239630629,-5.741564315816321,-4.2121561634449325,20.42313976036937,3495.0,887.73,173.9412653750905
28017,Chickasaw County,MS,Remote rural,28.4,-6.646190509501555,-7.737567220782031,-5.554813798221072,21.753809490498444,2605.0,739.82,173.1332627725155
20037,Crawford County,KS,"Rural, near a metro",19.2,-2.8048524390128104,-3.735047976695378,-1.8746569013302445,16.39514756098719,6154.0,1181.568,172.61061909684835
01019,Cherokee County,AL,"Rural, near a metro",24.9,-5.225579488434562,-5.630933442044339,-4.820225534824785,19.674420511565437,3300.0,821.7,172.44412311834054
48171,Gillespie County,TX,Remote rural,42.0,-9.54619567253311,-11.009558362927631,-8.082832982138573,32.45380432746689,1798.0,755.16,171.6405981921453
13311,White County,GA,"Rural, near a metro",28.8,-6.082826760053491,-7.528959851384214,-4.6366936687227716,22.71717323994651,2820.0,812.16,171.53571463350846
55087,Outagamie County,WI,Metro,12.4,-1.4979764813555945,-2.168050841602268,-0.8279021211089199,10.902023518644405,11417.0,1415.708,171.02397487636821
13027,Brooks County,GA,Metro,25.8,-6.517601475665344,-7.324611079711306,-5.710591871619379,19.282398524334656,2600.0,670.8,169.45763836729893
37039,Cherokee County,NC,Remote rural,21.5,-4.634049852662105,-5.0296868287954775,-4.238412876528735,16.865950147337895,3653.0,785.395,169.2818411177467
13019,Berrien County,GA,"Rural, near a metro",23.8,-5.710608208881017,-6.636236319132443,-4.784980098629592,18.089391791118985,2959.0,704.242,168.97689690078928
12123,Taylor County,FL,"Rural, near a metro",23.6,-6.147058182896304,-7.473391058335656,-4.8207253074569545,17.4529418171037,2748.0,648.528,168.92115886599044
37033,Caswell County,NC,"Rural, near a metro",22.1,-6.396528924238396,-7.070199679325853,-5.722858169150937,15.703471075761605,2636.0,582.556,168.6125024429241
12079,Madison County,FL,"Rural, near a metro",24.5,-6.5052084339903145,-7.735932622145189,-5.274484245835444,17.994791566009685,2587.0,633.815,168.28974218732944
13075,Cook County,GA,"Rural, near a metro",27.5,-5.9517472719699125,-7.360051933851787,-4.543442610088038,21.548252728030086,2827.0,777.425,168.25589537858943
13169,Jones County,GA,Metro,26.7,-5.763248133136396,-7.112189735391537,-4.414306530881266,20.936751866863602,2916.0,778.572,168.0563155622573
48133,Eastland County,TX,"Rural, near a metro",32.5,-7.254041913208921,-8.145669191462876,-6.362414634954969,25.245958086791077,2313.0,751.725,167.78598945252233
13105,Elbert County,GA,"Rural, near a metro",26.8,-6.27657202431007,-7.159840235582598,-5.393303813037543,20.52342797568993,2655.0,711.54,166.64298724543238
13177,Lee County,GA,Metro,25.5,-5.930481106363484,-6.713427742487125,-5.14753447023984,19.569518893636516,2804.0,715.02,166.2906902224321
37185,Warren County,NC,"Rural, near a metro",22.4,-6.570552706152926,-7.992501946772878,-5.148603465532981,15.829447293847073,2517.0,563.808,165.38081161386913
48035,Bosque County,TX,"Rural, near a metro",35.5,-8.401172138682021,-9.210670490172813,-7.591673787191223,27.09882786131798,1967.0,698.285,165.25105596787535
46102,Oglala Lakota County,SD,"Rural, near a metro",12.3,-6.449248437848566,-7.403546007579576,-5.49495086811756,5.8507515621514345,2554.0,314.142,164.71380510265237
12129,Wakulla County,FL,Metro,24.3,-5.62540648019832,-6.347710930045448,-4.903102030351199,18.674593519801682,2904.0,705.672,163.36180418495923
13171,Lamar County,GA,Metro,24.5,-6.534438453489506,-7.4057482998405755,-5.66312860713844,17.965561546510493,2498.0,612.01,163.23027256816786
48057,Calhoun County,TX,"Rural, near a metro",33.3,-8.009405529664006,-9.716155201025613,-6.3026558583024,25.29059447033599,2015.0,670.995,161.38952142272973
13267,Tattnall County,GA,"Rural, near a metro",31.7,-4.936244515593514,-5.733869134294327,-4.138619896892701,26.763755484406484,3254.0,1031.518,160.62539653741294
13085,Dawson County,GA,Metro,33.9,-6.93516356163904,-7.883031112216615,-5.987296011061467,26.96483643836096,2298.0,779.0219999999999,159.37005864646514
47151,Scott County,TN,"Rural, near a metro",21.5,-4.138683330606598,-4.892033119803751,-3.3853335414094436,17.361316669393403,3850.0,827.75,159.33930822835404
28051,Holmes County,MS,"Rural, near a metro",19.9,-4.7483813317183,-6.197367468961412,-3.2993951944751836,15.1516186682817,3353.0,667.247,159.2132260525146
37091,Hertford County,NC,"Rural, near a metro",17.3,-5.65464080101456,-6.509847613851533,-4.799433988177588,11.64535919898544,2813.0,486.649,159.06504573253957
48299,Llano County,TX,Remote rural,36.4,-9.01792982476736,-10.311441655121808,-7.7244179944129145,27.382070175232638,1762.0,641.3679999999999,158.8959235124009
55035,Eau Claire County,WI,Metro,12.1,-1.513631200030253,-2.103280514542204,-0.9239818855183013,10.586368799969748,10497.0,1270.137,158.88586706717567
48279,Lamb County,TX,"Rural, near a metro",40.3,-9.504571456877752,-12.252593335126331,-6.7565495786291745,30.795428543122245,1667.0,671.8009999999999,158.44120618615213
13229,Pierce County,GA,"Rural, near a metro",29.1,-5.7781600629953145,-6.682563467525591,-4.873756658465039,23.321839937004686,2736.0,796.176,158.0904593235518
55019,Clark County,WI,"Rural, near a metro",23.5,-5.152299158291351,-6.178414100985078,-4.126184215597629,18.34770084170865,3068.0,720.98,158.07253817637863
47081,Hickman County,TN,Metro,22.3,-5.263106731456869,-5.651209229843681,-4.875004233070061,17.036893268543132,2984.0,665.432,157.05110486667297
48365,Panola County,TX,"Rural, near a metro",34.5,-6.9262799960688275,-7.784949836313129,-6.067610155824526,27.57372000393117,2267.0,782.115,157.01876751088034
13163,Jefferson County,GA,"Rural, near a metro",26.1,-6.639979833475587,-7.491834654140081,-5.788125012811095,19.460020166524416,2362.0,616.4820000000001,156.83632366669337
01099,Monroe County,AL,Remote rural,20.4,-5.1388974779739,-6.256473993506248,-4.021320962441553,15.2611025220261,3043.0,620.7719999999999,156.37665025474578
48225,Houston County,TX,Remote rural,31.3,-5.2445270225204945,-7.397133380337065,-3.091920664703931,26.055472977479507,2980.0,932.74,156.28690527111075
37009,Ashe County,NC,Remote rural,25.1,-4.672120339980898,-5.118033840248955,-4.226206839712839,20.4278796600191,3331.0,836.081,155.6283285247637
28131,Stone County,MS,"Rural, near a metro",30.6,-6.191648014754614,-7.283642735961801,-5.099653293547424,24.40835198524539,2511.0,768.3660000000001,155.47228165048838
13207,Monroe County,GA,Metro,26.5,-6.365613552279539,-7.363037729323981,-5.368189375235094,20.13438644772046,2438.0,646.07,155.19365840457516
55063,La Crosse County,WI,Metro,9.9,-1.3208816276591218,-2.1915498366745685,-0.4502134186436747,8.57911837234088,11620.0,1150.38,153.48644513398995
48457,Tyler County,TX,"Rural, near a metro",31.1,-6.4682126706685406,-7.288115107740555,-5.648310233596519,24.63178732933146,2362.0,734.582,152.77918328119094
37175,Transylvania County,NC,"Rural, near a metro",22.8,-4.824425894625077,-5.686631690678761,-3.962220098571392,17.975574105374925,3159.0,720.252,152.40361401120617
01013,Butler County,AL,"Rural, near a metro",20.6,-5.116705723691369,-6.165662829812429,-4.067748617570313,15.483294276308634,2978.0,613.4680000000001,152.37549645152896
48149,Fayette County,TX,"Rural, near a metro",37.4,-8.015315349476815,-9.140940481309146,-6.889690217644487,29.384684650523184,1898.0,709.852,152.13068533306995
48445,Terry County,TX,"Rural, near a metro",42.5,-9.23407578482192,-11.231658513514441,-7.236493056129393,33.26592421517808,1639.0,696.575,151.34650211323125
28147,Walthall County,MS,Remote rural,30.7,-7.0063571006598115,-9.230345100282905,-4.782369101036709,23.693642899340187,2140.0,656.98,149.93604195411996
47183,Weakley County,TN,Remote rural,17.6,-3.1470030821154755,-4.0816398447652205,-2.212366319465731,14.452996917884526,4754.0,836.7040000000001,149.6085265237697
48287,Lee County,TX,"Rural, near a metro",40.6,-7.6907469353547135,-10.665610955728141,-4.715882914981293,32.909253064645284,1937.0,786.422,148.9697681378208
48507,Zavala County,TX,Remote rural,29.9,-9.055533189255414,-11.230069002751078,-6.880997375759742,20.844466810744585,1635.0,488.865,148.057967644326
13001,Appling County,GA,Remote rural,32.8,-5.810753907423092,-7.01958398699495,-4.60192382785124,26.989246092576906,2531.0,830.1679999999999,147.07018139687847
28141,Tishomingo County,MS,"Rural, near a metro",29.4,-5.5645346011474155,-6.300529587684448,-4.828539614610386,23.835465398852584,2633.0,774.102,146.51419604821143
13237,Putnam County,GA,"Rural, near a metro",28.4,-5.733203230938059,-6.918210317439976,-4.548196144436144,22.66679676906194,2553.0,725.052,146.36867848584865
48003,Andrews County,TX,"Rural, near a metro",41.8,-9.31279409773079,-10.922090494355757,-7.703497701105821,32.48720590226921,1564.0,653.752,145.65209968850957
48161,Freestone County,TX,Remote rural,36.6,-6.421754162577988,-9.688634674357534,-3.1548736507984416,30.17824583742201,2265.0,828.99,145.45273178239145
13183,Long County,GA,Metro,29.3,-4.858740873458218,-5.522909713480245,-4.194572033436194,24.441259126541784,2993.0,876.9490000000001,145.42211434260446
13111,Fannin County,GA,"Rural, near a metro",28.9,-5.851248375825469,-6.705581945069304,-4.99691480658164,23.04875162417453,2483.0,717.587,145.2864971717464
28061,Jasper County,MS,Remote rural,26.8,-6.2029054396359,-7.318621984164467,-5.087188895107331,20.597094560364102,2329.0,624.172,144.4656676891201
12029,Dixie County,FL,"Rural, near a metro",23.2,-5.78866878271944,-6.354855731164169,-5.222481834274713,17.41133121728056,2493.0,578.376,144.31151275319561
47007,Bledsoe County,TN,"Rural, near a metro",29.3,-6.2816769878005365,-7.160131861932454,-5.403222113668617,23.018323012199463,2291.0,671.263,143.9132197905103
01133,Winston County,AL,"Rural, near a metro",23.6,-4.350798444647322,-4.711156801511322,-3.990440087783318,19.24920155535268,3262.0,769.8320000000001,141.92304526439565
13291,Union County,GA,Remote rural,31.7,-6.464241607369411,-7.170120163310822,-5.75836305142799,25.235758392630586,2195.0,695.815,141.89010328175857
48289,Leon County,TX,"Rural, near a metro",38.8,-7.974226166413546,-9.805871047768605,-6.142581285058483,30.825773833586453,1774.0,688.312,141.46277219217632
28057,Itawamba County,MS,Remote rural,27.3,-5.199938933379392,-5.598797982785026,-4.801079883973754,22.100061066620608,2716.0,741.4680000000001,141.23034143058428
47129,Morgan County,TN,Metro,27.2,-5.4024976952448975,-5.897788297022289,-4.907207093467497,21.797502304755103,2611.0,710.192,141.05921482284427
12059,Holmes County,FL,"Rural, near a metro",18.2,-5.267973422524546,-5.676774680362067,-4.859172164687028,12.932026577475455,2677.0,487.214,141.02364852098208
37123,Montgomery County,NC,"Rural, near a metro",28.3,-4.561702651878899,-5.670959462270639,-3.4524458414871586,23.7382973481211,3087.0,873.6210000000001,140.8197608635016
48123,DeWitt County,TX,"Rural, near a metro",31.1,-6.598344350614767,-8.035410538411103,-5.161278162818428,24.501655649385235,2132.0,663.052,140.67670155510683
45009,Bamberg County,SC,Remote rural,21.5,-6.852495699040152,-7.635522531131792,-6.069468866948513,14.647504300959849,2046.0,439.89,140.20206200236152
56033,Sheridan County,WY,Remote rural,27.0,-5.408862941373142,-6.153276063681951,-4.664449819064331,21.591137058626856,2589.0,699.03,140.03546155215065
47041,DeKalb County,TN,"Rural, near a metro",25.4,-4.821724399351379,-5.4378427715337825,-4.205606027168972,20.57827560064862,2903.0,737.362,139.97465931317055
48371,Pecos County,TX,Remote rural,36.9,-8.947439925856735,-11.657940427820384,-6.236939423893096,27.952560074143264,1558.0,574.9019999999999,139.40111404484793
28103,Noxubee County,MS,Remote rural,26.5,-7.009367892490316,-8.053708622455465,-5.965027162525167,19.490632107509683,1978.0,524.17,138.64529691345845
47145,Roane County,TN,Metro,19.7,-2.4648349933302396,-3.1627891348040658,-1.7668808518564139,17.23516500666976,5611.0,1105.367,138.30189147575976
48285,Lavaca County,TX,"Rural, near a metro",37.8,-8.348116455395612,-10.188155173528607,-6.508077737262611,29.451883544604385,1646.0,622.188,137.40999685581176
13161,Jeff Davis County,GA,Remote rural,29.9,-5.447258934922813,-6.196038215579387,-4.698479654266235,24.452741065077184,2519.0,753.1809999999999,137.21645257070566
48089,Colorado County,TX,"Rural, near a metro",38.1,-6.558907182828553,-9.243165904885489,-3.8746484607716116,31.54109281717145,2083.0,793.623,136.62203661831873
13251,Screven County,GA,"Rural, near a metro",24.8,-6.845502280322534,-8.383526082004606,-5.307478478640467,17.954497719677466,1991.0,493.76800000000003,136.29395040122165
37079,Greene County,NC,"Rural, near a metro",29.8,-4.959572990640233,-6.492396559148906,-3.4267494221315573,24.840427009359768,2728.0,812.9440000000001,135.29715118466555
13011,Banks County,GA,"Rural, near a metro",32.0,-6.429627611148671,-7.507482864770248,-5.351772357527093,25.57037238885133,2102.0,672.64,135.15077238634507
20035,Cowley County,KS,"Rural, near a metro",18.6,-3.543281422597386,-4.292720044054355,-2.7938428011404186,15.056718577402616,3809.0,708.474,134.9635893867344
01067,Henry County,AL,Metro,25.5,-6.334467318144094,-7.158101567243688,-5.5108330690445015,19.165532681855908,2125.0,541.875,134.60743051056198
55073,Marathon County,WI,Metro,13.7,-1.3420429297737657,-2.3384714451822726,-0.3456144143652571,12.357957070226234,9993.0,1369.0410000000002,134.1103499722924
28023,Clarke County,MS,Remote rural,23.5,-6.350591855675904,-7.193472138084,-5.507711573267813,17.149408144324095,2101.0,493.735,133.42593488775074
56029,Park County,WY,Remote rural,27.8,-5.419386250142843,-6.292668436317795,-4.5461040639678885,22.380613749857158,2460.0,683.88,133.31690175351395
48115,Dawson County,TX,Remote rural,37.3,-9.294645582235676,-11.054484310959888,-7.534806853511468,28.005354417764323,1434.0,534.882,133.2852176492596
12003,Baker County,FL,Metro,18.9,-4.5978913700994815,-5.765335081774361,-3.4304476584246038,14.302108629900516,2877.0,543.7529999999999,132.2813347177621
47091,Johnson County,TN,"Rural, near a metro",24.5,-4.994123684613149,-5.7416920569285566,-4.2465553122977475,19.50587631538685,2642.0,647.29,131.9447477474794
48389,Reeves County,TX,Remote rural,38.4,-9.930079117032893,-11.632385178538097,-8.227773055527667,28.469920882967106,1328.0,509.952,131.8714506741968
48051,Burleson County,TX,Metro,38.4,-6.6615507281151505,-9.280762705781534,-4.042338750448765,31.738449271884846,1975.0,758.4,131.56562688027424
37173,Swain County,NC,"Rural, near a metro",20.4,-7.636129984425705,-8.571867304790706,-6.700392664060704,12.763870015574295,1722.0,351.28799999999995,131.49415833181064
45039,Fairfield County,SC,Metro,18.2,-4.665562522066545,-5.9921212741541146,-3.339003769978974,13.534437477933455,2791.0,507.962,130.21584999087727
48353,Nolan County,TX,"Rural, near a metro",30.6,-6.580298387768295,-7.611639767527693,-5.548957008008902,24.019701612231707,1975.0,604.35,129.96089315842383
12041,Gilchrist County,FL,Metro,30.6,-5.8499327325742785,-6.572398419576704,-5.127467045571853,24.750067267425724,2218.0,678.7080000000001,129.7515080084975
20099,Labette County,KS,Remote rural,18.5,-4.659166455486386,-5.097621887858755,-4.220711023114018,13.840833544513615,2747.0,508.195,127.98730253221103
37015,Bertie County,NC,Remote rural,18.2,-5.2611028940086015,-6.226431689793537,-4.295774098223661,12.938897105991398,2432.0,442.624,127.95002238228918
48131,Duval County,TX,Remote rural,24.5,-9.530702424685174,-11.805430857349116,-7.255973992021226,14.969297575314826,1341.0,328.545,127.80671951502818
20169,Saline County,KS,Remote rural,19.8,-2.4555267919183854,-2.9247482106654474,-1.9863053731713236,17.344473208081617,5175.0,1024.65,127.07351148177644
47057,Grainger County,TN,Metro,23.0,-4.063529545032749,-4.625865089392761,-3.5011940006727387,18.93647045496725,3100.0,713.0,125.9694158960152
47133,Overton County,TN,Remote rural,22.4,-4.256820486192707,-4.812058851536788,-3.701582120848619,18.14317951380729,2956.0,662.1439999999999,125.83161357185642
48127,Dimmit County,TX,"Rural, near a metro",29.5,-9.475899154021866,-10.674881417219586,-8.276916890824152,20.024100845978133,1325.0,390.875,125.55566379078972
48487,Wilbarger County,TX,"Rural, near a metro",31.3,-6.686782857984676,-7.866847868488672,-5.506717847480681,24.613217142015323,1871.0,585.623,125.10970727289329
47051,Franklin County,TN,"Rural, near a metro",20.7,-2.8713745041942813,-3.479430950284001,-2.263318058104562,17.828625495805717,4328.0,895.896,124.2730885415285
01065,Hale County,AL,Metro,20.8,-5.132039165046789,-6.272926085516605,-3.9911522445769734,15.667960834953211,2418.0,502.944,124.09270701083138
28053,Humphreys County,MS,"Rural, near a metro",20.7,-7.113140414197226,-8.342794084711386,-5.883486743683073,13.586859585802774,1741.0,360.38699999999994,123.83977461117371
28077,Lawrence County,MS,"Rural, near a metro",26.7,-6.652464387546896,-7.677198533383646,-5.627730241710147,20.047535612453103,1853.0,494.751,123.27016510124398
20009,Barton County,KS,Remote rural,24.3,-4.844953878174771,-5.348144460859185,-4.3417632954903596,19.45504612182523,2529.0,614.547,122.52888357903997
13099,Early County,GA,"Rural, near a metro",25.9,-6.979871080649344,-8.295323516534243,-5.664418644764448,18.920128919350653,1752.0,453.768,122.28734133297651
48253,Jones County,TX,Metro,34.2,-6.3801317141103535,-8.725301373431469,-4.03496205478924,27.819868285889648,1913.0,654.2460000000001,122.05191969093107
47047,Fayette County,TN,Metro,22.7,-3.7719995192523887,-4.842778849112195,-2.7012201893925827,18.92800048074761,3224.0,731.8480000000001,121.60926450069701
20051,Ellis County,KS,Remote rural,21.5,-3.4541224789294023,-4.174316974219527,-2.7339279836392754,18.045877521070597,3503.0,753.145,120.99791043689696
01041,Crenshaw County,AL,"Rural, near a metro",23.4,-6.205665066686213,-7.208496342930211,-5.2028337904422095,17.194334933313787,1949.0,456.066,120.94841214971429
48415,Scurry County,TX,Remote rural,34.5,-7.50749213768051,-8.979004619362131,-6.035979655998872,26.992507862319492,1602.0,552.69,120.27002404564178
48145,Falls County,TX,Metro,33.0,-5.427635924857293,-7.056326057348046,-3.7989457923665433,27.57236407514271,2205.0,727.65,119.67937214310332
13049,Charlton County,GA,"Rural, near a metro",25.3,-7.512037567533787,-8.806733208207696,-6.2173419268598895,17.787962432466212,1590.0,402.27,119.44139732378721
48233,Hutchinson County,TX,"Rural, near a metro",32.1,-6.511118822498185,-7.910556710832094,-5.11168093416427,25.58888117750182,1830.0,587.43,119.15347445171679
48239,Jackson County,TX,"Rural, near a metro",37.5,-7.596558907776439,-9.65869263965551,-5.5344251758973755,29.90344109222356,1553.0,582.375,117.9745598377681
48379,Rains County,TX,"Rural, near a metro",35.1,-8.51374848753523,-9.662828743068916,-7.364668232001554,26.58625151246477,1378.0,483.67800000000005,117.31945415823546
48255,Karnes County,TX,"Rural, near a metro",33.3,-8.466870192787624,-10.975368598656464,-5.958371786918781,24.833129807212373,1377.0,458.541,116.58880255468559
20103,Leavenworth County,KS,Metro,20.5,-1.9836622278820364,-2.5686570554975576,-1.398667400266516,18.516337772117964,5876.0,1204.58,116.55999251034847
13145,Harris County,GA,Metro,29.9,-5.536929767529657,-6.090564243989854,-4.983295291069454,24.363070232470342,2103.0,628.797,116.4416330111487
13003,Atkinson County,GA,Remote rural,42.1,-7.5935878946725275,-10.595180974339552,-4.591994815005493,34.50641210532747,1514.0,637.394,114.96692072534208
20061,Geary County,KS,"Rural, near a metro",17.4,-2.48274004743851,-3.777397209180398,-1.1880828856966228,14.917259952561489,4607.0,801.6179999999999,114.37983398549216
28005,Amite County,MS,"Rural, near a metro",27.7,-6.546568567384219,-7.662655815141906,-5.430481319626523,21.15343143261578,1744.0,483.08799999999997,114.1721558151808
28135,Tallahatchie County,MS,Remote rural,24.1,-6.1258929527128,-7.525728185291601,-4.726057720134003,17.9741070472872,1862.0,448.742,114.06412677951234
48455,Trinity County,TX,Remote rural,30.6,-5.9419672743594045,-7.35002307055742,-4.533911478161392,24.658032725640595,1918.0,586.908,113.96693232221338
55141,Wood County,WI,"Rural, near a metro",9.9,-1.7820874048762811,-2.17436515771304,-1.389809652039526,8.11791259512372,6393.0,632.907,113.92884779374064
37055,Dare County,NC,"Rural, near a metro",27.7,-4.471953807467377,-5.517604239933721,-3.42630337500103,23.228046192532624,2536.0,702.472,113.40874855737266
48369,Parmer County,TX,Remote rural,47.7,-10.262676089051059,-12.164073896458481,-8.361278281643632,37.43732391094895,1103.0,526.1310000000001,113.19731726223318
47173,Union County,TN,Metro,22.9,-4.3715998722616085,-4.829064840824077,-3.91413490369914,18.52840012773839,2581.0,591.049,112.83099270307211
47049,Fentress County,TN,Remote rural,21.1,-3.7776101376082467,-4.3738125466325535,-3.1814077285839417,17.322389862391756,2972.0,627.0920000000001,112.2705732897171
48047,Brooks County,TX,Remote rural,29.7,-9.22276442909446,-11.453710981754742,-6.991817876434174,20.477235570905542,1217.0,361.449,112.24104310207957
47085,Humphreys County,TN,"Rural, near a metro",22.2,-4.837697443837827,-5.214403049051115,-4.4609918386245395,17.36230255616217,2304.0,511.48799999999994,111.46054910602355
13193,Macon County,GA,"Rural, near a metro",30.8,-6.114522845840915,-7.054736975069995,-5.174308716611833,24.685477154159088,1813.0,558.404,110.85629919509579
28013,Calhoun County,MS,Remote rural,30.1,-5.7055838185672645,-6.484028448167931,-4.927139188966597,24.39441618143274,1941.0,584.2410000000001,110.74538191839059
37041,Chowan County,NC,"Rural, near a metro",21.0,-6.617198311109273,-7.3645285855307465,-5.869868036687798,14.382801688890726,1670.0,350.7,110.50721179552484
28069,Kemper County,MS,Remote rural,22.2,-8.486217980886105,-9.048469587418905,-7.923966374353294,13.713782019113895,1302.0,289.044,110.49055811113708
48395,Robertson County,TX,Metro,32.7,-5.435496576729158,-6.93444634871295,-3.9365468047453724,27.264503423270845,2028.0,663.1560000000001,110.23187057606732
56023,Lincoln County,WY,Remote rural,37.1,-8.29003772933969,-9.370849637326186,-7.2092258213531855,28.80996227066031,1320.0,489.72,109.42849802728391
28129,Smith County,MS,"Rural, near a metro",29.6,-6.216453615237123,-6.9242365353442965,-5.508670695129951,23.38354638476288,1759.0,520.664,109.347419092021
37011,Avery County,NC,"Rural, near a metro",26.9,-5.743459580785588,-6.8119852868310815,-4.674933874740095,21.15654041921441,1895.0,509.755,108.8385590558869
48351,Newton County,TX,Metro,32.6,-6.629600878095932,-7.527791662463207,-5.731410093728655,25.97039912190407,1639.0,534.314,108.65915839199232
46081,Lawrence County,SD,"Rural, near a metro",25.7,-4.500266371415115,-5.058929468852486,-3.9416032739777433,21.199733628584884,2404.0,617.828,108.18640356881937
56039,Teton County,WY,Remote rural,41.8,-9.073401758888794,-11.079980271410873,-7.06682324636674,32.726598241111205,1183.0,494.4939999999999,107.33834280765443
47005,Benton County,TN,Remote rural,21.7,-5.00180522671483,-5.334719096873588,-4.668891356556074,16.69819477328517,2145.0,465.465,107.28872211303312
46013,Brown County,SD,Remote rural,25.0,-3.67018020043243,-4.227987223315586,-3.1123731775492716,21.32981979956757,2906.0,726.5,106.6554366245664
48063,Camp County,TX,"Rural, near a metro",37.0,-5.927264528304797,-9.374703174737729,-2.4798258818718693,31.072735471695204,1796.0,664.52,106.45367092835416
13211,Morgan County,GA,Metro,26.5,-6.0195668687594655,-6.645597693120776,-5.393536044398151,20.480433131240535,1759.0,466.135,105.884181221479
47023,Chester County,TN,Metro,21.5,-5.32994301849616,-5.81199926256018,-4.847886774432144,16.17005698150384,1986.0,426.99,105.85266834733375
13191,McIntosh County,GA,Metro,26.1,-6.773915566262992,-7.44117588098289,-6.106655251543092,19.32608443373701,1562.0,407.682,105.80856114502794
13165,Jenkins County,GA,"Rural, near a metro",25.6,-6.750637853679455,-7.636467191256214,-5.8648085161027,18.849362146320544,1561.0,399.61600000000004,105.3774568959363
12065,Jefferson County,FL,Metro,23.9,-6.460652789535109,-7.108286900992624,-5.813018678077587,17.439347210464888,1631.0,389.80899999999997,105.37324699731764
55039,Fond du Lac County,WI,Metro,11.6,-1.4653261132194018,-2.159182197087742,-0.771470029351061,10.134673886780599,7167.0,831.372,105.01992253443451
12013,Calhoun County,FL,"Rural, near a metro",24.0,-5.840774565119412,-7.46349395433341,-4.2180551759054055,18.15922543488059,1797.0,431.28,104.95871893519583
48343,Morris County,TX,"Rural, near a metro",29.5,-5.756781311049645,-6.739126311099861,-4.7744363109994215,23.743218688950357,1822.0,537.49,104.88855548732452
01027,Clay County,AL,Remote rural,23.1,-5.635262795681344,-6.4423304213871635,-4.828195169975521,17.46473720431866,1859.0,429.42900000000003,104.75953537171618
47159,Smith County,TN,Metro,21.6,-4.73660829630655,-5.2406878019162875,-4.232528790696817,16.863391703693452,2208.0,476.92800000000005,104.58431118244864
13173,Lanier County,GA,Metro,32.8,-5.986727864066239,-7.868032344727277,-4.10542338340521,26.813272135933758,1742.0,571.376,104.2887993920339
28097,Montgomery County,MS,Remote rural,25.8,-6.75325056981696,-7.766253273255449,-5.740247866378471,19.04674943018304,1544.0,398.35200000000003,104.27018879797386
37053,Currituck County,NC,Metro,25.9,-5.075506907830943,-5.623393162148502,-4.527620653513384,20.824493092169057,2054.0,531.986,104.25091188684756
47153,Sequatchie County,TN,Metro,26.4,-4.6751511222675015,-5.392906925943918,-3.9573953185910855,21.724848877732498,2229.0,588.456,104.20911851534261
46005,Beadle County,SD,Remote rural,30.4,-5.112640997429242,-5.642516519855084,-4.582765475003405,25.287359002570756,2034.0,618.336,103.99111788771079
55071,Manitowoc County,WI,"Rural, near a metro",12.1,-1.7157508059282467,-2.181173225649081,-1.2503283862074133,10.384249194071753,6059.0,733.1389999999999,103.95734133119247
13287,Turner County,GA,"Rural, near a metro",26.4,-6.570124895056161,-7.817174811438784,-5.323074978673542,19.829875104943838,1582.0,417.64799999999997,103.93937583978845
47181,Wayne County,TN,"Rural, near a metro",25.2,-5.201447446286895,-5.777663692262779,-4.625231200311015,19.998552553713104,1998.0,503.496,103.92491997681218
55131,Washington County,WI,Metro,11.4,-1.668341957285742,-2.3344279520763624,-1.002255962495124,9.731658042714258,6206.0,707.484,103.53730186915314
55117,Sheboygan County,WI,Metro,14.1,-1.3047102232654757,-1.964475031728771,-0.6449454148021803,12.795289776734524,7906.0,1114.7459999999999,103.1503902513685
01057,Fayette County,AL,"Rural, near a metro",21.7,-4.646351536019108,-5.302458437424957,-3.9902446346132594,17.053648463980892,2215.0,480.655,102.91668652282324
01023,Choctaw County,AL,Remote rural,22.2,-6.372231902793913,-7.1024179018898685,-5.642045903697955,15.827768097206086,1615.0,358.53,102.91154523012169
01001,Autauga County,AL,Metro,22.6,-1.7128990796913766,-2.476663091489111,-0.9491350678936423,20.887100920308626,5982.0,1351.932,102.46562294713814
13273,Terrell County,GA,Metro,25.0,-7.109845049737172,-8.710838854970605,-5.508851244503735,17.89015495026283,1434.0,358.5,101.95517801323105
46027,Clay County,SD,"Rural, near a metro",24.3,-4.638209739614248,-5.1063315696435865,-4.170087909584906,19.661790260385754,2197.0,533.871,101.90146797932502
55043,Grant County,WI,"Rural, near a metro",14.0,-1.8089953397868075,-2.2434696423147273,-1.3745210372588879,12.191004660213192,5631.0,788.34,101.86452758339513
13005,Bacon County,GA,Remote rural,29.6,-5.582394967457503,-7.10924440623322,-4.05554552868179,24.017605032542498,1822.0,539.312,101.71123630707571
01011,Bullock County,AL,"Rural, near a metro",24.6,-6.082921330062385,-7.00235549411616,-5.163487166008607,18.517078669937618,1670.0,410.82,101.58478621204183
13149,Heard County,GA,Metro,27.1,-5.898662565986211,-6.498082463716061,-5.299242668256358,21.20133743401379,1717.0,465.307,101.28003625798323
13219,Oconee County,GA,Metro,33.9,-5.852681078750276,-6.709046769398991,-4.996315388101563,28.047318921249722,1730.0,586.47,101.25138266237978
37115,Madison County,NC,Metro,20.6,-4.01734994161223,-4.308657582120123,-3.726042301104338,16.58265005838777,2507.0,516.442,100.71496303621862
37199,Yancey County,NC,"Rural, near a metro",25.4,-4.523166366838504,-5.000362780028219,-4.045969953648788,20.876833633161496,2221.0,564.1339999999999,100.45952500748318
13231,Pike County,GA,Metro,29.4,-5.961448997883265,-6.5451048141379715,-5.377793181628562,23.438551002116732,1681.0,494.21399999999994,100.21195765441767
13221,Oglethorpe County,GA,Metro,30.5,-6.202559403272065,-7.229441429389573,-5.175677377154556,24.297440596727935,1614.0,492.27,100.10930876881113
13023,Bleckley County,GA,"Rural, near a metro",24.8,-6.576357637446327,-7.524164642515068,-5.628550632377587,18.223642362553676,1521.0,377.208,100.02639966555863
12047,Hamilton County,FL,"Rural, near a metro",23.5,-5.395786660188197,-7.146291595015815,-3.6452817253605754,18.104213339811803,1853.0,435.455,99.98392681328728
13159,Jasper County,GA,Metro,31.2,-5.744373905226061,-6.349953547479524,-5.138794262972597,25.45562609477394,1738.0,542.256,99.83721847282894
55127,Walworth County,WI,"Rural, near a metro",16.4,-1.1828972659281598,-1.6085647742693274,-0.757229757586992,15.217102734071839,8436.0,1383.504,99.78921335369957
48387,Red River County,TX,"Rural, near a metro",31.2,-5.835317823220733,-7.686842032790393,-3.983793613651078,25.364682176779265,1699.0,530.088,99.14204981652026
28111,Perry County,MS,Metro,26.7,-5.846889321737031,-6.487911927723584,-5.205866715750476,20.85311067826297,1694.0,452.29799999999994,99.0463051102253
28143,Tunica County,MS,Metro,18.7,-4.367938934797621,-5.896536861715986,-2.839341007879248,14.332061065202378,2265.0,423.555,98.93381687316611
48017,Bailey County,TX,Remote rural,45.3,-10.45415626669662,-12.178182712539302,-8.730129820853934,34.845843733303376,931.0,421.74299999999994,97.32819484294552
48193,Hamilton County,TX,"Rural, near a metro",36.5,-9.75667015395585,-10.856716709094906,-8.656623598816797,26.743329846044148,995.0,363.175,97.07886803186071
28161,Yalobusha County,MS,Remote rural,21.8,-4.969124857652067,-6.4383767960125,-3.499872919291624,16.830875142347935,1935.0,421.83,96.15256599556749
12045,Gulf County,FL,Metro,23.0,-6.0519077417003615,-7.219277878469178,-4.8845376049315465,16.94809225829964,1587.0,365.01,96.04377586078473
48043,Brewster County,TX,Remote rural,36.9,-9.507150462794634,-10.667606232603086,-8.346694692986175,27.392849537205365,1006.0,371.214,95.64193365571401
01029,Cleburne County,AL,"Rural, near a metro",26.1,-5.025070208822309,-5.338536148575926,-4.711604269068689,21.07492979117769,1901.0,496.16100000000006,95.5265846697121
37149,Polk County,NC,"Rural, near a metro",27.3,-5.219837293931618,-5.8130598990420665,-4.62661468882117,22.080162706068382,1829.0,499.31700000000006,95.47082410600929
47139,Polk County,TN,Metro,24.2,-4.059976248179611,-4.3899906903405705,-3.729961806018653,20.140023751820387,2323.0,562.1659999999999,94.31324824521236
28065,Jefferson Davis County,MS,"Rural, near a metro",24.8,-5.275887305849327,-6.573831310080781,-3.977943301617878,19.524112694150674,1773.0,439.704,93.54148193270856
55097,Portage County,WI,"Rural, near a metro",13.6,-1.4464778447839386,-2.1659077145466177,-0.727047975021258,12.153522155216061,6438.0,875.568,93.12424364718997
13043,Candler County,GA,Remote rural,31.9,-5.490212387904815,-7.1096332907068645,-3.8707914851027687,26.409787612095183,1690.0,539.11,92.78458935559136
37005,Alleghany County,NC,Remote rural,30.9,-6.11144964781915,-6.897361476860337,-5.325537818777961,24.78855035218085,1513.0,467.517,92.46623317150373
48357,Ochiltree County,TX,Remote rural,48.7,-9.05443358856272,-10.386490304284159,-7.722376872841302,39.64556641143729,1020.0,496.74,92.35522260333974
47017,Carroll County,TN,"Rural, near a metro",18.4,-2.57640565166046,-3.801197602253091,-1.3516137010678317,15.823594348339538,3580.0,658.72,92.23532232944447
13079,Crawford County,GA,Metro,28.4,-6.198636678126702,-6.939498419971217,-5.457774936282181,22.201363321873295,1483.0,421.17199999999997,91.92578193661899
28063,Jefferson County,MS,"Rural, near a metro",23.4,-6.793894805578577,-8.20177540746224,-5.3860142036949155,16.60610519442142,1351.0,316.13399999999996,91.78551882336657
45017,Calhoun County,SC,Metro,21.4,-5.316778051903952,-6.311223788820447,-4.322332314987461,16.083221948096046,1725.0,369.15,91.71442139534317
13269,Taylor County,GA,"Rural, near a metro",23.9,-7.003087405503452,-8.453791257955288,-5.552383553051626,16.89691259449655,1305.0,311.895,91.39029064182006
13133,Greene County,GA,"Rural, near a metro",30.1,-6.084372309191534,-7.132296649901579,-5.036447968481498,24.01562769080847,1500.0,451.5,91.265584637873
48399,Runnels County,TX,"Rural, near a metro",35.3,-8.540637609031663,-10.645959309192166,-6.435315908871166,26.759362390968334,1065.0,375.945,90.9577905361872
13253,Seminole County,GA,"Rural, near a metro",23.1,-6.605415651333137,-7.46773151296985,-5.743099789696423,16.494584348666866,1375.0,317.62500000000006,90.82446520583063
56041,Uinta County,WY,Remote rural,28.4,-5.180997279770102,-6.107518576100267,-4.25447598343993,23.219002720229895,1745.0,495.58,90.40840253198827
48475,Ward County,TX,"Rural, near a metro",36.8,-8.410477279703459,-10.485140125404833,-6.335814434002106,28.38952272029654,1074.0,395.23199999999997,90.32852598401514
01087,Macon County,AL,"Rural, near a metro",19.8,-2.9750589677653796,-4.155770111075572,-1.7943478244551885,16.82494103223462,3031.0,600.138,90.17403731296865
01131,Wilcox County,AL,Remote rural,18.6,-4.729454268443336,-5.928323912467563,-3.5305846244191086,13.870545731556666,1906.0,354.5160000000001,90.14339835652999
56007,Carbon County,WY,Remote rural,34.6,-7.154746796133585,-8.216406938430985,-6.09308665383619,27.445253203866415,1252.0,433.19200000000006,89.57742988759249
46083,Lincoln County,SD,Metro,26.2,-2.588701467079932,-3.4870678376376256,-1.6903350965222403,23.611298532920067,3454.0,904.948,89.41374867294084
48315,Marion County,TX,"Rural, near a metro",29.4,-6.689363236583632,-8.178934957700177,-5.199791515467087,22.710636763416368,1332.0,391.60799999999995,89.10231831129397
20079,Harvey County,KS,Metro,19.3,-3.160775402638355,-3.785208852396539,-2.5363419528801714,16.139224597361647,2819.0,544.067,89.10225860037522
47061,Grundy County,TN,"Rural, near a metro",20.8,-4.229947509203594,-4.673712217426958,-3.7861828009802316,16.570052490796407,2105.0,437.84,89.04039506873565
13235,Pulaski County,GA,Metro,25.7,-6.7141219515846675,-7.620218510618539,-5.808025392550789,18.98587804841533,1317.0,338.469,88.42498610237007
48069,Castro County,TX,"Rural, near a metro",38.9,-9.709433378245041,-11.420957366632955,-7.997909389857121,29.190566621754957,909.0,353.601,88.25874940824743
46121,Todd County,SD,Remote rural,16.3,-5.034174422656183,-5.736432973686569,-4.331915871625798,11.265825577343819,1738.0,283.29400000000004,87.49395146576447
12037,Franklin County,FL,"Rural, near a metro",25.7,-6.264455831084839,-7.955623756698715,-4.573287905470971,19.43554416891516,1395.0,358.515,87.38915884363351
13271,Telfair County,GA,Remote rural,23.2,-4.973339482850343,-5.855451327060353,-4.091227638640333,18.226660517149657,1755.0,407.16,87.28210792402352
47101,Lewis County,TN,"Rural, near a metro",22.2,-4.950104286459345,-5.322158757647036,-4.578049815271654,17.249895713540653,1760.0,390.72,87.12183544168447
13319,Wilkinson County,GA,"Rural, near a metro",24.3,-6.953455638022843,-8.115320584578333,-5.79159069146735,17.34654436197716,1250.0,303.75,86.91819547528554
20021,Cherokee County,KS,"Rural, near a metro",18.4,-3.5662957955201753,-4.173191083712748,-2.959400507327602,14.833704204479822,2434.0,447.856,86.80363966296106
48059,Callahan County,TX,Metro,27.9,-5.540122423910104,-6.261422344768478,-4.818822503051731,22.359877576089893,1560.0,435.24,86.42590981299762
48297,Live Oak County,TX,"Rural, near a metro",36.4,-7.8302311176654165,-9.571786780729104,-6.088675454601728,28.569768882334582,1100.0,400.4,86.13254229431958
48083,Coleman County,TX,"Rural, near a metro",35.3,-7.943434527996087,-9.26187179701372,-6.624997258978457,27.35656547200391,1084.0,382.652,86.10683028347758
13167,Johnson County,GA,Remote rural,25.2,-6.918790456358551,-8.510128377998733,-5.327452534718373,18.28120954364145,1244.0,313.488,86.06975327710039
13155,Irwin County,GA,Remote rural,25.8,-6.581169720918538,-8.03534950159692,-5.126989940240157,19.218830279081462,1304.0,336.432,85.81845316077774
13283,Treutlen County,GA,Remote rural,24.4,-8.750943069573898,-9.646349320894675,-7.855536818253122,15.6490569304261,977.0,238.388,85.49671378973699
13317,Wilkes County,GA,"Rural, near a metro",28.2,-6.444790365021006,-7.773413343544125,-5.1161673864978905,21.755209634978993,1323.0,373.086,85.2645765292279
55109,St. Croix County,WI,Metro,13.7,-1.9047988756459484,-2.5584483075597464,-1.2511494437321538,11.795201124354051,4454.0,610.198,84.83974192127054
12043,Glades County,FL,"Rural, near a metro",35.6,-6.239170164670773,-8.479891774390412,-3.9984485549511404,29.360829835329227,1358.0,483.44800000000004,84.72793083622909
48437,Swisher County,TX,"Rural, near a metro",38.0,-9.029249294040472,-10.530423241778765,-7.528075346302166,28.970750705959528,936.0,355.68,84.51377339221881
48405,San Augustine County,TX,Remote rural,34.3,-7.36931237469587,-8.993230725039751,-5.745394024351988,26.930687625304127,1146.0,393.078,84.45231981401467
13083,Dade County,GA,Metro,26.4,-4.869313121770774,-5.267636281749883,-4.470989961791661,21.530686878229226,1726.0,455.66399999999993,84.04434448176356
37103,Jones County,NC,Metro,24.1,-6.3277861248790925,-7.678391824583919,-4.977180425174266,17.772213875120908,1327.0,319.807,83.96972187714556
56003,Big Horn County,WY,Remote rural,32.7,-6.626913256254184,-7.404306874806864,-5.849519637701505,26.07308674374582,1258.0,411.36600000000004,83.36656876367763
01107,Pickens County,AL,Metro,20.9,-3.261541534522858,-4.457430072609338,-2.0656529964363814,17.63845846547714,2551.0,533.159,83.20192454567811
55027,Dodge County,WI,"Rural, near a metro",12.4,-1.3972597769638424,-1.9166553593082698,-0.8778641946194148,11.002740223036158,5954.0,738.296,83.19284712042717
47033,Crockett County,TN,Metro,24.3,-4.970581174980155,-5.834333157821555,-4.106829192138748,19.329418825019847,1670.0,405.81,83.00870562216859
47039,Decatur County,TN,Remote rural,21.8,-5.049542617542389,-5.498990169325293,-4.6000950657594855,16.75045738245761,1642.0,357.95599999999996,82.91348978004604
48403,Sabine County,TX,"Rural, near a metro",29.7,-6.760623773825257,-7.8121492198837865,-5.709098327766732,22.939376226174744,1224.0,363.52799999999996,82.75003499162115
48313,Madison County,TX,"Rural, near a metro",39.2,-5.615556880053372,-8.801106849875278,-2.430006910231476,33.58444311994663,1464.0,573.888,82.21175272398136
13093,Dooly County,GA,"Rural, near a metro",29.5,-5.969341522880791,-7.169418158347942,-4.769264887413641,23.53065847711921,1372.0,404.74,81.89936569392445
13109,Evans County,GA,"Rural, near a metro",30.7,-5.209009866039313,-6.5007881760648685,-3.91723155601376,25.490990133960686,1571.0,482.29699999999997,81.83354499547761
47015,Cannon County,TN,Metro,22.8,-4.5558452142478805,-4.902463624798742,-4.209226803697019,18.24415478575212,1789.0,407.89200000000005,81.50407088289458
46035,Davison County,SD,Remote rural,21.8,-4.254062686361996,-4.648875321921731,-3.8592500508022605,17.545937313638007,1914.0,417.25200000000007,81.4227598169686
47121,Meigs County,TN,"Rural, near a metro",20.7,-4.5142549169807005,-5.057240094379276,-3.9712697395821235,16.1857450830193,1791.0,370.73699999999997,80.85030556312435
55005,Barron County,WI,"Rural, near a metro",12.9,-1.9358995727298263,-2.5073865016366694,-1.364412643822984,10.964100427270175,4176.0,538.7040000000001,80.84316615719754
55017,Chippewa County,WI,Metro,12.4,-1.5696934655609796,-2.1111583351845145,-1.0282285959374446,10.830306534439021,5150.0,638.6,80.83921347639044
48307,McCulloch County,TX,Remote rural,36.4,-8.959424234096307,-10.25225009903878,-7.666598369153833,27.44057576590369,901.0,327.964,80.72441234920773
48429,Stephens County,TX,Remote rural,33.7,-7.331446089356863,-9.138163178425291,-5.524729000288417,26.36855391064314,1096.0,369.35200000000003,80.35264913935123
13141,Hancock County,GA,Remote rural,23.0,-6.605206995636179,-7.547579514766111,-5.662834476506244,16.39479300436382,1210.0,278.3,79.92300464719776
55055,Jefferson County,WI,"Rural, near a metro",12.6,-1.4297666719118796,-2.0516507911680777,-0.807882552655683,11.17023332808812,5579.0,702.954,79.76668262596377
48377,Presidio County,TX,Remote rural,46.9,-10.895480281052535,-12.629683217268795,-9.16127734483626,36.00451971894746,732.0,343.30799999999994,79.75491565730455
37143,Perquimans County,NC,"Rural, near a metro",23.5,-5.737544752608679,-6.619328636189181,-4.8557608690281855,17.762455247391323,1390.0,326.65,79.75187206126064
55075,Marinette County,WI,"Rural, near a metro",10.0,-2.105459629335971,-2.326344608994733,-1.88457464967721,7.8945403706640285,3772.0,377.2,79.41793721855282
01091,Marengo County,AL,Remote rural,18.0,-2.882378236857034,-4.307366468328871,-1.4573900053851985,15.117621763142965,2716.0,488.88,78.28539291303704
48283,La Salle County,TX,"Rural, near a metro",33.1,-9.93239141527242,-12.393833857428401,-7.47094897311644,23.16760858472758,777.0,257.187,77.1746812966667
13197,Marion County,GA,Metro,33.4,-6.775128108797944,-8.05348877663389,-5.496767440961995,26.624871891202055,1137.0,379.758,77.03320659703262
01075,Lamar County,AL,"Rural, near a metro",21.7,-4.209346845102105,-5.191904499771734,-3.226789190432474,17.490653154897895,1826.0,396.24199999999996,76.86267339156444
28155,Webster County,MS,Remote rural,26.4,-5.878190140510509,-6.557571081776901,-5.198809199244113,20.52180985948949,1307.0,345.04799999999994,76.82794513647235
01129,Washington County,AL,"Rural, near a metro",18.1,-4.305764278666812,-5.8961666635612575,-2.7153618937723687,13.79423572133319,1774.0,321.094,76.38425830354925
28015,Carroll County,MS,Remote rural,28.5,-6.566076491884004,-7.253877993658756,-5.878274990109254,21.933923508115996,1156.0,329.46,75.90384424617909
13065,Clinch County,GA,"Rural, near a metro",31.4,-6.509052409280993,-7.249320405721444,-5.768784412840536,24.890947590719005,1165.0,365.81,75.83046056812356
20059,Franklin County,KS,"Rural, near a metro",21.3,-3.024353027640547,-3.815256966137079,-2.233449089144016,18.275646972359453,2507.0,533.991,75.8205304029485
48111,Dallam County,TX,Remote rural,47.2,-8.235696465714046,-10.521459654723667,-5.949933276704417,38.96430353428596,920.0,434.24,75.76840748456922
48031,Blanco County,TX,"Rural, near a metro",35.9,-8.373829326666117,-10.032805416526713,-6.714853236805521,27.52617067333388,891.0,319.86899999999997,74.6108193005951
46029,Codington County,SD,Remote rural,22.9,-3.0961837126488807,-3.749441666924781,-2.442925758372979,19.80381628735112,2398.0,549.1419999999999,74.24648542932016
13315,Wilcox County,GA,"Rural, near a metro",30.1,-6.80856362437049,-7.838821976518363,-5.778305272222621,23.291436375629512,1090.0,328.09,74.21334350563833
55031,Douglas County,WI,Metro,10.6,-1.8710908295456623,-2.1998615315217345,-1.5423201275695917,8.728909170454337,3965.0,420.29,74.18875139148551
55111,Sauk County,WI,"Rural, near a metro",12.6,-1.4803453654089334,-1.9708375956355382,-0.9898531351823283,11.119654634591067,5010.0,631.26,74.16530280698757
55135,Waupaca County,WI,"Rural, near a metro",13.2,-1.8459299758563295,-2.070783243745144,-1.621076707967514,11.35407002414367,4004.0,528.5279999999999,73.91103623328743
48159,Franklin County,TX,Remote rural,32.8,-6.009534203522362,-7.56036986505246,-4.45869854199227,26.790465796477633,1226.0,402.12799999999993,73.67688933518416
47087,Jackson County,TN,"Rural, near a metro",23.6,-4.399825630603325,-4.8575036649817145,-3.9421475962249324,19.200174369396677,1673.0,394.82800000000003,73.60908279999362
28009,Benton County,MS,Metro,32.0,-6.259133980799844,-7.527235146062945,-4.991032815536738,25.740866019200155,1176.0,376.32,73.60741561420616
48501,Yoakum County,TX,Remote rural,45.6,-10.513995692254351,-12.091645058300266,-8.936346326208442,35.086004307745654,697.0,317.832,73.28254997501283
28037,Franklin County,MS,Remote rural,27.3,-6.685689279453627,-7.6145014345366455,-5.756877124370608,20.614310720546374,1092.0,298.11600000000004,73.00772693163361
55033,Dunn County,WI,"Rural, near a metro",11.1,-1.6138356041324504,-2.31908485662298,-0.9085863516419224,9.486164395867549,4522.0,501.94199999999995,72.97764601886942
13243,Randolph County,GA,"Rural, near a metro",23.1,-6.964043866717439,-7.573787957957011,-6.354299775477868,16.135956133282562,1028.0,237.46800000000002,71.59037094985528
46011,Brookings County,SD,Remote rural,25.1,-1.9615149782841228,-2.7960280419913675,-1.127001914576879,23.13848502171588,3632.0,911.6320000000001,71.24222401127933
48237,Jack County,TX,"Rural, near a metro",38.8,-7.2342005009288926,-8.98626110790182,-5.482139893955958,31.565799499071105,981.0,380.62799999999993,70.96750691411245
12125,Union County,FL,"Rural, near a metro",18.2,-4.54522832715585,-6.04655561537027,-3.04390103894143,13.654771672844149,1536.0,279.55199999999996,69.81470710511385
47161,Stewart County,TN,"Rural, near a metro",20.9,-4.293400678679996,-4.856948463844253,-3.7298528935157353,16.606599321320004,1603.0,335.027,68.82321287924033
48247,Jim Hogg County,TX,"Rural, near a metro",28.7,-9.545217135893335,-11.126428809452904,-7.964005462333775,19.154782864106664,719.0,206.35299999999998,68.63011120707307
48107,Crosby County,TX,Metro,34.0,-9.252050639689054,-11.74504417045772,-6.759057108920392,24.747949360310947,735.0,249.9,68.00257220171454
13289,Twiggs County,GA,Metro,24.6,-6.799466856872952,-7.497258344387999,-6.101675369357908,17.800533143127048,998.0,245.50800000000004,67.85867923159206
13209,Montgomery County,GA,Remote rural,28.1,-6.142161820086657,-7.099304970694155,-5.185018669479153,21.957838179913345,1102.0,309.66200000000003,67.68662325735497
55115,Shawano County,WI,"Rural, near a metro",10.6,-1.9671158185669262,-2.4161554801420264,-1.518076156991828,8.632884181433074,3433.0,363.89799999999997,67.53108605140258
20015,Butler County,KS,Metro,21.0,-1.4610666535981238,-2.0321155711122447,-0.890017736084005,19.538933346401876,4622.0,970.62,67.53050072930529
56009,Converse County,WY,"Rural, near a metro",30.3,-5.848159156650392,-7.122308208373514,-4.5740101049272734,24.451840843349608,1142.0,346.026,66.78597756894747
46109,Roberts County,SD,Remote rural,21.2,-6.609314928623776,-7.469921629274629,-5.7487082279729185,14.590685071376225,1005.0,213.06,66.42361503266895
01119,Sumter County,AL,"Rural, near a metro",18.5,-2.786627239496891,-4.286652071578495,-1.2866024074152889,15.713372760503109,2382.0,440.67,66.37746084481594
37121,Mitchell County,NC,Remote rural,23.9,-3.842071460124863,-4.549707064788427,-3.1344358554613008,20.057928539875135,1704.0,407.256,65.46889768052766
28119,Quitman County,MS,"Rural, near a metro",20.7,-5.144653902852742,-6.1931734564246,-4.0961343492808835,15.555346097147257,1269.0,262.683,65.2856580272013
55021,Columbia County,WI,Metro,12.8,-1.6385556946014488,-2.24234860918218,-1.0347627800207189,11.161444305398552,3949.0,505.47200000000004,64.70656437981121
48391,Refugio County,TX,"Rural, near a metro",28.9,-7.803416967581313,-9.134910123018248,-6.471923812144377,21.096583032418685,819.0,236.69099999999997,63.90998496449095
01035,Conecuh County,AL,Remote rural,20.1,-3.5281563676068064,-4.6458584465290995,-2.4104542886845164,16.571843632393197,1798.0,361.398,63.43625148957038
48153,Floyd County,TX,"Rural, near a metro",36.4,-9.435846533061577,-10.95763270088082,-7.914060365242319,26.96415346693842,668.0,243.15200000000002,63.03145484085134
37131,Northampton County,NC,Remote rural,17.9,-2.9629478576219954,-4.197488905267269,-1.728406809976724,14.937052142378004,2127.0,380.73299999999995,63.02190093161985
48411,San Saba County,TX,Remote rural,41.0,-9.099421926142881,-10.400722868263514,-7.798120984022237,31.90057807385712,680.0,278.8,61.87606909777159
37043,Clay County,NC,Remote rural,22.9,-4.728175097383113,-5.114818296814542,-4.341531897951681,18.171824902616883,1307.0,299.303,61.79724852279729
46093,Meade County,SD,Metro,24.2,-2.447021898806163,-3.3323598245126886,-1.5616839730996395,21.752978101193836,2512.0,607.904,61.46919009801082
37137,Pamlico County,NC,Metro,23.4,-5.364418150975361,-6.084259656786641,-4.644576645164078,18.035581849024638,1144.0,267.69599999999997,61.368943647158126
55081,Monroe County,WI,"Rural, near a metro",14.2,-1.346611438088442,-2.2018296548564544,-0.49139322132042906,12.853388561911558,4526.0,642.692,60.94763368788288
48495,Winkler County,TX,"Rural, near a metro",40.0,-9.769341826646915,-11.45506063923062,-8.083623014063187,30.230658173353085,623.0,249.2,60.86299958001028
55089,Ozaukee County,WI,Metro,13.0,-1.744472167478507,-2.4695936857000587,-1.0193506492569548,11.255527832521492,3476.0,451.88,60.63785254155291
47095,Lake County,TN,Remote rural,17.8,-5.860223265850412,-6.914775132507016,-4.805671399193809,11.93977673414959,1030.0,183.34,60.36029963825925
56015,Goshen County,WY,Remote rural,26.9,-5.290700676374505,-5.8555978907726765,-4.72580346197633,21.609299323625493,1140.0,306.66,60.31398771066936
13281,Towns County,GA,Remote rural,27.5,-5.25219959973166,-5.948718711929929,-4.5556804875333885,22.24780040026834,1139.0,313.225,59.82255344094361
55085,Oneida County,WI,Remote rural,10.9,-2.019608789924624,-2.3145593679326786,-1.7246582119165708,8.880391210075377,2956.0,322.204,59.69963583017188
48229,Hudspeth County,TX,Metro,44.2,-10.96318606190313,-12.208905887928815,-9.717466235877447,33.23681393809687,532.0,235.144,58.32414984932465
48425,Somervell County,TX,Metro,37.1,-7.699185957628125,-9.33986573632527,-6.058506178930976,29.400814042371877,757.0,280.847,58.28283769924491
48077,Clay County,TX,Metro,30.9,-5.757392382533885,-6.233225791114577,-5.281558973953196,25.142607617466112,1011.0,312.399,58.20723698741758
28021,Claiborne County,MS,"Rural, near a metro",21.9,-3.787262815107524,-5.115516524237984,-2.459009105977068,18.112737184892474,1536.0,336.38399999999996,58.17235684005157
55095,Polk County,WI,"Rural, near a metro",12.9,-1.7347061831489137,-2.0103527660875877,-1.4590596002102407,11.165293816851086,3344.0,431.376,58.00857476449968
46019,Butte County,SD,"Rural, near a metro",26.6,-5.143386974323238,-5.930722657401594,-4.356051291244881,21.456613025676763,1122.0,298.452,57.70880185190673
47171,Unicoi County,TN,Metro,20.6,-2.492793968596806,-3.0307716020154225,-1.9548163351781898,18.107206031403194,2310.0,475.86,57.58354067458622
20133,Neosho County,KS,Remote rural,19.1,-3.262643172418235,-3.8255621667197532,-2.699724178116718,15.837356827581766,1763.0,336.733,57.520399129733484
13181,Lincoln County,GA,Metro,28.9,-6.828204049499123,-7.7872076700314565,-5.869200428966794,22.071795950500874,827.0,239.003,56.46924748935775
13201,Miller County,GA,"Rural, near a metro",25.2,-6.85121089305631,-7.606663832716026,-6.095757953396592,18.34878910694369,821.0,206.892,56.248441431992305
37187,Washington County,NC,Remote rural,17.0,-3.4217534180581226,-4.096935385376138,-2.746571450740107,13.578246581941878,1632.0,277.44,55.843015782708555
12067,Lafayette County,FL,Remote rural,25.2,-5.009491296043224,-6.792641977242469,-3.2263406148439766,20.190508703956773,1109.0,279.468,55.55525847311936
13301,Warren County,GA,"Rural, near a metro",24.4,-6.714467429923017,-7.885456332573471,-5.543478527272562,17.68553257007698,825.0,201.3,55.39435629686489
55057,Juneau County,WI,Remote rural,11.5,-1.9838192751265316,-2.4479101664132146,-1.5197283838398532,9.516180724873468,2756.0,316.94,54.67405922248721
20001,Allen County,KS,Remote rural,18.1,-3.588246524295551,-4.182246253184576,-2.994246795406526,14.51175347570445,1511.0,273.49100000000004,54.21840498210577
47135,Perry County,TN,"Rural, near a metro",22.8,-4.916126563030029,-5.298849255713835,-4.533403870346223,17.88387343696997,1097.0,250.116,53.92990839643942
48207,Haskell County,TX,"Rural, near a metro",34.9,-8.022483372250623,-10.73736991284974,-5.307596831651512,26.877516627749376,670.0,233.83,53.75063859407918
48175,Goliad County,TX,Metro,35.4,-7.814728894062483,-9.894891684429513,-5.73456610369546,27.585271105937515,680.0,240.72,53.14015647962489
13263,Talbot County,GA,"Rural, near a metro",24.9,-6.881219356977402,-7.911395621065959,-5.851043092888845,18.018780643022595,772.0,192.22799999999998,53.12301343586555
45005,Allendale County,SC,"Rural, near a metro",16.9,-3.8951685440346306,-5.423079153513476,-2.367257934555786,13.004831455965368,1348.0,227.81199999999998,52.506871973586826
13309,Wheeler County,GA,Remote rural,27.5,-6.042428098197134,-8.187720718482558,-3.8971354779117107,21.457571901802865,862.0,237.05,52.085730206459296
20113,McPherson County,KS,Remote rural,20.7,-2.349105096805326,-2.951242465319376,-1.7469677282912772,18.35089490319467,2214.0,458.29799999999994,52.00918684326992
48075,Childress County,TX,Remote rural,35.1,-7.316124584462246,-8.4607595103353,-6.1714896585891985,27.783875415537757,704.0,247.104,51.50551707461421
20011,Bourbon County,KS,"Rural, near a metro",17.4,-2.786267908481126,-3.5021564979437554,-2.070379319018497,14.613732091518873,1848.0,321.55199999999996,51.49023094873121
47083,Houston County,TN,"Rural, near a metro",21.8,-4.952549554333247,-5.236005468381624,-4.6690936402848795,16.84745044566675,1030.0,224.54,51.01126040963245
37075,Graham County,NC,Remote rural,21.5,-5.377773182398961,-6.178814083425759,-4.576732281372164,16.12222681760104,947.0,203.605,50.92751203731817
48335,Mitchell County,TX,Remote rural,28.7,-6.024914344918174,-8.0106345767031,-4.039194113133251,22.675085655081826,839.0,240.793,50.54903135386348
28157,Wilkinson County,MS,"Rural, near a metro",24.6,-4.03890194423061,-5.857591975417571,-2.2202119130436477,20.561098055769392,1247.0,306.762,50.36510724455571
55093,Pierce County,WI,Metro,10.5,-1.7576138212814605,-2.309730860529281,-1.2054967820336417,8.74238617871854,2850.0,299.25,50.09199390652162
48195,Hansford County,TX,Remote rural,48.5,-9.990981324061183,-11.751842680696017,-8.230119967426367,38.50901867593882,501.0,242.985,50.05481643354652
47027,Clay County,TN,Remote rural,25.0,-4.146455283223207,-4.794789772235484,-3.4981207942109322,20.853544716776792,1196.0,299.0,49.59160518734956
20067,Grant County,KS,Remote rural,34.2,-8.432758905188173,-10.504466027128721,-6.361051783247625,25.76724109481183,588.0,201.09600000000003,49.58462236250646
46023,Charles Mix County,SD,Remote rural,21.4,-5.052850284075112,-5.946334801705427,-4.1593657664447985,16.347149715924886,973.0,208.22199999999998,49.16423326405084
55123,Vernon County,WI,"Rural, near a metro",17.9,-1.8074630297864362,-2.082623340018599,-1.5323027195542727,16.092536970213562,2686.0,480.7939999999999,48.548456980063676
48305,Lynn County,TX,Metro,32.5,-8.466695652764782,-10.193613356006637,-6.739777949522924,24.033304347235216,573.0,186.225,48.51416609034221
55083,Oconto County,WI,Metro,11.7,-1.6898578156213162,-2.305715574738539,-1.0740000565040941,10.010142184378683,2862.0,334.85400000000004,48.36373068308207
20041,Dickinson County,KS,Remote rural,20.4,-2.814293996197523,-3.3357977772956646,-2.292790215099381,17.585706003802475,1714.0,349.656,48.23699909482554
48009,Archer County,TX,Metro,35.9,-7.088810703396542,-8.314859139021609,-5.862762267771477,28.811189296603455,680.0,244.12,48.203912783096484
28041,Greene County,MS,"Rural, near a metro",27.3,-3.1037892104506315,-4.537913489432555,-1.6696649314687124,24.19621078954937,1527.0,416.871,47.39486124358114
48483,Wheeler County,TX,Remote rural,42.6,-7.893974292261012,-10.039283760749397,-5.7486648237726214,34.70602570773899,596.0,253.89600000000002,47.04808678187563
12077,Liberty County,FL,"Rural, near a metro",20.3,-5.526335966909891,-6.95882535271192,-4.093846581107871,14.77366403309011,833.0,169.09900000000002,46.0343786043594
13037,Calhoun County,GA,"Rural, near a metro",28.1,-6.671262126854609,-8.305649798901431,-5.036874454807788,21.428737873145394,688.0,193.328,45.89828343275971
01105,Perry County,AL,"Rural, near a metro",16.6,-2.8268654090873917,-4.202433288146042,-1.4512975300287423,13.77313459091261,1620.0,268.92,45.795219627215744
01085,Lowndes County,AL,Metro,19.8,-2.8347699749205395,-4.362279330381834,-1.3072606194592453,16.96523002507946,1609.0,318.582,45.61144889647148
55069,Lincoln County,WI,"Rural, near a metro",12.3,-1.9840851900071872,-2.41476791845961,-1.5534024615547635,10.315914809992814,2290.0,281.67,45.435550851164585
55015,Calumet County,WI,Metro,13.6,-1.7567723540993292,-2.260941181462332,-1.2526035267363294,11.84322764590067,2578.0,350.60799999999995,45.289591288680704
46135,Yankton County,SD,Remote rural,23.0,-2.610702197643562,-3.2805806754967053,-1.9408237197904195,20.389297802356438,1731.0,398.13,45.191255041210056
48169,Garza County,TX,"Rural, near a metro",29.4,-8.303081107921061,-9.826175989771983,-6.779986226070155,21.09691889207894,540.0,158.76,44.83663798277373
48275,Knox County,TX,Remote rural,40.4,-9.766998087052569,-10.717230032789107,-8.816766141316041,30.633001912947428,451.0,182.20399999999998,44.04916137260708
20085,Jackson County,KS,Metro,19.8,-4.019605096439002,-4.667876111605027,-3.3713340812729786,15.780394903561,1084.0,214.632,43.57251924539879
55125,Vilas County,WI,Remote rural,9.6,-2.1983329409615306,-2.4900641608390424,-1.9066017210840183,7.401667059038469,1978.0,189.888,43.48302557221908
01037,Coosa County,AL,"Rural, near a metro",22.5,-3.6465264596914966,-4.815548429143599,-2.4775044902393946,18.853473540308503,1182.0,265.95,43.10194275355349
01063,Greene County,AL,"Rural, near a metro",16.9,-2.810542629897614,-4.2030231121389265,-1.4180621476563016,14.089457370102384,1527.0,258.063,42.916985958536564
55067,Langlade County,WI,"Rural, near a metro",11.8,-2.0903918451400636,-2.3887170262352018,-1.7920666640449292,9.709608154859938,2021.0,238.47800000000004,42.24681919028068
20013,Brown County,KS,"Rural, near a metro",16.9,-4.327240865934283,-4.752247300881345,-3.9022344309872192,12.572759134065716,976.0,164.944,42.2338708515186
48267,Kimble County,TX,Remote rural,32.4,-8.009091844585663,-9.58349322657845,-6.434690462592874,24.390908155414337,524.0,169.77599999999998,41.96764126562888
46041,Dewey County,SD,Remote rural,17.1,-5.2209802124810345,-6.0567560799369,-4.385204345025169,11.879019787518967,801.0,136.971,41.82005150197308
28019,Choctaw County,MS,Remote rural,24.2,-3.7111252837460387,-5.185599169380377,-2.2366513981117015,20.48887471625396,1126.0,272.492,41.7872706949804
56035,Sublette County,WY,Remote rural,34.9,-6.839074745015745,-7.564346215945808,-6.113803274085686,28.060925254984255,601.0,209.74899999999997,41.10283921754463
55003,Ashland County,WI,Remote rural,8.8,-2.3182467144490024,-2.9146579213916146,-1.721835507506385,6.481753285550998,1769.0,155.672,41.00978437860286
20115,Marion County,KS,"Rural, near a metro",23.0,-4.150038568710225,-4.517481201065776,-3.7825959363546744,18.849961431289774,984.0,226.32,40.836379516108614
55001,Adams County,WI,"Rural, near a metro",11.3,-1.9887985377784578,-2.5365483829787223,-1.4410486925781885,9.311201462221543,2049.0,231.537,40.7504820390806
47169,Trousdale County,TN,Metro,22.2,-3.227568522738087,-4.130840627712141,-2.3242964177640295,18.972431477261914,1259.0,279.498,40.63508770127252
48333,Mills County,TX,Remote rural,35.0,-8.513855381284019,-9.680757316913228,-7.346953445654811,26.486144618715983,474.0,165.9,40.35567450728625
13101,Echols County,GA,Metro,32.1,-6.95414515076652,-7.900487898116664,-6.00780240341638,25.14585484923348,579.0,185.859,40.26450042293815
56031,Platte County,WY,Remote rural,28.7,-5.2556849870877675,-6.0139552973699715,-4.497414676805562,23.44431501291223,766.0,219.842,40.2585470010923
55113,Sawyer County,WI,Remote rural,11.1,-2.179806865237133,-2.778512809768227,-1.5811009207060396,8.920193134762867,1822.0,202.24200000000002,39.71608108462056
48191,Hall County,TX,Remote rural,41.0,-8.675345804235857,-10.76124687729957,-6.5894447311721365,32.32465419576414,454.0,186.14,39.38606995123079
55137,Waushara County,WI,"Rural, near a metro",14.0,-1.8877725752402883,-2.3071305442373014,-1.4684146062432775,12.112227424759713,2071.0,289.94,39.09577003322637
55053,Jackson County,WI,"Rural, near a metro",11.2,-1.8889420607007552,-2.4859991953275506,-1.291884926073957,9.311057939299245,2038.0,228.25599999999997,38.49663919708139
48197,Hardeman County,TX,Remote rural,34.4,-7.867667192713586,-9.410849938946264,-6.32448444648091,26.532332807286412,486.0,167.18399999999997,38.23686255658803
55045,Green County,WI,Metro,11.5,-1.612679071053728,-2.203908141511857,-1.0214500005955993,9.887320928946272,2366.0,272.09,38.15598682113121
28125,Sharkey County,MS,"Rural, near a metro",21.0,-5.942480596295765,-6.939665129913174,-4.945296062678361,15.057519403704234,633.0,132.93,37.6159021745522
48103,Crane County,TX,"Rural, near a metro",43.6,-8.887516946973061,-10.7204846086501,-7.054549285296016,34.71248305302694,420.0,183.12,37.32757117728686
20191,Sumner County,KS,Metro,18.1,-1.676913352483272,-2.302928864548065,-1.0508978404184766,16.42308664751673,2219.0,401.639,37.21070729160381
56043,Washakie County,WY,Remote rural,26.7,-5.075283907349213,-5.508065442868243,-4.6425023718301945,21.624716092650786,726.0,193.842,36.84656116735528
48079,Cochran County,TX,Remote rural,46.7,-9.799659259050985,-12.15501222808904,-7.444306290012923,36.90034074094902,375.0,175.125,36.7487222214412
48317,Martin County,TX,Metro,41.2,-10.312788447200766,-11.719483564703951,-8.906093329697589,30.887211552799236,352.0,145.024,36.3010153341467
48319,Mason County,TX,Remote rural,36.7,-9.444423466047104,-10.506695158226382,-8.38215177386783,27.255576533952897,379.0,139.09300000000002,35.79436493631852
20069,Gray County,KS,Remote rural,36.7,-8.10059105420223,-9.701881805257306,-6.499300303147147,28.599408945797773,441.0,161.847,35.723606549031835
13259,Stewart County,GA,"Rural, near a metro",26.4,-4.906280287326402,-6.9536894211321245,-2.8588711535206808,21.493719712673595,723.0,190.872,35.472406477369894
13053,Chattahoochee County,GA,Metro,17.9,-2.7366813441296935,-3.85818181499275,-1.6151808732666386,15.163318655870306,1292.0,231.268,35.35792296615564
20189,Stevens County,KS,Remote rural,33.7,-7.47982212313368,-9.453777022370215,-5.50586722389715,26.220177876866323,472.0,159.06400000000002,35.30476042119097
46123,Tripp County,SD,Remote rural,24.1,-5.104858697028237,-5.692328138389181,-4.517389255667293,18.995141302971764,690.0,166.29,35.223525009494836
55029,Door County,WI,"Rural, near a metro",13.5,-1.7288990890335876,-2.0828244652021093,-1.374973712865063,11.771100910966412,2025.0,273.375,35.01020655293015
37095,Hyde County,NC,Remote rural,28.2,-5.999973452962234,-6.943372032466153,-5.056574873458314,22.200026547037766,582.0,164.12399999999997,34.9198454962402
46047,Fall River County,SD,"Rural, near a metro",23.2,-4.50115089002618,-4.876220830730866,-4.12608094932149,18.69884910997382,771.0,178.872,34.70387336210185
55107,Rusk County,WI,"Rural, near a metro",12.3,-2.302990702627903,-2.9892152077883773,-1.6167661974674292,9.997009297372099,1489.0,183.14700000000002,34.29153156212948
55103,Richland County,WI,"Rural, near a metro",13.0,-2.088606895028688,-2.481839374515994,-1.6953744155413821,10.911393104971312,1641.0,213.33,34.27403914742077
20205,Wilson County,KS,Remote rural,19.3,-3.282588577922932,-3.8782343210345873,-2.6869428348112736,16.017411422077068,1033.0,199.36900000000003,33.90914000994389
37029,Camden County,NC,"Rural, near a metro",24.0,-4.294952177207364,-5.582987605979699,-3.0069167484350294,19.705047822792636,789.0,189.36,33.8871726781661
55023,Crawford County,WI,Remote rural,11.6,-2.1467508565460514,-2.543882611061837,-1.7496191020302623,9.453249143453949,1562.0,181.192,33.532248379249324
48119,Delta County,TX,"Rural, near a metro",26.0,-5.14655119227237,-5.6217677718281625,-4.671334612716584,20.85344880772763,647.0,168.22,33.298186214002236
20121,Miami County,KS,Metro,19.6,-1.558651021946957,-2.0718411610754397,-1.0454608828184733,18.041348978053044,2133.0,418.06800000000004,33.24602629812859
55129,Washburn County,WI,Remote rural,12.3,-2.069952907311461,-2.3189488236339204,-1.8209569909890049,10.23004709268854,1606.0,197.53800000000004,33.243443691422065
55121,Trempealeau County,WI,"Rural, near a metro",17.3,-1.398619686136184,-1.7994791398975614,-0.9977602323748074,15.901380313863816,2374.0,410.70200000000006,33.203231348873004
46031,Corson County,SD,Remote rural,17.7,-4.53127634583668,-5.238340776668201,-3.8242119150051597,13.168723654163319,729.0,129.033,33.0330045611494
56019,Johnson County,WY,Remote rural,28.0,-4.705077472522872,-5.0975543684778115,-4.312600576567932,23.294922527477127,699.0,195.72,32.88849153293487
48435,Sutton County,TX,Remote rural,40.9,-10.469132833198639,-12.563715796078906,-8.374549870318372,30.43086716680136,308.0,125.972,32.24492912625181
20005,Atchison County,KS,"Rural, near a metro",16.8,-1.9723411822471928,-2.731868376702371,-1.2128139877920185,14.827658817752807,1634.0,274.512,32.22805491791913
20003,Anderson County,KS,"Rural, near a metro",20.2,-3.916466974173188,-4.197373392989416,-3.6355605553569603,16.283533025826813,816.0,164.832,31.958370509253218
55013,Burnett County,WI,"Rural, near a metro",10.8,-2.120761192939185,-2.417226255829192,-1.824296130049179,8.679238807060816,1503.0,162.324,31.87504072987595
48295,Lipscomb County,TX,Remote rural,40.3,-10.48142331198599,-11.685856867983873,-9.276989755988106,29.818576688014005,303.0,122.109,31.75871263531755
56045,Weston County,WY,Remote rural,27.9,-5.5775651878484815,-6.410813902635562,-4.744316473061398,22.322434812151517,567.0,158.19299999999998,31.62479461510089
13249,Schley County,GA,"Rural, near a metro",24.0,-5.442407726494671,-6.63903195528026,-4.245783497709083,18.55759227350533,580.0,139.2,31.565964813669094
37177,Tyrrell County,NC,Remote rural,29.0,-6.259526403006966,-7.569693354001865,-4.949359452012059,22.740473596993034,504.0,146.16,31.548013071155104
55047,Green Lake County,WI,"Rural, near a metro",14.8,-1.8863310503250206,-2.3224822435725057,-1.450179857077535,12.91366894967498,1657.0,245.23600000000002,31.25650550388559
47175,Van Buren County,TN,Remote rural,25.2,-3.9937511337158527,-4.4512226451181265,-3.5362796223135757,21.206248866284145,782.0,197.06399999999996,31.231133865657966
20151,Pratt County,KS,Remote rural,21.8,-3.9909194654782016,-4.938650812595661,-3.0431881183607405,17.809080534521797,775.0,168.95,30.929625857456063
13007,Baker County,GA,Metro,25.0,-6.8278795345262555,-7.74181430423466,-5.913944764817855,18.172120465473746,452.0,113.0,30.862015496058675
56011,Crook County,WY,Remote rural,29.9,-5.889833381495818,-6.984084442906828,-4.79558232008481,24.01016661850418,521.0,155.779,30.686031917593212
48421,Sherman County,TX,Remote rural,46.1,-10.214305792445842,-11.280758041403898,-9.147853543487786,35.88569420755416,295.0,135.995,30.132202087715235
20077,Harper County,KS,"Rural, near a metro",22.7,-4.477931772011139,-5.024132402659519,-3.931731141362765,18.22206822798886,671.0,152.31699999999998,30.046922190194746
20159,Rice County,KS,Remote rural,22.2,-3.6984841981024803,-4.253318448127013,-3.143649948077947,18.50151580189752,802.0,178.04399999999998,29.66184326878189
45065,McCormick County,SC,"Rural, near a metro",20.3,-3.4803888634547997,-4.811106661861071,-2.149671065048528,16.819611136545202,849.0,172.347,29.548501450731248
47067,Hancock County,TN,"Rural, near a metro",19.7,-2.246281226043201,-2.7855727681908187,-1.7069896838955805,17.453718773956798,1312.0,258.464,29.471209685686794
20107,Linn County,KS,Metro,20.9,-2.803765151742464,-3.248844414422,-2.3586858890629303,18.096234848257534,1038.0,216.94199999999998,29.103082275086777
13061,Clay County,GA,Remote rural,25.0,-6.662277238908146,-7.467071039585443,-5.857483438230858,18.337722761091854,432.0,108.0,28.78103767208319
55099,Price County,WI,Remote rural,12.1,-2.0884063165831903,-2.4001618525540223,-1.7766507806123604,10.011593683416809,1368.0,165.528,28.569398410858042
55007,Bayfield County,WI,"Rural, near a metro",10.3,-2.055694388935833,-2.4820933136653673,-1.6292954642062993,8.244305611064167,1380.0,142.14000000000001,28.36858256731449
48385,Real County,TX,Remote rural,30.9,-7.981027753427934,-10.254812061540534,-5.707243445315342,22.918972246572064,353.0,109.07699999999998,28.173027969600607
47137,Pickett County,TN,Remote rural,24.5,-4.475137096443124,-4.665645323280268,-4.284628869605985,20.024862903556876,624.0,152.88,27.924855481805096
46015,Brule County,SD,Remote rural,23.1,-5.061632454904725,-6.04076687170533,-4.082498038104122,18.038367545095277,550.0,127.05,27.838978501975987
48105,Crockett County,TX,Remote rural,39.8,-10.332021052704267,-12.055726542277599,-8.608315563130917,29.46797894729573,269.0,107.06199999999998,27.793136631774477
48129,Donley County,TX,"Rural, near a metro",30.1,-6.469072151999031,-7.50301325378268,-5.435131050215383,23.630927848000972,429.0,129.12900000000002,27.75231953207584
46007,Bennett County,SD,Remote rural,17.9,-5.001725249794033,-6.096551784410993,-3.9068987151770695,12.898274750205966,553.0,98.987,27.659540631361004
55077,Marquette County,WI,"Rural, near a metro",12.2,-1.9526268341375372,-2.3038539426696034,-1.6013997256054702,10.247373165862463,1399.0,170.678,27.317249409584146
55065,Lafayette County,WI,"Rural, near a metro",17.2,-1.8261049420980897,-2.231474331288512,-1.4207355529076693,15.37389505790191,1492.0,256.62399999999997,27.2454857361035
55049,Iowa County,WI,Metro,11.8,-1.705874136231655,-2.3293911699973893,-1.082357102465922,10.094125863768346,1592.0,187.85600000000002,27.157516248807948
48383,Reagan County,TX,"Rural, near a metro",39.1,-8.833957740066786,-10.514751882109792,-7.153163598023781,30.266042259933215,307.0,120.037,27.120250262005033
48109,Culberson County,TX,Remote rural,29.9,-9.40563341710744,-11.353455223136722,-7.457811611078156,20.49436658289256,288.0,86.112,27.088224241269426
48087,Collingsworth County,TX,Remote rural,33.6,-8.349631927274329,-10.108230535789154,-6.591033318759499,25.25036807272567,324.0,108.86399999999999,27.052807444368824
46033,Custer County,SD,Metro,26.3,-4.6049695667501345,-5.261242326925853,-3.9486968065744166,21.695030433249865,577.0,151.751,26.570674400148278
13239,Quitman County,GA,Remote rural,24.6,-8.745176108131725,-9.444445111486175,-8.045907104777275,15.854823891868277,301.0,74.046,26.32298008547649
48461,Upton County,TX,"Rural, near a metro",36.8,-8.792830810115593,-9.811892654731878,-7.773768965499304,28.007169189884404,299.0,110.03199999999998,26.290564122245623
20149,Pottawatomie County,KS,Metro,21.4,-1.5947813022575403,-1.968262072695662,-1.221300531819421,19.805218697742458,1638.0,350.532,26.12251773097851
55119,Taylor County,WI,"Rural, near a metro",16.6,-1.5993866576146312,-1.8972509942346996,-1.3015223209945643,15.000613342385371,1614.0,267.92400000000004,25.814100653900145
48211,Hemphill County,TX,Remote rural,39.7,-9.6602572542122,-10.88806918178417,-8.432445326640243,30.039742745787805,267.0,105.99900000000001,25.792886868746574
46065,Hughes County,SD,Remote rural,18.2,-2.0756869193308396,-2.8275578413143134,-1.323815997347363,16.12431308066916,1233.0,224.40599999999998,25.59321971534925
37073,Gates County,NC,Metro,22.1,-2.407702990611294,-3.374123684132102,-1.441282297090484,19.692297009388707,1057.0,233.597,25.449420610761376
20073,Greenwood County,KS,"Rural, near a metro",19.8,-3.6140827210994644,-4.2634703635784525,-2.9646950786204744,16.185917278900536,702.0,138.996,25.370860702118243
20081,Haskell County,KS,Remote rural,35.9,-7.775344733948144,-9.314324187050698,-6.236365280845585,28.124655266051853,326.0,117.03399999999999,25.347623832670948
20139,Osage County,KS,Metro,19.3,-1.7524590966239952,-1.9617759367336711,-1.5431422565143194,17.547540903376007,1422.0,274.446,24.919968353993212
13307,Webster County,GA,"Rural, near a metro",31.1,-6.97086895337009,-8.07083919236881,-5.87089871437137,24.12913104662991,357.0,111.027,24.88600216353122
20093,Kearny County,KS,Remote rural,30.5,-7.399235441153316,-8.960466799439125,-5.838004082867512,23.100764558846684,334.0,101.87,24.713446373452072
13125,Glascock County,GA,Remote rural,22.8,-6.211791476536271,-7.1045524883563935,-5.3190304647161515,16.58820852346373,391.0,89.14800000000001,24.288104673256818
46071,Jackson County,SD,"Rural, near a metro",21.8,-5.23282039032811,-5.977757694259308,-4.487883086396911,16.56717960967189,463.0,100.934,24.22795840721915
46051,Grant County,SD,Remote rural,31.5,-4.861127096464613,-5.544806136858864,-4.177448056070362,26.638872903535386,492.0,154.98,23.916745314605897
20181,Sherman County,KS,Remote rural,22.2,-4.306216289956699,-4.806202104382848,-3.8062304755305534,17.8937837100433,554.0,122.988,23.85643824636011
48205,Hartley County,TX,Remote rural,35.3,-6.50316656106851,-7.4134957753344075,-5.592837346802609,28.796833438931486,360.0,127.07999999999998,23.411399619846637
48413,Schleicher County,TX,"Rural, near a metro",37.7,-9.253022928825422,-10.650579885967128,-7.855465971683741,28.44697707117458,252.0,95.00400000000002,23.317617780640063
48081,Coke County,TX,"Rural, near a metro",28.7,-6.421066036183376,-7.872172722138582,-4.969959350228174,22.278933963816623,363.0,104.181,23.308469711345655
55041,Forest County,WI,Remote rural,10.4,-2.4529287312792487,-2.955188632831723,-1.9506688297267716,7.947071268720752,950.0,98.8,23.302822947152862
20171,Scott County,KS,Remote rural,30.4,-5.915831225221491,-7.057596996709656,-4.774065453733331,24.484168774778507,391.0,118.86399999999999,23.13090009061603
48023,Baylor County,TX,"Rural, near a metro",28.8,-5.389218773139488,-6.365372018607585,-4.41306552767139,23.410781226860514,423.0,121.824,22.796395410380036
20119,Meade County,KS,Remote rural,30.4,-6.765321955381054,-7.824122124680406,-5.706521786081703,23.634678044618944,335.0,101.84,22.66382855052653
48151,Fisher County,TX,"Rural, near a metro",32.1,-6.341276298343714,-7.402877592759689,-5.279675003927736,25.758723701656287,355.0,113.955,22.51153085912018
55061,Kewaunee County,WI,Metro,13.0,-1.7591977118659303,-2.2759298696835826,-1.2424655540482799,11.24080228813407,1279.0,166.27,22.500138734765248
48065,Carson County,TX,Metro,30.3,-5.426942259297633,-6.000189096837897,-4.853695421757369,24.873057740702368,413.0,125.139,22.413271530899223
47127,Moore County,TN,Remote rural,24.4,-3.9190561898436966,-4.663493549871747,-3.1746188298156435,20.4809438101563,570.0,139.08,22.338620282109073
56017,Hot Springs County,WY,Remote rural,23.4,-4.737507576819332,-5.195435354472544,-4.279579799166122,18.662492423180666,465.0,108.81,22.02941023220989
48271,Kinney County,TX,Remote rural,28.0,-8.294615801722115,-10.14176028541836,-6.447471318025884,19.705384198277883,264.0,73.92,21.897785716546384
46085,Lyman County,SD,Remote rural,21.6,-4.593446206078947,-5.14886053120306,-4.038031880954839,17.006553793921054,473.0,102.168,21.727000554753417
46129,Walworth County,SD,Remote rural,21.5,-4.339835008664593,-4.815208785278924,-3.864461232050259,17.160164991335407,492.0,105.78,21.3519882426298
48327,Menard County,TX,Remote rural,33.3,-8.553317111260627,-10.739224091932588,-6.367410130588663,24.74668288873937,249.0,82.91699999999999,21.297759607038962
55011,Buffalo County,WI,"Rural, near a metro",12.2,-1.977291377414507,-2.254117061523116,-1.7004656933059026,10.222708622585493,1076.0,131.272,21.275655220980095
46017,Buffalo County,SD,Remote rural,15.0,-6.106122691691942,-6.7937257990211295,-5.418519584362751,8.893877308308058,346.0,51.9,21.127184513254118
46127,Union County,SD,Metro,25.1,-2.3425109505902593,-2.840278293592436,-1.8447436075880825,22.75748904940974,900.0,225.9,21.082598555312334
20019,Chautauqua County,KS,"Rural, near a metro",20.9,-4.538304167756066,-4.875002110116682,-4.201606225395453,16.36169583224393,446.0,93.214,20.240836588192053
46053,Gregory County,SD,Remote rural,24.6,-4.652251612210536,-5.04173576936838,-4.262767455052703,19.947748387789467,423.0,104.058,19.67902431965057
20087,Jefferson County,KS,Metro,20.4,-1.6140182151377025,-2.2281587436161505,-0.9998776866592546,18.785981784862297,1215.0,247.86,19.610321313923084
20193,Thomas County,KS,Remote rural,24.2,-2.9941435268142778,-3.6730607722765534,-2.3152262813520013,21.205856473185722,648.0,156.816,19.40205005375652
46079,Lake County,SD,"Rural, near a metro",22.6,-2.5270730804332815,-3.1096865527765702,-1.9444596080899927,20.07292691956672,753.0,170.178,19.028860295662607
48095,Concho County,TX,"Rural, near a metro",27.8,-7.738606928186677,-10.085764025481444,-5.391449830891918,20.061393071813324,245.0,68.11,18.95958697405736
20075,Hamilton County,KS,Remote rural,33.1,-7.536193986909006,-8.398104230505348,-6.67428374331266,25.563806013090996,251.0,83.081,18.915846907141606
48417,Shackelford County,TX,"Rural, near a metro",29.9,-5.832984085623305,-6.388209386797527,-5.277758784449081,24.067015914376693,324.0,96.876,18.898868437419505
46101,Moody County,SD,"Rural, near a metro",26.2,-4.142729617156418,-4.521650650386771,-3.7638085839260618,22.057270382843583,447.0,117.11399999999999,18.518001388689186
46037,Day County,SD,Remote rural,24.9,-4.06612925957458,-4.461787218165126,-3.6704713009840337,20.833870740425418,453.0,112.79699999999998,18.419565545872846
20185,Stafford County,KS,Remote rural,28.0,-4.763738232523227,-5.4901908726155435,-4.037285592430917,23.236261767476773,379.0,106.12,18.05456790126303
46125,Turner County,SD,Metro,28.6,-2.949488557731557,-3.527580462953778,-2.371396652509336,25.650511442268446,609.0,174.174,17.96238531658518
46137,Ziebach County,SD,"Rural, near a metro",17.2,-3.759373597470343,-4.513561210189618,-3.005185984751069,13.440626402529656,471.0,81.012,17.706649644085317
20163,Rooks County,KS,Remote rural,21.7,-3.9107083694115037,-4.224033644141169,-3.5973830946818364,17.789291630588494,451.0,97.86699999999999,17.63729474604588
20127,Morris County,KS,"Rural, near a metro",22.9,-3.735178732086946,-4.247524071091135,-3.222833393082757,19.16482126791305,458.0,104.88199999999999,17.107118592958212
20167,Russell County,KS,Remote rural,18.1,-2.2400907489317934,-3.0300731910022787,-1.4501083068613094,15.859909251068208,757.0,137.017,16.957486969413676
20029,Cloud County,KS,Remote rural,21.6,-1.8857529807072153,-2.3639478895798356,-1.4075580718345941,19.714247019292785,892.0,192.672,16.82091658790836
46095,Mellette County,SD,Remote rural,23.2,-5.270961755620471,-6.524370046647038,-4.017553464593905,17.929038244379527,311.0,72.152,16.392691059979665
20117,Marshall County,KS,"Rural, near a metro",19.7,-1.908603163129808,-2.328069982333261,-1.4891363439263552,17.79139683687019,806.0,158.78199999999998,15.383341494826253
20147,Phillips County,KS,Remote rural,21.2,-3.151300301570666,-3.598874497786648,-2.703726105354682,18.04869969842933,482.0,102.184,15.189267453570611
48359,Oldham County,TX,Metro,38.7,-8.942295006269754,-10.542034525703976,-7.342555486835534,29.75770499373025,168.0,65.016,15.023055610533188
48045,Briscoe County,TX,Remote rural,43.0,-9.857095165952614,-10.91048172715477,-8.803708604750463,33.142904834047386,151.0,64.93,14.884213700588449
48137,Edwards County,TX,Remote rural,44.6,-10.695822554013617,-11.941045612917247,-9.45059949510999,33.904177445986384,139.0,61.99400000000001,14.867193350078928
56027,Niobrara County,WY,Remote rural,29.2,-5.741344260857798,-6.8561544892112725,-4.626534032504324,23.458655739142202,257.0,75.044,14.755254750404541
20007,Barber County,KS,Remote rural,20.7,-3.454496323741804,-4.173668690586403,-2.7353239568972025,17.245503676258195,421.0,87.14699999999999,14.543429522952996
20095,Kingman County,KS,Metro,17.7,-1.7696283272749698,-2.0820302667929287,-1.457226387757013,15.93037167272503,813.0,143.90099999999998,14.387078300745504
20031,Coffey County,KS,"Rural, near a metro",19.6,-2.016723942011004,-2.47467224857282,-1.5587756354491866,17.583276057988996,699.0,137.00400000000002,14.096900354656919
46057,Hamlin County,SD,Remote rural,31.8,-3.509726527984246,-4.199856707051494,-2.819596348916996,28.290273472015755,390.0,124.02,13.687933459138558
20129,Morton County,KS,Remote rural,27.3,-4.956973029696393,-5.4549523615936435,-4.458993697799142,22.343026970303608,275.0,75.075,13.631675831665081
55078,Menominee County,WI,"Rural, near a metro",5.4,-2.462556757663481,-3.061149202178485,-1.863964313148477,2.9374432423365193,541.0,29.214000000000002,13.322432058959432
48125,Dickens County,TX,"Rural, near a metro",30.0,-6.072635767194721,-8.055072575778219,-4.090198958611225,23.927364232805278,217.0,65.1,13.177619614812544
20047,Edwards County,KS,Remote rural,29.3,-5.289471442420585,-5.991810577435545,-4.587132307405626,24.010528557579416,249.0,72.957,13.170783891627257
20201,Washington County,KS,Remote rural,24.2,-2.906782379687891,-3.4053898123736603,-2.4081749470021236,21.29321762031211,451.0,109.142,13.109588532392388
13265,Taliaferro County,GA,"Rural, near a metro",24.8,-5.683129553970101,-8.161947323205897,-3.2043117847343114,19.1168704460299,230.0,57.04,13.071197974131232
20049,Elk County,KS,"Rural, near a metro",20.8,-3.981314549959614,-4.4863577088433635,-3.4762713910758682,16.818685450040388,327.0,68.016,13.018898578367939
20123,Mitchell County,KS,Remote rural,20.9,-2.354057505074201,-2.9586593271744865,-1.749455682973914,18.545942494925796,549.0,114.74099999999999,12.923775702857364
20043,Doniphan County,KS,Metro,19.9,-1.9504506261679886,-2.414554092813413,-1.4863471595225657,17.94954937383201,654.0,130.146,12.755947095138646
55051,Iron County,WI,Remote rural,11.1,-2.339232150315135,-2.762616925393753,-1.9158473752365162,8.760767849684864,541.0,60.050999999999995,12.655245933204881
20145,Pawnee County,KS,Remote rural,20.1,-2.294472825737629,-2.9090849924673927,-1.6798606590078657,17.805527174262373,547.0,109.947,12.550766356784829
20131,Nemaha County,KS,"Rural, near a metro",20.4,-1.8898900847903153,-2.2536312003988863,-1.526148969181745,18.510109915209682,661.0,134.844,12.492173460463984
20023,Cheyenne County,KS,Remote rural,28.2,-4.49342949018392,-4.867376261186343,-4.119482719181499,23.70657050981608,277.0,78.11399999999999,12.446799687809458
20187,Stanton County,KS,Remote rural,32.0,-7.200081438059696,-9.339738483490374,-5.060424392629022,24.799918561940302,172.0,55.04,12.384140073462678
20027,Clay County,KS,"Rural, near a metro",20.3,-1.803449246117645,-2.0947432082620554,-1.5121552839732348,18.496550753882357,686.0,139.258,12.371661828367046
46115,Spink County,SD,Remote rural,24.7,-2.5952720766741315,-3.114722526436345,-2.0758216269119196,22.104727923325868,458.0,113.126,11.886346111167523
48447,Throckmorton County,TX,Remote rural,31.5,-6.97033405084522,-8.372645326919478,-5.568022774770961,24.52966594915478,168.0,52.92,11.71016120541997
46091,Marshall County,SD,Remote rural,28.4,-3.6596939031187166,-4.404668628669369,-2.9147191775680663,24.740306096881284,317.0,90.02799999999999,11.601229672886332
46067,Hutchinson County,SD,"Rural, near a metro",23.6,-2.0187461944451597,-2.4847521108397728,-1.552740278050546,21.58125380555484,552.0,130.27200000000002,11.14347899333728
46077,Kingsbury County,SD,Remote rural,25.2,-2.7927734604592405,-3.197834763773346,-2.387712157145134,22.40722653954076,389.0,98.02799999999999,10.863888761186445
46105,Perkins County,SD,"Rural, near a metro",23.9,-3.244934396556086,-3.6893118490071903,-2.800556944104981,20.655065603443912,318.0,76.002,10.318891381048353
46025,Clark County,SD,Remote rural,29.8,-3.4944715133267525,-3.900259104520592,-3.088683922132914,26.305528486673246,292.0,87.016,10.203856818914117
48243,Jeff Davis County,TX,Remote rural,30.8,-6.971183275217854,-8.487040726834373,-5.455325823601337,23.828816724782147,146.0,44.968,10.177927581818068
48431,Sterling County,TX,"Rural, near a metro",39.6,-9.555958619983597,-12.392277827285637,-6.719639412681557,30.044041380016402,106.0,41.976000000000006,10.129316137182613
28055,Issaquena County,MS,"Rural, near a metro",27.4,-6.917784679950879,-8.465037563631624,-5.370531796270139,20.48221532004912,146.0,40.004,10.099965632728283
20053,Ellsworth County,KS,Remote rural,19.5,-2.1262820943279896,-2.5435143649218155,-1.709049823734163,17.37371790567201,473.0,92.235,10.057314306171392
20089,Jewell County,KS,Remote rural,23.0,-3.662766537402099,-4.066733234549519,-3.258799840254686,19.3372334625979,270.0,62.1,9.889469650985665
46003,Aurora County,SD,Remote rural,29.9,-3.86510466336374,-4.563038151014321,-3.1671711757131553,26.034895336636257,254.0,75.946,9.8173658449439
20109,Logan County,KS,Remote rural,21.1,-3.497685191840356,-3.929776373737196,-3.0655940099435166,17.602314808159644,280.0,59.08,9.793518537152998
55091,Pepin County,WI,"Rural, near a metro",14.8,-1.8025031535111333,-2.342581034338714,-1.2624252726835543,12.997496846488868,534.0,79.03200000000001,9.625366839749452
48101,Cottle County,TX,Remote rural,28.2,-5.275348875089802,-6.231442821845026,-4.319254928334582,22.9246511249102,181.0,51.042,9.548381463912541
20157,Republic County,KS,Remote rural,18.2,-2.1131339019468585,-2.716115082898159,-1.510152720995559,16.08686609805314,450.0,81.9,9.509102558760864
20203,Wichita County,KS,Remote rural,30.4,-6.006568801911609,-6.934788800157196,-5.0783488036660245,24.39343119808839,158.0,48.032,9.490378707020342
20137,Norton County,KS,Remote rural,19.4,-1.991239803950903,-2.6360086234904703,-1.346470984411333,17.408760196049094,468.0,90.79199999999999,9.319002282490226
46009,Bon Homme County,SD,Remote rural,23.6,-2.202570229416239,-2.749833200202562,-1.6553072586299171,21.397429770583763,420.0,99.12,9.250794963548204
46045,Edmunds County,SD,Remote rural,27.9,-3.198719799226468,-3.784354278163376,-2.6130853202895596,24.70128020077353,287.0,80.073,9.180325823779963
48155,Foard County,TX,Remote rural,28.8,-6.435521287289604,-8.305352057813334,-4.565690516765872,22.364478712710397,139.0,40.032000000000004,8.94537458933255
20135,Ness County,KS,Remote rural,28.8,-4.782291733293809,-5.333121431381966,-4.231462035205653,24.017708266706194,184.0,52.992,8.799416789260608
20097,Kiowa County,KS,Remote rural,22.2,-4.181773882213859,-4.566827212189972,-3.7967205522377476,18.018226117786142,207.0,45.95399999999999,8.656271936182689
20039,Decatur County,KS,Remote rural,20.1,-3.143390641595662,-3.672752320751851,-2.6140289624394746,16.95660935840434,273.0,54.873000000000005,8.581456451556157
48235,Irion County,TX,Metro,37.6,-8.435638693817879,-9.820191142190716,-7.051086245445046,29.164361306182123,101.0,37.976000000000006,8.519995080756058
20143,Ottawa County,KS,Remote rural,20.1,-1.6642743425298423,-2.119935629262044,-1.20861305579764,18.435725657470158,497.0,99.897,8.271443482373316
20197,Wabaunsee County,KS,Metro,21.3,-1.6548789875662577,-2.1763983492245056,-1.133359625908012,19.645121012433744,497.0,105.861,8.224748568204301
20065,Graham County,KS,Remote rural,20.4,-3.0995811401629436,-3.74695379447821,-2.4522084858476787,17.300418859837055,260.0,53.04,8.058910964423653
55037,Florence County,WI,Remote rural,13.3,-2.0865848841967187,-2.512975178303136,-1.660194590090303,11.213415115803283,377.0,50.141000000000005,7.86642501342163
20207,Woodson County,KS,Remote rural,18.4,-2.1305896922914007,-2.672664675048975,-1.5885147095338281,16.269410307708597,364.0,66.976,7.755346479940698
46087,McCook County,SD,Metro,25.7,-2.058117805287798,-2.4156801001694554,-1.700555510406138,23.641882194712203,362.0,93.03399999999999,7.450386455141828
20141,Osborne County,KS,Remote rural,17.2,-2.193372965261387,-2.7573763484428033,-1.6293695820799716,15.006627034738612,332.0,57.104,7.281998244667804
48345,Motley County,TX,Remote rural,26.9,-4.966344697608024,-5.994636989806621,-3.938052405409433,21.933655302391976,145.0,39.005,7.201199811531636
48433,Stonewall County,TX,Remote rural,31.0,-6.287185703117542,-7.049515808721416,-5.524855597513669,24.712814296882456,113.0,35.03,7.104519844522823
20195,Trego County,KS,Remote rural,21.7,-2.8586781464005058,-3.240067718579325,-2.4772885742216872,18.841321853599492,235.0,50.995,6.7178936440411885
46039,Deuel County,SD,Remote rural,24.6,-1.9517690532188534,-2.2981534634785046,-1.6053846429592022,22.648230946781148,341.0,83.88600000000001,6.65553247147629
20165,Rush County,KS,Remote rural,21.2,-2.26238858177651,-2.7362781939905885,-1.7884989695624327,18.93761141822349,288.0,61.056,6.515679115516349
20101,Lane County,KS,Remote rural,25.9,-4.659445629600349,-5.406090486061984,-3.9128007731387124,21.24055437039965,135.0,34.965,6.29025159996047
20183,Smith County,KS,Remote rural,19.9,-1.907874276765525,-2.321905827314681,-1.4938427262163698,17.992125723234473,326.0,64.874,6.2196701422556115
46043,Douglas County,SD,Remote rural,26.7,-2.788052871531226,-3.333538837199258,-2.242566905863191,23.911947128468775,206.0,55.001999999999995,5.743388915354325
20105,Lincoln County,KS,Remote rural,21.0,-1.910389985300002,-2.4813903214114066,-1.3393896491885966,19.0896100147,291.0,61.11,5.5592348572230055
48261,Kenedy County,TX,Remote rural,41.1,-9.894104759603334,-12.190777839731847,-7.597431679474813,31.205895240396668,56.0,23.016,5.540698665377867
48443,Terrell County,TX,Remote rural,26.3,-6.959955426508592,-9.467671429034295,-4.452239423982899,19.340044573491408,76.0,19.988,5.28956612414653
46111,Sanborn County,SD,Remote rural,26.9,-2.1833930618845505,-2.712981103665369,-1.653805020103736,24.716606938115447,238.0,64.02199999999999,5.19647548728523
48173,Glasscock County,TX,"Rural, near a metro",44.2,-9.587959759691984,-10.975504207718089,-8.200415311665852,34.61204024030802,52.0,22.984,4.985739075039831
20063,Gove County,KS,Remote rural,20.4,-2.0349013993903924,-2.7390504017340582,-1.3307523970467257,18.365098600609606,240.0,48.96,4.8837633585369415
46089,McPherson County,SD,Remote rural,24.6,-2.5171345240827323,-3.115483578960394,-1.9187854692050696,22.08286547591727,183.0,45.018,4.6063561790714
20071,Greeley County,KS,Remote rural,25.5,-4.479230371670565,-5.289758169406224,-3.6687025739349037,21.020769628329436,102.0,26.01,4.568814979103975
20083,Hodgeman County,KS,Remote rural,25.4,-3.3544508887326625,-3.9349938307898933,-2.7739079466754295,22.045549111267334,134.0,34.036,4.494964190901768
46059,Hand County,SD,Remote rural,26.4,-1.8232451607692792,-2.338644598873989,-1.3078457226645726,24.57675483923072,235.0,62.04,4.284626127807806
46061,Hanson County,SD,"Rural, near a metro",26.4,-1.7650314324324992,-2.302739445438179,-1.2273234194268194,24.634968567567498,242.0,63.88799999999999,4.271376066486647
20017,Chase County,KS,Remote rural,20.3,-1.798620988962924,-2.3284253942160147,-1.268816583709839,18.501379011037077,231.0,46.893,4.154814484504355
20153,Rawlins County,KS,Remote rural,21.5,-1.8304684343204838,-2.0896750369333805,-1.571261831707586,19.669531565679517,214.0,46.01,3.9172024494458353
20199,Wallace County,KS,Remote rural,23.0,-2.50886925229799,-2.881186774205362,-2.136551730390618,20.49113074770201,148.0,34.04,3.713126493401025
46055,Haakon County,SD,"Rural, near a metro",23.6,-2.326144536885112,-2.913790152337258,-1.7384989214329685,21.273855463114888,157.0,37.052,3.652046922909626
48393,Roberts County,TX,Remote rural,29.4,-5.290884023590945,-5.8989114169235135,-4.682856630258375,24.109115976409054,68.0,19.991999999999997,3.5978011360418427
20179,Sheridan County,KS,Remote rural,25.7,-1.736285183139391,-2.3334277635533427,-1.1391426027254412,23.96371481686061,206.0,52.942,3.5767474772671455
46117,Stanley County,SD,Remote rural,21.7,-2.0241150477534404,-2.491637709150434,-1.5565923863564455,19.67588495224656,175.0,37.975,3.5422013335685207
48311,McMullen County,TX,Remote rural,36.4,-7.997072843631759,-9.89865522474248,-6.095490462521043,28.40292715636824,44.0,16.016,3.518712051197974
48011,Armstrong County,TX,Metro,22.6,-2.311520747463619,-3.145455305398051,-1.477586189529191,20.288479252536384,146.0,32.996,3.374820291296883
20025,Clark County,KS,Remote rural,19.1,-1.8301889012796921,-2.060182662893394,-1.6001951396659904,17.26981109872031,173.0,33.043,3.1662267992138675
46063,Harding County,SD,Remote rural,22.7,-2.0351716118458016,-2.5010360325574577,-1.5693071911341465,20.6648283881542,154.0,34.958,3.1341642822425344
20033,Comanche County,KS,Remote rural,18.3,-1.8621155746129583,-2.124996203660666,-1.5992349455652506,16.437884425387043,164.0,30.012000000000004,3.0538695423652515
46049,Faulk County,SD,Remote rural,27.4,-2.0673160336321805,-2.480101690073017,-1.6545303771913455,25.332683966367817,146.0,40.004,3.018281409102984
46107,Potter County,SD,Remote rural,20.8,-2.075902337305589,-2.939363768025622,-1.2124409065855564,18.724097662694412,144.0,29.952,2.989299365720048
46097,Miner County,SD,"Rural, near a metro",26.8,-1.8072417486073928,-2.4204776701554276,-1.1940058270593605,24.99275825139261,157.0,42.076,2.8373695453136065
48269,King County,TX,Remote rural,44.4,-9.842082197088915,-11.211119472941244,-8.473044921236584,34.557917802911085,27.0,11.988,2.657362193214007
46073,Jerauld County,SD,Remote rural,24.8,-1.650385077728147,-2.0745255730429504,-1.226244582413344,23.149614922271855,137.0,33.976,2.2610275564875613
46069,Hyde County,SD,Remote rural,22.1,-2.1601337985255684,-2.575785461774719,-1.7444821352764204,19.939866201474434,95.0,20.995,2.05212710859929
48263,Kent County,TX,Remote rural,22.0,-3.184457697543688,-3.597655757792468,-2.771259637294913,18.81554230245631,59.0,12.98,1.8788300415507757
46021,Campbell County,SD,Remote rural,24.7,-2.29108923324096,-2.7452951181613923,-1.8368833483205276,22.40891076675904,81.0,20.007,1.8557822789251774
46075,Jones County,SD,Remote rural,17.7,-1.9201756590949821,-2.3489620053350193,-1.4913893128549482,15.779824340905018,96.0,16.991999999999997,1.843368632731183
46119,Sully County,SD,Remote rural,30.8,-2.000649719947155,-2.597291269557135,-1.4040081703371738,28.799350280052845,78.0,24.024,1.5605067815587808
48033,Borden County,TX,"Rural, near a metro",28.6,-2.7314722153985045,-3.3020448670582394,-2.160899563738766,25.868527784601497,49.0,14.014000000000001,1.3384213855452674
48301,Loving County,TX,Remote rural,0.0,-3.1137779239678647,-4.286427428947895,-1.9411284189878373,-3.1137779239678647,2.0,0.0,0.06227555847935729
