county_fips,county_name,state_abbrev,state_name,county_label,medicaid_status,rurality,uninsured_2023,low_income_adults_2023,rate_2023,rate_2013,state_rate_2023,us_rate_2023,rank_us,counties_ranked,rank_in_state,counties_in_state
02063,Chugach Census Area,AK,Alaska,"Chugach Census Area, AK",Expanded Medicaid in 2016,Not classified,171,509,33.60,,25.7883804368351482,20.2032109192666022,206,3143,6,30
02066,Copper River Census Area,AK,Alaska,"Copper River Census Area, AK",Expanded Medicaid in 2016,Not classified,64,247,25.90,,25.7883804368351482,20.2032109192666022,627,3143,19,30
09110,Capitol Planning Region,CT,Connecticut,"Capitol Planning Region, CT",Expanded Medicaid in 2014,Not classified,10247,78450,13.10,,15.6471739662344018,20.2032109192666022,2304,3143,6,9
09120,Greater Bridgeport Planning Region,CT,Connecticut,"Greater Bridgeport Planning Region, CT",Expanded Medicaid in 2014,Not classified,7241,30721,23.60,,15.6471739662344018,20.2032109192666022,871,3143,2,9
09130,Lower Connecticut River Valley Planning Region,CT,Connecticut,"Lower Connecticut River Valley Planning Region, CT",Expanded Medicaid in 2014,Not classified,1264,10218,12.40,,15.6471739662344018,20.2032109192666022,2449,3143,7,9
09140,Naugatuck Valley Planning Region,CT,Connecticut,"Naugatuck Valley Planning Region, CT",Expanded Medicaid in 2014,Not classified,5134,39019,13.20,,15.6471739662344018,20.2032109192666022,2283,3143,5,9
09150,Northeastern Connecticut Planning Region,CT,Connecticut,"Northeastern Connecticut Planning Region, CT",Expanded Medicaid in 2014,Not classified,752,7367,10.20,,15.6471739662344018,20.2032109192666022,2952,3143,9,9
09160,Northwest Hills Planning Region,CT,Connecticut,"Northwest Hills Planning Region, CT",Expanded Medicaid in 2014,Not classified,1205,8349,14.40,,15.6471739662344018,20.2032109192666022,2007,3143,3,9
09170,South Central Connecticut Planning Region,CT,Connecticut,"South Central Connecticut Planning Region, CT",Expanded Medicaid in 2014,Not classified,6935,51273,13.50,,15.6471739662344018,20.2032109192666022,2220,3143,4,9
09180,Southeastern Connecticut Planning Region,CT,Connecticut,"Southeastern Connecticut Planning Region, CT",Expanded Medicaid in 2014,Not classified,2820,24433,11.50,,15.6471739662344018,20.2032109192666022,2684,3143,8,9
09190,Western Connecticut Planning Region,CT,Connecticut,"Western Connecticut Planning Region, CT",Expanded Medicaid in 2014,Not classified,9167,36260,25.30,,15.6471739662344018,20.2032109192666022,677,3143,1,9
02195,Petersburg Borough,AK,Alaska,"Petersburg Borough, AK",Expanded Medicaid in 2016,Remote rural,104,274,38.00,55.70,25.7883804368351482,20.2032109192666022,102,3143,4,30
02198,Prince of Wales-Hyder Census Area,AK,Alaska,"Prince of Wales-Hyder Census Area, AK",Expanded Medicaid in 2016,Remote rural,192,662,29.00,54.90,25.7883804368351482,20.2032109192666022,402,3143,14,30
02275,Wrangell City and Borough,AK,Alaska,"Wrangell City and Borough, AK",Expanded Medicaid in 2016,Remote rural,63,198,31.80,48.60,25.7883804368351482,20.2032109192666022,269,3143,8,30
05119,Pulaski County,AR,Arkansas,"Pulaski County, AR",Expanded Medicaid in 2014,Metro,10144,46516,21.80,42.70,20.2677652994576470,20.2032109192666022,1080,3143,11,75
20085,Jackson County,KS,Kansas,"Jackson County, KS",Has not expanded Medicaid,Metro,215,1084,19.80,36.50,22.7831419862376111,20.2032109192666022,1331,3143,74,105
21163,Meade County,KY,Kentucky,"Meade County, KY",Expanded Medicaid in 2014,Metro,327,3007,10.90,42.50,12.2086255259467041,20.2032109192666022,2826,3143,82,120
32029,Storey County,NV,Nevada,"Storey County, NV",Expanded Medicaid in 2014,Metro,47,237,19.80,48.40,24.9762132777948236,20.2032109192666022,1331,3143,12,17
48401,Rusk County,TX,Texas,"Rusk County, TX",Has not expanded Medicaid,Metro,1884,5404,34.90,54.70,39.5944062375522069,20.2032109192666022,173,3143,146,254
51600,Fairfax city,VA,Virginia,"Fairfax city, VA",Expanded Medicaid in 2019,Metro,360,1410,25.50,51.40,16.3158291180679889,20.2032109192666022,654,3143,3,133
01001,Autauga County,AL,Alabama,"Autauga County, AL",Has not expanded Medicaid,Metro,1354,5982,22.60,39.60,23.8125615226128393,20.2032109192666022,991,3143,37,67
01003,Baldwin County,AL,Alabama,"Baldwin County, AL",Has not expanded Medicaid,Metro,5113,21004,24.30,45.10,23.8125615226128393,20.2032109192666022,800,3143,22,67
01005,Barbour County,AL,Alabama,"Barbour County, AL",Has not expanded Medicaid,"Rural, near a metro",845,3733,22.60,37.30,23.8125615226128393,20.2032109192666022,991,3143,37,67
01007,Bibb County,AL,Alabama,"Bibb County, AL",Has not expanded Medicaid,Metro,712,2881,24.70,34.90,23.8125615226128393,20.2032109192666022,746,3143,16,67
01009,Blount County,AL,Alabama,"Blount County, AL",Has not expanded Medicaid,Metro,2083,6499,32.10,44.70,23.8125615226128393,20.2032109192666022,249,3143,1,67
01011,Bullock County,AL,Alabama,"Bullock County, AL",Has not expanded Medicaid,"Rural, near a metro",411,1670,24.60,39.70,23.8125615226128393,20.2032109192666022,757,3143,17,67
01013,Butler County,AL,Alabama,"Butler County, AL",Has not expanded Medicaid,"Rural, near a metro",614,2978,20.60,33.50,23.8125615226128393,20.2032109192666022,1243,3143,52,67
01015,Calhoun County,AL,Alabama,"Calhoun County, AL",Has not expanded Medicaid,Metro,3649,15855,23.00,36.50,23.8125615226128393,20.2032109192666022,943,3143,33,67
01017,Chambers County,AL,Alabama,"Chambers County, AL",Has not expanded Medicaid,"Rural, near a metro",1025,4856,21.10,36.10,23.8125615226128393,20.2032109192666022,1172,3143,48,67
01019,Cherokee County,AL,Alabama,"Cherokee County, AL",Has not expanded Medicaid,"Rural, near a metro",822,3300,24.90,37.60,23.8125615226128393,20.2032109192666022,726,3143,15,67
01021,Chilton County,AL,Alabama,"Chilton County, AL",Has not expanded Medicaid,Metro,1448,5510,26.30,45.70,23.8125615226128393,20.2032109192666022,597,3143,8,67
01023,Choctaw County,AL,Alabama,"Choctaw County, AL",Has not expanded Medicaid,Remote rural,359,1615,22.20,37.60,23.8125615226128393,20.2032109192666022,1030,3143,42,67
01025,Clarke County,AL,Alabama,"Clarke County, AL",Has not expanded Medicaid,Remote rural,657,3283,20.00,36.00,23.8125615226128393,20.2032109192666022,1308,3143,56,67
01027,Clay County,AL,Alabama,"Clay County, AL",Has not expanded Medicaid,Remote rural,430,1859,23.10,40.50,23.8125615226128393,20.2032109192666022,929,3143,32,67
01029,Cleburne County,AL,Alabama,"Cleburne County, AL",Has not expanded Medicaid,"Rural, near a metro",497,1901,26.10,38.00,23.8125615226128393,20.2032109192666022,612,3143,9,67
01031,Coffee County,AL,Alabama,"Coffee County, AL",Has not expanded Medicaid,"Rural, near a metro",1633,6442,25.30,43.00,23.8125615226128393,20.2032109192666022,677,3143,11,67
01033,Colbert County,AL,Alabama,"Colbert County, AL",Has not expanded Medicaid,Metro,1489,6514,22.90,36.20,23.8125615226128393,20.2032109192666022,960,3143,36,67
01035,Conecuh County,AL,Alabama,"Conecuh County, AL",Has not expanded Medicaid,Remote rural,362,1798,20.10,36.20,23.8125615226128393,20.2032109192666022,1300,3143,55,67
01037,Coosa County,AL,Alabama,"Coosa County, AL",Has not expanded Medicaid,"Rural, near a metro",266,1182,22.50,39.70,23.8125615226128393,20.2032109192666022,1000,3143,40,67
01039,Covington County,AL,Alabama,"Covington County, AL",Has not expanded Medicaid,"Rural, near a metro",1125,5115,22.00,37.60,23.8125615226128393,20.2032109192666022,1060,3143,43,67
01041,Crenshaw County,AL,Alabama,"Crenshaw County, AL",Has not expanded Medicaid,"Rural, near a metro",456,1949,23.40,37.20,23.8125615226128393,20.2032109192666022,895,3143,30,67
01043,Cullman County,AL,Alabama,"Cullman County, AL",Has not expanded Medicaid,"Rural, near a metro",2798,10267,27.30,44.40,23.8125615226128393,20.2032109192666022,509,3143,4,67
01045,Dale County,AL,Alabama,"Dale County, AL",Has not expanded Medicaid,"Rural, near a metro",1760,7212,24.40,35.50,23.8125615226128393,20.2032109192666022,785,3143,20,67
01047,Dallas County,AL,Alabama,"Dallas County, AL",Has not expanded Medicaid,"Rural, near a metro",1137,7025,16.20,27.80,23.8125615226128393,20.2032109192666022,1735,3143,67,67
01049,DeKalb County,AL,Alabama,"DeKalb County, AL",Has not expanded Medicaid,"Rural, near a metro",3509,11144,31.50,48.60,23.8125615226128393,20.2032109192666022,280,3143,2,67
01051,Elmore County,AL,Alabama,"Elmore County, AL",Has not expanded Medicaid,Metro,1994,8133,24.50,37.00,23.8125615226128393,20.2032109192666022,772,3143,18,67
01053,Escambia County,AL,Alabama,"Escambia County, AL",Has not expanded Medicaid,"Rural, near a metro",1088,5537,19.60,39.00,23.8125615226128393,20.2032109192666022,1359,3143,60,67
01055,Etowah County,AL,Alabama,"Etowah County, AL",Has not expanded Medicaid,Metro,3350,13981,24.00,37.70,23.8125615226128393,20.2032109192666022,830,3143,24,67
01057,Fayette County,AL,Alabama,"Fayette County, AL",Has not expanded Medicaid,"Rural, near a metro",480,2215,21.70,35.60,23.8125615226128393,20.2032109192666022,1097,3143,44,67
01059,Franklin County,AL,Alabama,"Franklin County, AL",Has not expanded Medicaid,"Rural, near a metro",1215,4527,26.80,45.60,23.8125615226128393,20.2032109192666022,543,3143,6,67
01061,Geneva County,AL,Alabama,"Geneva County, AL",Has not expanded Medicaid,Metro,1087,4303,25.30,41.50,23.8125615226128393,20.2032109192666022,677,3143,11,67
01063,Greene County,AL,Alabama,"Greene County, AL",Has not expanded Medicaid,"Rural, near a metro",258,1527,16.90,32.60,23.8125615226128393,20.2032109192666022,1650,3143,65,67
01065,Hale County,AL,Alabama,"Hale County, AL",Has not expanded Medicaid,Metro,502,2418,20.80,33.40,23.8125615226128393,20.2032109192666022,1216,3143,50,67
01067,Henry County,AL,Alabama,"Henry County, AL",Has not expanded Medicaid,Metro,542,2125,25.50,41.30,23.8125615226128393,20.2032109192666022,654,3143,10,67
01069,Houston County,AL,Alabama,"Houston County, AL",Has not expanded Medicaid,Metro,3358,14299,23.50,38.40,23.8125615226128393,20.2032109192666022,885,3143,29,67
01071,Jackson County,AL,Alabama,"Jackson County, AL",Has not expanded Medicaid,"Rural, near a metro",1853,7852,23.60,41.40,23.8125615226128393,20.2032109192666022,871,3143,27,67
01073,Jefferson County,AL,Alabama,"Jefferson County, AL",Has not expanded Medicaid,Metro,18274,73164,25.00,37.60,23.8125615226128393,20.2032109192666022,711,3143,14,67
01075,Lamar County,AL,Alabama,"Lamar County, AL",Has not expanded Medicaid,"Rural, near a metro",397,1826,21.70,35.60,23.8125615226128393,20.2032109192666022,1097,3143,44,67
01077,Lauderdale County,AL,Alabama,"Lauderdale County, AL",Has not expanded Medicaid,Metro,2451,10896,22.50,35.50,23.8125615226128393,20.2032109192666022,1000,3143,40,67
01079,Lawrence County,AL,Alabama,"Lawrence County, AL",Has not expanded Medicaid,Metro,922,4071,22.60,41.10,23.8125615226128393,20.2032109192666022,991,3143,37,67
01081,Lee County,AL,Alabama,"Lee County, AL",Has not expanded Medicaid,Metro,6394,27471,23.30,35.40,23.8125615226128393,20.2032109192666022,907,3143,31,67
01083,Limestone County,AL,Alabama,"Limestone County, AL",Has not expanded Medicaid,Metro,2158,8817,24.50,46.90,23.8125615226128393,20.2032109192666022,772,3143,18,67
01085,Lowndes County,AL,Alabama,"Lowndes County, AL",Has not expanded Medicaid,Metro,318,1609,19.80,32.80,23.8125615226128393,20.2032109192666022,1331,3143,57,67
01087,Macon County,AL,Alabama,"Macon County, AL",Has not expanded Medicaid,"Rural, near a metro",601,3031,19.80,31.70,23.8125615226128393,20.2032109192666022,1331,3143,57,67
01089,Madison County,AL,Alabama,"Madison County, AL",Has not expanded Medicaid,Metro,8811,34992,25.20,42.50,23.8125615226128393,20.2032109192666022,688,3143,13,67
01091,Marengo County,AL,Alabama,"Marengo County, AL",Has not expanded Medicaid,Remote rural,489,2716,18.00,34.80,23.8125615226128393,20.2032109192666022,1527,3143,64,67
01093,Marion County,AL,Alabama,"Marion County, AL",Has not expanded Medicaid,Remote rural,969,4221,23.00,34.90,23.8125615226128393,20.2032109192666022,943,3143,33,67
01095,Marshall County,AL,Alabama,"Marshall County, AL",Has not expanded Medicaid,"Rural, near a metro",3462,12975,26.70,52.10,23.8125615226128393,20.2032109192666022,556,3143,7,67
01097,Mobile County,AL,Alabama,"Mobile County, AL",Has not expanded Medicaid,Metro,12222,53162,23.00,38.70,23.8125615226128393,20.2032109192666022,943,3143,33,67
01099,Monroe County,AL,Alabama,"Monroe County, AL",Has not expanded Medicaid,Remote rural,620,3043,20.40,40.20,23.8125615226128393,20.2032109192666022,1260,3143,54,67
01101,Montgomery County,AL,Alabama,"Montgomery County, AL",Has not expanded Medicaid,Metro,7314,29971,24.40,36.80,23.8125615226128393,20.2032109192666022,785,3143,20,67
01103,Morgan County,AL,Alabama,"Morgan County, AL",Has not expanded Medicaid,Metro,3770,12999,29.00,44.30,23.8125615226128393,20.2032109192666022,402,3143,3,67
01105,Perry County,AL,Alabama,"Perry County, AL",Has not expanded Medicaid,"Rural, near a metro",269,1620,16.60,30.00,23.8125615226128393,20.2032109192666022,1693,3143,66,67
01107,Pickens County,AL,Alabama,"Pickens County, AL",Has not expanded Medicaid,Metro,533,2551,20.90,35.40,23.8125615226128393,20.2032109192666022,1200,3143,49,67
01109,Pike County,AL,Alabama,"Pike County, AL",Has not expanded Medicaid,"Rural, near a metro",1299,6098,21.30,34.10,23.8125615226128393,20.2032109192666022,1153,3143,47,67
01111,Randolph County,AL,Alabama,"Randolph County, AL",Has not expanded Medicaid,"Rural, near a metro",736,3070,24.00,40.60,23.8125615226128393,20.2032109192666022,830,3143,24,67
01113,Russell County,AL,Alabama,"Russell County, AL",Has not expanded Medicaid,Metro,1963,9152,21.40,34.40,23.8125615226128393,20.2032109192666022,1141,3143,46,67
01115,St. Clair County,AL,Alabama,"St. Clair County, AL",Has not expanded Medicaid,Metro,1967,8080,24.30,39.40,23.8125615226128393,20.2032109192666022,800,3143,22,67
01117,Shelby County,AL,Alabama,"Shelby County, AL",Has not expanded Medicaid,Metro,3734,13805,27.00,49.20,23.8125615226128393,20.2032109192666022,531,3143,5,67
01119,Sumter County,AL,Alabama,"Sumter County, AL",Has not expanded Medicaid,"Rural, near a metro",440,2382,18.50,31.70,23.8125615226128393,20.2032109192666022,1470,3143,62,67
01121,Talladega County,AL,Alabama,"Talladega County, AL",Has not expanded Medicaid,"Rural, near a metro",2207,11230,19.70,34.10,23.8125615226128393,20.2032109192666022,1346,3143,59,67
01123,Tallapoosa County,AL,Alabama,"Tallapoosa County, AL",Has not expanded Medicaid,"Rural, near a metro",1014,4888,20.70,37.30,23.8125615226128393,20.2032109192666022,1227,3143,51,67
01125,Tuscaloosa County,AL,Alabama,"Tuscaloosa County, AL",Has not expanded Medicaid,Metro,5978,28989,20.60,35.30,23.8125615226128393,20.2032109192666022,1243,3143,52,67
01127,Walker County,AL,Alabama,"Walker County, AL",Has not expanded Medicaid,Metro,1931,8127,23.80,37.10,23.8125615226128393,20.2032109192666022,856,3143,26,67
01129,Washington County,AL,Alabama,"Washington County, AL",Has not expanded Medicaid,"Rural, near a metro",321,1774,18.10,40.90,23.8125615226128393,20.2032109192666022,1513,3143,63,67
01131,Wilcox County,AL,Alabama,"Wilcox County, AL",Has not expanded Medicaid,Remote rural,354,1906,18.60,33.10,23.8125615226128393,20.2032109192666022,1458,3143,61,67
01133,Winston County,AL,Alabama,"Winston County, AL",Has not expanded Medicaid,"Rural, near a metro",769,3262,23.60,36.80,23.8125615226128393,20.2032109192666022,871,3143,27,67
02013,Aleutians East Borough,AK,Alaska,"Aleutians East Borough, AK",Expanded Medicaid in 2016,Remote rural,283,535,52.90,72.20,25.7883804368351482,20.2032109192666022,1,3143,1,30
02016,Aleutians West Census Area,AK,Alaska,"Aleutians West Census Area, AK",Expanded Medicaid in 2016,Remote rural,290,586,49.50,55.70,25.7883804368351482,20.2032109192666022,3,3143,2,30
02020,Anchorage Borough,AK,Alaska,"Anchorage Borough, AK",Expanded Medicaid in 2016,Metro,5664,22624,25.00,44.30,25.7883804368351482,20.2032109192666022,711,3143,22,30
02050,Bethel Census Area,AK,Alaska,"Bethel Census Area, AK",Expanded Medicaid in 2016,Remote rural,455,2925,15.60,42.50,25.7883804368351482,20.2032109192666022,1805,3143,29,30
02060,Bristol Bay Borough,AK,Alaska,"Bristol Bay Borough, AK",Expanded Medicaid in 2016,Remote rural,25,81,30.90,43.80,25.7883804368351482,20.2032109192666022,305,3143,11,30
02068,Denali Borough,AK,Alaska,"Denali Borough, AK",Expanded Medicaid in 2016,"Rural, near a metro",43,137,31.40,62.10,25.7883804368351482,20.2032109192666022,286,3143,9,30
02070,Dillingham Census Area,AK,Alaska,"Dillingham Census Area, AK",Expanded Medicaid in 2016,Remote rural,136,627,21.70,45.70,25.7883804368351482,20.2032109192666022,1097,3143,27,30
02090,Fairbanks North Star Borough,AK,Alaska,"Fairbanks North Star Borough, AK",Expanded Medicaid in 2016,Metro,1933,7131,27.10,42.10,25.7883804368351482,20.2032109192666022,526,3143,17,30
02100,Haines Borough,AK,Alaska,"Haines Borough, AK",Expanded Medicaid in 2016,Remote rural,47,197,23.90,59.60,25.7883804368351482,20.2032109192666022,843,3143,24,30
02105,Hoonah-Angoon Census Area,AK,Alaska,"Hoonah-Angoon Census Area, AK",Expanded Medicaid in 2016,Remote rural,66,265,24.90,55.60,25.7883804368351482,20.2032109192666022,726,3143,23,30
02110,Juneau Borough,AK,Alaska,"Juneau Borough, AK",Expanded Medicaid in 2016,Remote rural,557,2048,27.20,45.70,25.7883804368351482,20.2032109192666022,519,3143,16,30
02122,Kenai Peninsula Borough,AK,Alaska,"Kenai Peninsula Borough, AK",Expanded Medicaid in 2016,Remote rural,1565,5704,27.40,51.80,25.7883804368351482,20.2032109192666022,501,3143,15,30
02130,Ketchikan Gateway Borough,AK,Alaska,"Ketchikan Gateway Borough, AK",Expanded Medicaid in 2016,Remote rural,331,1282,25.80,47.00,25.7883804368351482,20.2032109192666022,635,3143,20,30
02150,Kodiak Island Borough,AK,Alaska,"Kodiak Island Borough, AK",Expanded Medicaid in 2016,Remote rural,380,1097,34.60,57.70,25.7883804368351482,20.2032109192666022,181,3143,5,30
02164,Lake and Peninsula Borough,AK,Alaska,"Lake and Peninsula Borough, AK",Expanded Medicaid in 2016,Remote rural,50,171,29.20,48.90,25.7883804368351482,20.2032109192666022,393,3143,13,30
02170,Matanuska-Susitna Borough,AK,Alaska,"Matanuska-Susitna Borough, AK",Expanded Medicaid in 2016,Metro,2328,9239,25.20,49.70,25.7883804368351482,20.2032109192666022,688,3143,21,30
02180,Nome Census Area,AK,Alaska,"Nome Census Area, AK",Expanded Medicaid in 2016,Remote rural,301,1358,22.20,48.10,25.7883804368351482,20.2032109192666022,1030,3143,26,30
02185,North Slope Borough,AK,Alaska,"North Slope Borough, AK",Expanded Medicaid in 2016,Remote rural,281,1035,27.10,51.70,25.7883804368351482,20.2032109192666022,526,3143,17,30
02188,Northwest Arctic Borough,AK,Alaska,"Northwest Arctic Borough, AK",Expanded Medicaid in 2016,Remote rural,171,905,18.90,48.50,25.7883804368351482,20.2032109192666022,1423,3143,28,30
02220,Sitka Borough,AK,Alaska,"Sitka Borough, AK",Expanded Medicaid in 2016,Remote rural,224,675,33.20,50.70,25.7883804368351482,20.2032109192666022,217,3143,7,30
02230,Skagway Municipality,AK,Alaska,"Skagway Municipality, AK",Expanded Medicaid in 2016,Remote rural,32,103,31.10,58.00,25.7883804368351482,20.2032109192666022,294,3143,10,30
02240,Southeast Fairbanks Census Area,AK,Alaska,"Southeast Fairbanks Census Area, AK",Expanded Medicaid in 2016,Remote rural,210,698,30.10,55.10,25.7883804368351482,20.2032109192666022,344,3143,12,30
02158,Kusilvak Census Area,AK,Alaska,"Kusilvak Census Area, AK",Expanded Medicaid in 2016,Remote rural,228,1468,15.50,44.20,25.7883804368351482,20.2032109192666022,1820,3143,30,30
02282,Yakutat Borough,AK,Alaska,"Yakutat Borough, AK",Expanded Medicaid in 2016,Remote rural,34,85,40.00,56.40,25.7883804368351482,20.2032109192666022,63,3143,3,30
02290,Yukon-Koyukuk Census Area,AK,Alaska,"Yukon-Koyukuk Census Area, AK",Expanded Medicaid in 2016,Remote rural,160,682,23.50,53.20,25.7883804368351482,20.2032109192666022,885,3143,25,30
04001,Apache County,AZ,Arizona,"Apache County, AZ",Expanded Medicaid in 2014,"Rural, near a metro",1597,10272,15.50,34.80,23.4765316254173452,20.2032109192666022,1820,3143,15,15
04003,Cochise County,AZ,Arizona,"Cochise County, AZ",Expanded Medicaid in 2014,Metro,3322,14236,23.30,36.00,23.4765316254173452,20.2032109192666022,907,3143,6,15
04005,Coconino County,AZ,Arizona,"Coconino County, AZ",Expanded Medicaid in 2014,Metro,2896,17723,16.30,36.20,23.4765316254173452,20.2032109192666022,1722,3143,13,15
04007,Gila County,AZ,Arizona,"Gila County, AZ",Expanded Medicaid in 2014,"Rural, near a metro",1166,6159,18.90,33.80,23.4765316254173452,20.2032109192666022,1423,3143,10,15
04009,Graham County,AZ,Arizona,"Graham County, AZ",Expanded Medicaid in 2014,Remote rural,793,4487,17.70,32.50,23.4765316254173452,20.2032109192666022,1569,3143,11,15
04011,Greenlee County,AZ,Arizona,"Greenlee County, AZ",Expanded Medicaid in 2014,Remote rural,181,1022,17.70,26.70,23.4765316254173452,20.2032109192666022,1569,3143,11,15
04012,La Paz County,AZ,Arizona,"La Paz County, AZ",Expanded Medicaid in 2014,"Rural, near a metro",421,1952,21.60,45.30,23.4765316254173452,20.2032109192666022,1115,3143,7,15
04013,Maricopa County,AZ,Arizona,"Maricopa County, AZ",Expanded Medicaid in 2014,Metro,98077,395830,24.80,44.00,23.4765316254173452,20.2032109192666022,736,3143,4,15
04015,Mohave County,AZ,Arizona,"Mohave County, AZ",Expanded Medicaid in 2014,Metro,5666,26943,21.00,38.00,23.4765316254173452,20.2032109192666022,1187,3143,8,15
04017,Navajo County,AZ,Arizona,"Navajo County, AZ",Expanded Medicaid in 2014,"Rural, near a metro",2453,15546,15.80,33.70,23.4765316254173452,20.2032109192666022,1787,3143,14,15
04019,Pima County,AZ,Arizona,"Pima County, AZ",Expanded Medicaid in 2014,Metro,24591,120662,20.40,36.70,23.4765316254173452,20.2032109192666022,1260,3143,9,15
04021,Pinal County,AZ,Arizona,"Pinal County, AZ",Expanded Medicaid in 2014,Metro,10935,40023,27.30,39.70,23.4765316254173452,20.2032109192666022,509,3143,2,15
04023,Santa Cruz County,AZ,Arizona,"Santa Cruz County, AZ",Expanded Medicaid in 2014,"Rural, near a metro",2420,7529,32.10,43.50,23.4765316254173452,20.2032109192666022,249,3143,1,15
04025,Yavapai County,AZ,Arizona,"Yavapai County, AZ",Expanded Medicaid in 2014,Metro,5447,22678,24.00,41.50,23.4765316254173452,20.2032109192666022,830,3143,5,15
04027,Yuma County,AZ,Arizona,"Yuma County, AZ",Expanded Medicaid in 2014,Metro,6963,25980,26.80,42.90,23.4765316254173452,20.2032109192666022,543,3143,3,15
05001,Arkansas County,AR,Arkansas,"Arkansas County, AR",Expanded Medicaid in 2014,"Rural, near a metro",334,2189,15.30,40.20,20.2677652994576470,20.2032109192666022,1851,3143,65,75
05003,Ashley County,AR,Arkansas,"Ashley County, AR",Expanded Medicaid in 2014,Remote rural,474,2610,18.20,39.70,20.2677652994576470,20.2032109192666022,1498,3143,37,75
05005,Baxter County,AR,Arkansas,"Baxter County, AR",Expanded Medicaid in 2014,Remote rural,919,5137,17.90,40.60,20.2677652994576470,20.2032109192666022,1535,3143,40,75
05007,Benton County,AR,Arkansas,"Benton County, AR",Expanded Medicaid in 2014,Metro,6280,21913,28.70,51.10,20.2677652994576470,20.2032109192666022,422,3143,2,75
05009,Boone County,AR,Arkansas,"Boone County, AR",Expanded Medicaid in 2014,Remote rural,829,4618,18.00,40.60,20.2677652994576470,20.2032109192666022,1527,3143,38,75
05011,Bradley County,AR,Arkansas,"Bradley County, AR",Expanded Medicaid in 2014,Remote rural,327,1518,21.50,49.10,20.2677652994576470,20.2032109192666022,1123,3143,12,75
05013,Calhoun County,AR,Arkansas,"Calhoun County, AR",Expanded Medicaid in 2014,Remote rural,83,450,18.40,42.40,20.2677652994576470,20.2032109192666022,1478,3143,31,75
05015,Carroll County,AR,Arkansas,"Carroll County, AR",Expanded Medicaid in 2014,"Rural, near a metro",1095,3822,28.60,49.50,20.2677652994576470,20.2032109192666022,428,3143,3,75
05017,Chicot County,AR,Arkansas,"Chicot County, AR",Expanded Medicaid in 2014,Remote rural,284,1540,18.40,39.60,20.2677652994576470,20.2032109192666022,1478,3143,31,75
05019,Clark County,AR,Arkansas,"Clark County, AR",Expanded Medicaid in 2014,Remote rural,517,2821,18.30,36.90,20.2677652994576470,20.2032109192666022,1489,3143,35,75
05021,Clay County,AR,Arkansas,"Clay County, AR",Expanded Medicaid in 2014,Remote rural,375,2034,18.40,42.20,20.2677652994576470,20.2032109192666022,1478,3143,31,75
05023,Cleburne County,AR,Arkansas,"Cleburne County, AR",Expanded Medicaid in 2014,"Rural, near a metro",533,3018,17.70,46.30,20.2677652994576470,20.2032109192666022,1569,3143,45,75
05025,Cleveland County,AR,Arkansas,"Cleveland County, AR",Expanded Medicaid in 2014,Metro,149,832,17.90,43.30,20.2677652994576470,20.2032109192666022,1535,3143,40,75
05027,Columbia County,AR,Arkansas,"Columbia County, AR",Expanded Medicaid in 2014,Remote rural,479,2868,16.70,41.00,20.2677652994576470,20.2032109192666022,1680,3143,55,75
05029,Conway County,AR,Arkansas,"Conway County, AR",Expanded Medicaid in 2014,"Rural, near a metro",486,2885,16.80,41.80,20.2677652994576470,20.2032109192666022,1666,3143,53,75
05031,Craighead County,AR,Arkansas,"Craighead County, AR",Expanded Medicaid in 2014,Metro,3258,15438,21.10,41.90,20.2677652994576470,20.2032109192666022,1172,3143,14,75
05033,Crawford County,AR,Arkansas,"Crawford County, AR",Expanded Medicaid in 2014,Metro,1372,7459,18.40,46.10,20.2677652994576470,20.2032109192666022,1478,3143,31,75
05035,Crittenden County,AR,Arkansas,"Crittenden County, AR",Expanded Medicaid in 2014,Metro,1120,7161,15.60,34.40,20.2677652994576470,20.2032109192666022,1805,3143,64,75
05037,Cross County,AR,Arkansas,"Cross County, AR",Expanded Medicaid in 2014,"Rural, near a metro",490,2572,19.10,37.00,20.2677652994576470,20.2032109192666022,1404,3143,24,75
05039,Dallas County,AR,Arkansas,"Dallas County, AR",Expanded Medicaid in 2014,"Rural, near a metro",111,773,14.40,39.30,20.2677652994576470,20.2032109192666022,2007,3143,72,75
05041,Desha County,AR,Arkansas,"Desha County, AR",Expanded Medicaid in 2014,"Rural, near a metro",345,1838,18.80,37.90,20.2677652994576470,20.2032109192666022,1441,3143,28,75
05043,Drew County,AR,Arkansas,"Drew County, AR",Expanded Medicaid in 2014,"Rural, near a metro",465,2656,17.50,36.60,20.2677652994576470,20.2032109192666022,1591,3143,48,75
05045,Faulkner County,AR,Arkansas,"Faulkner County, AR",Expanded Medicaid in 2014,Metro,3091,16007,19.30,39.60,20.2677652994576470,20.2032109192666022,1385,3143,23,75
05047,Franklin County,AR,Arkansas,"Franklin County, AR",Expanded Medicaid in 2014,"Rural, near a metro",462,2592,17.80,42.30,20.2677652994576470,20.2032109192666022,1561,3143,44,75
05049,Fulton County,AR,Arkansas,"Fulton County, AR",Expanded Medicaid in 2014,Remote rural,361,1971,18.30,44.40,20.2677652994576470,20.2032109192666022,1489,3143,35,75
05051,Garland County,AR,Arkansas,"Garland County, AR",Expanded Medicaid in 2014,Metro,2445,12235,20.00,45.20,20.2677652994576470,20.2032109192666022,1308,3143,19,75
05053,Grant County,AR,Arkansas,"Grant County, AR",Expanded Medicaid in 2014,Metro,336,1767,19.00,44.70,20.2677652994576470,20.2032109192666022,1414,3143,25,75
05055,Greene County,AR,Arkansas,"Greene County, AR",Expanded Medicaid in 2014,"Rural, near a metro",1092,6510,16.80,39.80,20.2677652994576470,20.2032109192666022,1666,3143,53,75
05057,Hempstead County,AR,Arkansas,"Hempstead County, AR",Expanded Medicaid in 2014,"Rural, near a metro",613,2780,22.10,47.50,20.2677652994576470,20.2032109192666022,1048,3143,10,75
05059,Hot Spring County,AR,Arkansas,"Hot Spring County, AR",Expanded Medicaid in 2014,"Rural, near a metro",680,4184,16.30,40.70,20.2677652994576470,20.2032109192666022,1722,3143,59,75
05061,Howard County,AR,Arkansas,"Howard County, AR",Expanded Medicaid in 2014,"Rural, near a metro",403,1792,22.50,49.90,20.2677652994576470,20.2032109192666022,1000,3143,8,75
05063,Independence County,AR,Arkansas,"Independence County, AR",Expanded Medicaid in 2014,Remote rural,1090,4856,22.40,49.20,20.2677652994576470,20.2032109192666022,1010,3143,9,75
05065,Izard County,AR,Arkansas,"Izard County, AR",Expanded Medicaid in 2014,Remote rural,386,2062,18.70,42.70,20.2677652994576470,20.2032109192666022,1449,3143,29,75
05067,Jackson County,AR,Arkansas,"Jackson County, AR",Expanded Medicaid in 2014,"Rural, near a metro",389,2684,14.50,38.60,20.2677652994576470,20.2032109192666022,1985,3143,69,75
05069,Jefferson County,AR,Arkansas,"Jefferson County, AR",Expanded Medicaid in 2014,Metro,1161,8724,13.30,33.80,20.2677652994576470,20.2032109192666022,2263,3143,75,75
05071,Johnson County,AR,Arkansas,"Johnson County, AR",Expanded Medicaid in 2014,Remote rural,974,3974,24.50,47.00,20.2677652994576470,20.2032109192666022,772,3143,6,75
05073,Lafayette County,AR,Arkansas,"Lafayette County, AR",Expanded Medicaid in 2014,"Rural, near a metro",201,958,21.00,43.70,20.2677652994576470,20.2032109192666022,1187,3143,15,75
05075,Lawrence County,AR,Arkansas,"Lawrence County, AR",Expanded Medicaid in 2014,"Rural, near a metro",443,2468,17.90,38.10,20.2677652994576470,20.2032109192666022,1535,3143,40,75
05077,Lee County,AR,Arkansas,"Lee County, AR",Expanded Medicaid in 2014,Remote rural,183,1261,14.50,35.40,20.2677652994576470,20.2032109192666022,1985,3143,69,75
05079,Lincoln County,AR,Arkansas,"Lincoln County, AR",Expanded Medicaid in 2014,Metro,250,1271,19.70,41.60,20.2677652994576470,20.2032109192666022,1346,3143,21,75
05081,Little River County,AR,Arkansas,"Little River County, AR",Expanded Medicaid in 2014,Metro,222,1526,14.50,42.40,20.2677652994576470,20.2032109192666022,1985,3143,69,75
05083,Logan County,AR,Arkansas,"Logan County, AR",Expanded Medicaid in 2014,"Rural, near a metro",548,3048,18.00,39.70,20.2677652994576470,20.2032109192666022,1527,3143,38,75
05085,Lonoke County,AR,Arkansas,"Lonoke County, AR",Expanded Medicaid in 2014,Metro,1303,7421,17.60,42.50,20.2677652994576470,20.2032109192666022,1584,3143,46,75
05087,Madison County,AR,Arkansas,"Madison County, AR",Expanded Medicaid in 2014,Metro,485,2406,20.20,48.70,20.2677652994576470,20.2032109192666022,1292,3143,17,75
05089,Marion County,AR,Arkansas,"Marion County, AR",Expanded Medicaid in 2014,Remote rural,420,2397,17.50,41.40,20.2677652994576470,20.2032109192666022,1591,3143,48,75
05091,Miller County,AR,Arkansas,"Miller County, AR",Expanded Medicaid in 2014,Metro,1093,6228,17.50,38.60,20.2677652994576470,20.2032109192666022,1591,3143,48,75
05093,Mississippi County,AR,Arkansas,"Mississippi County, AR",Expanded Medicaid in 2014,"Rural, near a metro",1025,6241,16.40,36.90,20.2677652994576470,20.2032109192666022,1709,3143,57,75
05095,Monroe County,AR,Arkansas,"Monroe County, AR",Expanded Medicaid in 2014,Remote rural,164,1072,15.30,35.60,20.2677652994576470,20.2032109192666022,1851,3143,65,75
05097,Montgomery County,AR,Arkansas,"Montgomery County, AR",Expanded Medicaid in 2014,"Rural, near a metro",285,1239,23.00,46.40,20.2677652994576470,20.2032109192666022,943,3143,7,75
05099,Nevada County,AR,Arkansas,"Nevada County, AR",Expanded Medicaid in 2014,Remote rural,195,1284,15.20,39.60,20.2677652994576470,20.2032109192666022,1863,3143,67,75
05101,Newton County,AR,Arkansas,"Newton County, AR",Expanded Medicaid in 2014,Remote rural,161,981,16.40,44.10,20.2677652994576470,20.2032109192666022,1709,3143,57,75
05103,Ouachita County,AR,Arkansas,"Ouachita County, AR",Expanded Medicaid in 2014,Remote rural,429,2944,14.60,35.10,20.2677652994576470,20.2032109192666022,1960,3143,68,75
05105,Perry County,AR,Arkansas,"Perry County, AR",Expanded Medicaid in 2014,Metro,228,1349,16.90,43.30,20.2677652994576470,20.2032109192666022,1650,3143,52,75
05107,Phillips County,AR,Arkansas,"Phillips County, AR",Expanded Medicaid in 2014,"Rural, near a metro",405,2962,13.70,33.30,20.2677652994576470,20.2032109192666022,2176,3143,74,75
05109,Pike County,AR,Arkansas,"Pike County, AR",Expanded Medicaid in 2014,Remote rural,316,1479,21.40,51.30,20.2677652994576470,20.2032109192666022,1141,3143,13,75
05111,Poinsett County,AR,Arkansas,"Poinsett County, AR",Expanded Medicaid in 2014,Metro,585,3493,16.70,36.00,20.2677652994576470,20.2032109192666022,1680,3143,55,75
05113,Polk County,AR,Arkansas,"Polk County, AR",Expanded Medicaid in 2014,Remote rural,539,2699,20.00,49.00,20.2677652994576470,20.2032109192666022,1308,3143,19,75
05115,Pope County,AR,Arkansas,"Pope County, AR",Expanded Medicaid in 2014,Remote rural,1784,8548,20.90,44.70,20.2677652994576470,20.2032109192666022,1200,3143,16,75
05117,Prairie County,AR,Arkansas,"Prairie County, AR",Expanded Medicaid in 2014,"Rural, near a metro",171,983,17.40,42.30,20.2677652994576470,20.2032109192666022,1597,3143,51,75
05121,Randolph County,AR,Arkansas,"Randolph County, AR",Expanded Medicaid in 2014,Remote rural,566,2982,19.00,42.70,20.2677652994576470,20.2032109192666022,1414,3143,25,75
05123,St. Francis County,AR,Arkansas,"St. Francis County, AR",Expanded Medicaid in 2014,"Rural, near a metro",676,3642,18.60,34.30,20.2677652994576470,20.2032109192666022,1458,3143,30,75
05125,Saline County,AR,Arkansas,"Saline County, AR",Expanded Medicaid in 2014,Metro,2000,10241,19.50,45.30,20.2677652994576470,20.2032109192666022,1364,3143,22,75
05127,Scott County,AR,Arkansas,"Scott County, AR",Expanded Medicaid in 2014,"Rural, near a metro",242,1492,16.20,47.40,20.2677652994576470,20.2032109192666022,1735,3143,61,75
05129,Searcy County,AR,Arkansas,"Searcy County, AR",Expanded Medicaid in 2014,Remote rural,204,1251,16.30,43.90,20.2677652994576470,20.2032109192666022,1722,3143,59,75
05131,Sebastian County,AR,Arkansas,"Sebastian County, AR",Expanded Medicaid in 2014,Metro,3381,16768,20.20,46.10,20.2677652994576470,20.2032109192666022,1292,3143,17,75
05133,Sevier County,AR,Arkansas,"Sevier County, AR",Expanded Medicaid in 2014,"Rural, near a metro",674,2287,29.50,60.20,20.2677652994576470,20.2032109192666022,375,3143,1,75
05135,Sharp County,AR,Arkansas,"Sharp County, AR",Expanded Medicaid in 2014,Remote rural,444,2764,16.10,44.60,20.2677652994576470,20.2032109192666022,1742,3143,62,75
05137,Stone County,AR,Arkansas,"Stone County, AR",Expanded Medicaid in 2014,Remote rural,370,2101,17.60,44.30,20.2677652994576470,20.2032109192666022,1584,3143,46,75
05139,Union County,AR,Arkansas,"Union County, AR",Expanded Medicaid in 2014,Remote rural,762,4800,15.90,40.40,20.2677652994576470,20.2032109192666022,1769,3143,63,75
05141,Van Buren County,AR,Arkansas,"Van Buren County, AR",Expanded Medicaid in 2014,"Rural, near a metro",436,2311,18.90,44.80,20.2677652994576470,20.2032109192666022,1423,3143,27,75
05143,Washington County,AR,Arkansas,"Washington County, AR",Expanded Medicaid in 2014,Metro,8743,33961,25.70,43.40,20.2677652994576470,20.2032109192666022,643,3143,4,75
05145,White County,AR,Arkansas,"White County, AR",Expanded Medicaid in 2014,"Rural, near a metro",1937,10824,17.90,40.60,20.2677652994576470,20.2032109192666022,1535,3143,40,75
05147,Woodruff County,AR,Arkansas,"Woodruff County, AR",Expanded Medicaid in 2014,Remote rural,134,939,14.30,36.60,20.2677652994576470,20.2032109192666022,2031,3143,73,75
05149,Yell County,AR,Arkansas,"Yell County, AR",Expanded Medicaid in 2014,"Rural, near a metro",690,2740,25.20,52.10,20.2677652994576470,20.2032109192666022,688,3143,5,75
06001,Alameda County,CA,California,"Alameda County, CA",Expanded Medicaid in 2014,Metro,15288,120240,12.70,34.50,15.3094641074663263,20.2032109192666022,2387,3143,34,58
06003,Alpine County,CA,California,"Alpine County, CA",Expanded Medicaid in 2014,"Rural, near a metro",8,100,8.00,36.20,15.3094641074663263,20.2032109192666022,3120,3143,58,58
06005,Amador County,CA,California,"Amador County, CA",Expanded Medicaid in 2014,"Rural, near a metro",328,2957,11.10,34.80,15.3094641074663263,20.2032109192666022,2772,3143,46,58
06007,Butte County,CA,California,"Butte County, CA",Expanded Medicaid in 2014,Metro,3315,31990,10.40,29.40,15.3094641074663263,20.2032109192666022,2904,3143,50,58
06009,Calaveras County,CA,California,"Calaveras County, CA",Expanded Medicaid in 2014,"Rural, near a metro",439,3951,11.10,34.40,15.3094641074663263,20.2032109192666022,2772,3143,46,58
06011,Colusa County,CA,California,"Colusa County, CA",Expanded Medicaid in 2014,"Rural, near a metro",373,2466,15.10,46.90,15.3094641074663263,20.2032109192666022,1877,3143,17,58
06013,Contra Costa County,CA,California,"Contra Costa County, CA",Expanded Medicaid in 2014,Metro,11807,73237,16.10,40.90,15.3094641074663263,20.2032109192666022,1742,3143,11,58
06015,Del Norte County,CA,California,"Del Norte County, CA",Expanded Medicaid in 2014,Remote rural,326,3165,10.30,27.80,15.3094641074663263,20.2032109192666022,2929,3143,52,58
06017,El Dorado County,CA,California,"El Dorado County, CA",Expanded Medicaid in 2014,Metro,1363,11400,12.00,37.80,15.3094641074663263,20.2032109192666022,2555,3143,37,58
06019,Fresno County,CA,California,"Fresno County, CA",Expanded Medicaid in 2014,Metro,19445,139311,14.00,37.50,15.3094641074663263,20.2032109192666022,2103,3143,26,58
06021,Glenn County,CA,California,"Glenn County, CA",Expanded Medicaid in 2014,"Rural, near a metro",494,3451,14.30,40.20,15.3094641074663263,20.2032109192666022,2031,3143,23,58
06023,Humboldt County,CA,California,"Humboldt County, CA",Expanded Medicaid in 2014,Remote rural,2163,21975,9.80,33.80,15.3094641074663263,20.2032109192666022,3004,3143,55,58
06025,Imperial County,CA,California,"Imperial County, CA",Expanded Medicaid in 2014,Metro,3803,25892,14.70,36.60,15.3094641074663263,20.2032109192666022,1946,3143,20,58
06027,Inyo County,CA,California,"Inyo County, CA",Expanded Medicaid in 2014,Remote rural,170,1629,10.40,35.00,15.3094641074663263,20.2032109192666022,2904,3143,50,58
06029,Kern County,CA,California,"Kern County, CA",Expanded Medicaid in 2014,Metro,20011,128083,15.60,39.70,15.3094641074663263,20.2032109192666022,1805,3143,14,58
06031,Kings County,CA,California,"Kings County, CA",Expanded Medicaid in 2014,Metro,2607,18088,14.40,35.30,15.3094641074663263,20.2032109192666022,2007,3143,22,58
06033,Lake County,CA,California,"Lake County, CA",Expanded Medicaid in 2014,"Rural, near a metro",1154,9164,12.60,33.10,15.3094641074663263,20.2032109192666022,2410,3143,36,58
06035,Lassen County,CA,California,"Lassen County, CA",Expanded Medicaid in 2014,Remote rural,303,2665,11.40,26.00,15.3094641074663263,20.2032109192666022,2715,3143,43,58
06037,Los Angeles County,CA,California,"Los Angeles County, CA",Expanded Medicaid in 2014,Metro,174641,1065185,16.40,45.60,15.3094641074663263,20.2032109192666022,1709,3143,8,58
06039,Madera County,CA,California,"Madera County, CA",Expanded Medicaid in 2014,Metro,4061,21812,18.60,41.10,15.3094641074663263,20.2032109192666022,1458,3143,4,58
06041,Marin County,CA,California,"Marin County, CA",Expanded Medicaid in 2014,Metro,1683,11639,14.50,39.40,15.3094641074663263,20.2032109192666022,1985,3143,21,58
06043,Mariposa County,CA,California,"Mariposa County, CA",Expanded Medicaid in 2014,"Rural, near a metro",214,1901,11.30,28.00,15.3094641074663263,20.2032109192666022,2732,3143,44,58
06045,Mendocino County,CA,California,"Mendocino County, CA",Expanded Medicaid in 2014,"Rural, near a metro",1247,10778,11.60,35.60,15.3094641074663263,20.2032109192666022,2655,3143,40,58
06047,Merced County,CA,California,"Merced County, CA",Expanded Medicaid in 2014,Metro,6399,39242,16.30,37.30,15.3094641074663263,20.2032109192666022,1722,3143,9,58
06049,Modoc County,CA,California,"Modoc County, CA",Expanded Medicaid in 2014,"Rural, near a metro",112,1090,10.30,37.80,15.3094641074663263,20.2032109192666022,2929,3143,52,58
06051,Mono County,CA,California,"Mono County, CA",Expanded Medicaid in 2014,Remote rural,215,1244,17.30,44.30,15.3094641074663263,20.2032109192666022,1608,3143,5,58
06053,Monterey County,CA,California,"Monterey County, CA",Expanded Medicaid in 2014,Metro,8804,42496,20.70,46.90,15.3094641074663263,20.2032109192666022,1227,3143,1,58
06055,Napa County,CA,California,"Napa County, CA",Expanded Medicaid in 2014,Metro,1263,8851,14.30,43.40,15.3094641074663263,20.2032109192666022,2031,3143,23,58
06057,Nevada County,CA,California,"Nevada County, CA",Expanded Medicaid in 2014,"Rural, near a metro",908,8018,11.30,38.70,15.3094641074663263,20.2032109192666022,2732,3143,44,58
06059,Orange County,CA,California,"Orange County, CA",Expanded Medicaid in 2014,Metro,37569,242517,15.50,47.10,15.3094641074663263,20.2032109192666022,1820,3143,15,58
06061,Placer County,CA,California,"Placer County, CA",Expanded Medicaid in 2014,Metro,2888,21738,13.30,39.10,15.3094641074663263,20.2032109192666022,2263,3143,30,58
06063,Plumas County,CA,California,"Plumas County, CA",Expanded Medicaid in 2014,Remote rural,145,1736,8.40,34.40,15.3094641074663263,20.2032109192666022,3110,3143,57,58
06065,Riverside County,CA,California,"Riverside County, CA",Expanded Medicaid in 2014,Metro,37795,224558,16.80,44.70,15.3094641074663263,20.2032109192666022,1666,3143,7,58
06067,Sacramento County,CA,California,"Sacramento County, CA",Expanded Medicaid in 2014,Metro,19070,158505,12.00,35.20,15.3094641074663263,20.2032109192666022,2555,3143,37,58
06069,San Benito County,CA,California,"San Benito County, CA",Expanded Medicaid in 2014,Metro,800,4718,17.00,43.80,15.3094641074663263,20.2032109192666022,1645,3143,6,58
06071,San Bernardino County,CA,California,"San Bernardino County, CA",Expanded Medicaid in 2014,Metro,37726,233126,16.20,42.30,15.3094641074663263,20.2032109192666022,1735,3143,10,58
06073,San Diego County,CA,California,"San Diego County, CA",Expanded Medicaid in 2014,Metro,40679,273801,14.90,39.40,15.3094641074663263,20.2032109192666022,1907,3143,19,58
06075,San Francisco County,CA,California,"San Francisco County, CA",Expanded Medicaid in 2014,Metro,7873,68720,11.50,26.00,15.3094641074663263,20.2032109192666022,2684,3143,42,58
06077,San Joaquin County,CA,California,"San Joaquin County, CA",Expanded Medicaid in 2014,Metro,10655,79180,13.50,38.40,15.3094641074663263,20.2032109192666022,2220,3143,28,58
06079,San Luis Obispo County,CA,California,"San Luis Obispo County, CA",Expanded Medicaid in 2014,Metro,3434,25633,13.40,32.20,15.3094641074663263,20.2032109192666022,2249,3143,29,58
06081,San Mateo County,CA,California,"San Mateo County, CA",Expanded Medicaid in 2014,Metro,5972,37273,16.00,36.90,15.3094641074663263,20.2032109192666022,1759,3143,12,58
06083,Santa Barbara County,CA,California,"Santa Barbara County, CA",Expanded Medicaid in 2014,Metro,9499,48144,19.70,40.90,15.3094641074663263,20.2032109192666022,1346,3143,3,58
06085,Santa Clara County,CA,California,"Santa Clara County, CA",Expanded Medicaid in 2014,Metro,15399,102210,15.10,37.60,15.3094641074663263,20.2032109192666022,1877,3143,17,58
06087,Santa Cruz County,CA,California,"Santa Cruz County, CA",Expanded Medicaid in 2014,Metro,3368,24360,13.80,39.90,15.3094641074663263,20.2032109192666022,2156,3143,27,58
06089,Shasta County,CA,California,"Shasta County, CA",Expanded Medicaid in 2014,Metro,2288,19784,11.60,31.80,15.3094641074663263,20.2032109192666022,2655,3143,40,58
06091,Sierra County,CA,California,"Sierra County, CA",Expanded Medicaid in 2014,"Rural, near a metro",27,253,10.70,38.80,15.3094641074663263,20.2032109192666022,2864,3143,48,58
06093,Siskiyou County,CA,California,"Siskiyou County, CA",Expanded Medicaid in 2014,"Rural, near a metro",486,5238,9.30,31.80,15.3094641074663263,20.2032109192666022,3053,3143,56,58
06095,Solano County,CA,California,"Solano County, CA",Expanded Medicaid in 2014,Metro,4365,33549,13.00,37.30,15.3094641074663263,20.2032109192666022,2325,3143,32,58
06097,Sonoma County,CA,California,"Sonoma County, CA",Expanded Medicaid in 2014,Metro,4862,34376,14.10,38.10,15.3094641074663263,20.2032109192666022,2076,3143,25,58
06099,Stanislaus County,CA,California,"Stanislaus County, CA",Expanded Medicaid in 2014,Metro,7674,59502,12.90,40.00,15.3094641074663263,20.2032109192666022,2351,3143,33,58
06101,Sutter County,CA,California,"Sutter County, CA",Expanded Medicaid in 2014,Metro,1744,11470,15.20,39.40,15.3094641074663263,20.2032109192666022,1863,3143,16,58
06103,Tehama County,CA,California,"Tehama County, CA",Expanded Medicaid in 2014,"Rural, near a metro",922,7848,11.70,32.70,15.3094641074663263,20.2032109192666022,2631,3143,39,58
06105,Trinity County,CA,California,"Trinity County, CA",Expanded Medicaid in 2014,"Rural, near a metro",236,2331,10.10,33.00,15.3094641074663263,20.2032109192666022,2968,3143,54,58
06107,Tulare County,CA,California,"Tulare County, CA",Expanded Medicaid in 2014,Metro,10592,67493,15.70,38.20,15.3094641074663263,20.2032109192666022,1798,3143,13,58
06109,Tuolumne County,CA,California,"Tuolumne County, CA",Expanded Medicaid in 2014,"Rural, near a metro",493,4633,10.60,31.30,15.3094641074663263,20.2032109192666022,2881,3143,49,58
06111,Ventura County,CA,California,"Ventura County, CA",Expanded Medicaid in 2014,Metro,12464,60386,20.60,46.30,15.3094641074663263,20.2032109192666022,1243,3143,2,58
06113,Yolo County,CA,California,"Yolo County, CA",Expanded Medicaid in 2014,Metro,3734,28237,13.20,33.30,15.3094641074663263,20.2032109192666022,2283,3143,31,58
06115,Yuba County,CA,California,"Yuba County, CA",Expanded Medicaid in 2014,Metro,1315,10370,12.70,32.70,15.3094641074663263,20.2032109192666022,2387,3143,34,58
08001,Adams County,CO,Colorado,"Adams County, CO",Expanded Medicaid in 2014,Metro,9062,43040,21.10,45.40,16.5444447586706491,20.2032109192666022,1172,3143,6,64
08003,Alamosa County,CO,Colorado,"Alamosa County, CO",Expanded Medicaid in 2014,Remote rural,310,2453,12.60,31.50,16.5444447586706491,20.2032109192666022,2410,3143,54,64
08005,Arapahoe County,CO,Colorado,"Arapahoe County, CO",Expanded Medicaid in 2014,Metro,10527,47969,21.90,40.90,16.5444447586706491,20.2032109192666022,1069,3143,4,64
08007,Archuleta County,CO,Colorado,"Archuleta County, CO",Expanded Medicaid in 2014,Remote rural,199,1187,16.80,42.10,16.5444447586706491,20.2032109192666022,1666,3143,17,64
08009,Baca County,CO,Colorado,"Baca County, CO",Expanded Medicaid in 2014,Remote rural,69,484,14.30,40.60,16.5444447586706491,20.2032109192666022,2031,3143,41,64
08011,Bent County,CO,Colorado,"Bent County, CO",Expanded Medicaid in 2014,Remote rural,91,770,11.80,29.40,16.5444447586706491,20.2032109192666022,2605,3143,61,64
08013,Boulder County,CO,Colorado,"Boulder County, CO",Expanded Medicaid in 2014,Metro,4153,28588,14.50,32.30,16.5444447586706491,20.2032109192666022,1985,3143,37,64
08014,Broomfield County,CO,Colorado,"Broomfield County, CO",Expanded Medicaid in 2014,Metro,522,3604,14.50,39.20,16.5444447586706491,20.2032109192666022,1985,3143,37,64
08015,Chaffee County,CO,Colorado,"Chaffee County, CO",Expanded Medicaid in 2014,Remote rural,205,1584,12.90,36.70,16.5444447586706491,20.2032109192666022,2351,3143,53,64
08017,Cheyenne County,CO,Colorado,"Cheyenne County, CO",Expanded Medicaid in 2014,Remote rural,38,206,18.40,50.00,16.5444447586706491,20.2032109192666022,1478,3143,12,64
08019,Clear Creek County,CO,Colorado,"Clear Creek County, CO",Expanded Medicaid in 2014,Metro,82,585,14.00,35.00,16.5444447586706491,20.2032109192666022,2103,3143,46,64
08021,Conejos County,CO,Colorado,"Conejos County, CO",Expanded Medicaid in 2014,Remote rural,135,1003,13.50,33.90,16.5444447586706491,20.2032109192666022,2220,3143,49,64
08023,Costilla County,CO,Colorado,"Costilla County, CO",Expanded Medicaid in 2014,Remote rural,91,603,15.10,46.20,16.5444447586706491,20.2032109192666022,1877,3143,34,64
08025,Crowley County,CO,Colorado,"Crowley County, CO",Expanded Medicaid in 2014,"Rural, near a metro",73,525,13.90,30.70,16.5444447586706491,20.2032109192666022,2127,3143,48,64
08027,Custer County,CO,Colorado,"Custer County, CO",Expanded Medicaid in 2014,"Rural, near a metro",77,509,15.10,41.10,16.5444447586706491,20.2032109192666022,1877,3143,34,64
08029,Delta County,CO,Colorado,"Delta County, CO",Expanded Medicaid in 2014,"Rural, near a metro",587,3652,16.10,39.90,16.5444447586706491,20.2032109192666022,1742,3143,24,64
08031,Denver County,CO,Colorado,"Denver County, CO",Expanded Medicaid in 2014,Metro,10982,65782,16.70,35.30,16.5444447586706491,20.2032109192666022,1680,3143,21,64
08033,Dolores County,CO,Colorado,"Dolores County, CO",Expanded Medicaid in 2014,Remote rural,34,311,10.90,40.20,16.5444447586706491,20.2032109192666022,2826,3143,64,64
08035,Douglas County,CO,Colorado,"Douglas County, CO",Expanded Medicaid in 2014,Metro,1683,10799,15.60,39.50,16.5444447586706491,20.2032109192666022,1805,3143,30,64
08037,Eagle County,CO,Colorado,"Eagle County, CO",Expanded Medicaid in 2014,Remote rural,904,3897,23.20,51.30,16.5444447586706491,20.2032109192666022,915,3143,2,64
08039,Elbert County,CO,Colorado,"Elbert County, CO",Expanded Medicaid in 2014,Metro,182,1076,16.90,44.70,16.5444447586706491,20.2032109192666022,1650,3143,16,64
08041,El Paso County,CO,Colorado,"El Paso County, CO",Expanded Medicaid in 2014,Metro,8109,57513,14.10,30.80,16.5444447586706491,20.2032109192666022,2076,3143,44,64
08043,Fremont County,CO,Colorado,"Fremont County, CO",Expanded Medicaid in 2014,"Rural, near a metro",599,4895,12.20,31.00,16.5444447586706491,20.2032109192666022,2494,3143,59,64
08045,Garfield County,CO,Colorado,"Garfield County, CO",Expanded Medicaid in 2014,Remote rural,1096,4928,22.20,50.10,16.5444447586706491,20.2032109192666022,1030,3143,3,64
08047,Gilpin County,CO,Colorado,"Gilpin County, CO",Expanded Medicaid in 2014,Metro,54,378,14.30,31.40,16.5444447586706491,20.2032109192666022,2031,3143,41,64
08049,Grand County,CO,Colorado,"Grand County, CO",Expanded Medicaid in 2014,Remote rural,235,1228,19.10,41.30,16.5444447586706491,20.2032109192666022,1404,3143,10,64
08051,Gunnison County,CO,Colorado,"Gunnison County, CO",Expanded Medicaid in 2014,Remote rural,200,1642,12.20,40.20,16.5444447586706491,20.2032109192666022,2494,3143,59,64
08053,Hinsdale County,CO,Colorado,"Hinsdale County, CO",Expanded Medicaid in 2014,Remote rural,9,62,14.50,34.40,16.5444447586706491,20.2032109192666022,1985,3143,37,64
08055,Huerfano County,CO,Colorado,"Huerfano County, CO",Expanded Medicaid in 2014,"Rural, near a metro",103,929,11.10,34.30,16.5444447586706491,20.2032109192666022,2772,3143,63,64
08057,Jackson County,CO,Colorado,"Jackson County, CO",Expanded Medicaid in 2014,Remote rural,22,144,15.30,35.30,16.5444447586706491,20.2032109192666022,1851,3143,33,64
08059,Jefferson County,CO,Colorado,"Jefferson County, CO",Expanded Medicaid in 2014,Metro,4816,32439,14.80,35.50,16.5444447586706491,20.2032109192666022,1923,3143,36,64
08061,Kiowa County,CO,Colorado,"Kiowa County, CO",Expanded Medicaid in 2014,Remote rural,24,143,16.80,37.40,16.5444447586706491,20.2032109192666022,1666,3143,17,64
08063,Kit Carson County,CO,Colorado,"Kit Carson County, CO",Expanded Medicaid in 2014,Remote rural,137,761,18.00,44.60,16.5444447586706491,20.2032109192666022,1527,3143,13,64
08065,Lake County,CO,Colorado,"Lake County, CO",Expanded Medicaid in 2014,"Rural, near a metro",118,678,17.40,47.90,16.5444447586706491,20.2032109192666022,1597,3143,15,64
08067,La Plata County,CO,Colorado,"La Plata County, CO",Expanded Medicaid in 2014,"Rural, near a metro",608,4868,12.50,35.50,16.5444447586706491,20.2032109192666022,2428,3143,57,64
08069,Larimer County,CO,Colorado,"Larimer County, CO",Expanded Medicaid in 2014,Metro,4218,33372,12.60,29.60,16.5444447586706491,20.2032109192666022,2410,3143,54,64
08071,Las Animas County,CO,Colorado,"Las Animas County, CO",Expanded Medicaid in 2014,Remote rural,276,1952,14.10,30.80,16.5444447586706491,20.2032109192666022,2076,3143,44,64
08073,Lincoln County,CO,Colorado,"Lincoln County, CO",Expanded Medicaid in 2014,"Rural, near a metro",75,559,13.40,31.40,16.5444447586706491,20.2032109192666022,2249,3143,51,64
08075,Logan County,CO,Colorado,"Logan County, CO",Expanded Medicaid in 2014,Remote rural,312,2150,14.50,37.30,16.5444447586706491,20.2032109192666022,1985,3143,37,64
08077,Mesa County,CO,Colorado,"Mesa County, CO",Expanded Medicaid in 2014,Metro,2337,14591,16.00,36.10,16.5444447586706491,20.2032109192666022,1759,3143,27,64
08079,Mineral County,CO,Colorado,"Mineral County, CO",Expanded Medicaid in 2014,Remote rural,11,83,13.30,37.90,16.5444447586706491,20.2032109192666022,2263,3143,52,64
08081,Moffat County,CO,Colorado,"Moffat County, CO",Expanded Medicaid in 2014,Remote rural,255,1454,17.50,38.90,16.5444447586706491,20.2032109192666022,1591,3143,14,64
08083,Montezuma County,CO,Colorado,"Montezuma County, CO",Expanded Medicaid in 2014,"Rural, near a metro",364,2885,12.60,38.00,16.5444447586706491,20.2032109192666022,2410,3143,54,64
08085,Montrose County,CO,Colorado,"Montrose County, CO",Expanded Medicaid in 2014,"Rural, near a metro",699,4160,16.80,41.40,16.5444447586706491,20.2032109192666022,1666,3143,17,64
08087,Morgan County,CO,Colorado,"Morgan County, CO",Expanded Medicaid in 2014,"Rural, near a metro",584,3098,18.90,39.30,16.5444447586706491,20.2032109192666022,1423,3143,11,64
08089,Otero County,CO,Colorado,"Otero County, CO",Expanded Medicaid in 2014,"Rural, near a metro",386,2761,14.00,29.90,16.5444447586706491,20.2032109192666022,2103,3143,46,64
08091,Ouray County,CO,Colorado,"Ouray County, CO",Expanded Medicaid in 2014,Remote rural,40,324,12.30,40.40,16.5444447586706491,20.2032109192666022,2477,3143,58,64
08093,Park County,CO,Colorado,"Park County, CO",Expanded Medicaid in 2014,Metro,176,1235,14.30,40.90,16.5444447586706491,20.2032109192666022,2031,3143,41,64
08095,Phillips County,CO,Colorado,"Phillips County, CO",Expanded Medicaid in 2014,Remote rural,104,476,21.80,45.00,16.5444447586706491,20.2032109192666022,1080,3143,5,64
08097,Pitkin County,CO,Colorado,"Pitkin County, CO",Expanded Medicaid in 2014,Remote rural,137,826,16.60,46.10,16.5444447586706491,20.2032109192666022,1693,3143,22,64
08099,Prowers County,CO,Colorado,"Prowers County, CO",Expanded Medicaid in 2014,Remote rural,255,1629,15.70,37.10,16.5444447586706491,20.2032109192666022,1798,3143,29,64
08101,Pueblo County,CO,Colorado,"Pueblo County, CO",Expanded Medicaid in 2014,Metro,2283,20123,11.30,28.50,16.5444447586706491,20.2032109192666022,2732,3143,62,64
08103,Rio Blanco County,CO,Colorado,"Rio Blanco County, CO",Expanded Medicaid in 2014,Remote rural,92,598,15.40,37.80,16.5444447586706491,20.2032109192666022,1838,3143,32,64
08105,Rio Grande County,CO,Colorado,"Rio Grande County, CO",Expanded Medicaid in 2014,Remote rural,238,1474,16.10,34.60,16.5444447586706491,20.2032109192666022,1742,3143,24,64
08107,Routt County,CO,Colorado,"Routt County, CO",Expanded Medicaid in 2014,Remote rural,237,1476,16.10,39.90,16.5444447586706491,20.2032109192666022,1742,3143,24,64
08109,Saguache County,CO,Colorado,"Saguache County, CO",Expanded Medicaid in 2014,Remote rural,159,1003,15.90,44.00,16.5444447586706491,20.2032109192666022,1769,3143,28,64
08111,San Juan County,CO,Colorado,"San Juan County, CO",Expanded Medicaid in 2014,Remote rural,20,100,20.00,34.60,16.5444447586706491,20.2032109192666022,1308,3143,8,64
08113,San Miguel County,CO,Colorado,"San Miguel County, CO",Expanded Medicaid in 2014,Remote rural,96,580,16.60,43.50,16.5444447586706491,20.2032109192666022,1693,3143,22,64
08115,Sedgwick County,CO,Colorado,"Sedgwick County, CO",Expanded Medicaid in 2014,Remote rural,49,314,15.60,37.40,16.5444447586706491,20.2032109192666022,1805,3143,30,64
08117,Summit County,CO,Colorado,"Summit County, CO",Expanded Medicaid in 2014,Remote rural,457,2263,20.20,47.90,16.5444447586706491,20.2032109192666022,1292,3143,7,64
08119,Teller County,CO,Colorado,"Teller County, CO",Expanded Medicaid in 2014,Metro,218,1612,13.50,36.10,16.5444447586706491,20.2032109192666022,2220,3143,49,64
08121,Washington County,CO,Colorado,"Washington County, CO",Expanded Medicaid in 2014,Remote rural,84,499,16.80,34.20,16.5444447586706491,20.2032109192666022,1666,3143,17,64
08123,Weld County,CO,Colorado,"Weld County, CO",Expanded Medicaid in 2014,Metro,5498,27823,19.80,36.70,16.5444447586706491,20.2032109192666022,1331,3143,9,64
08125,Yuma County,CO,Colorado,"Yuma County, CO",Expanded Medicaid in 2014,Remote rural,256,1028,24.90,44.70,16.5444447586706491,20.2032109192666022,726,3143,1,64
10001,Kent County,DE,Delaware,"Kent County, DE",Covered low-income adults before 2014,Metro,2672,18539,14.40,21.60,17.2412610594179374,20.2032109192666022,2007,3143,3,3
10003,New Castle County,DE,Delaware,"New Castle County, DE",Covered low-income adults before 2014,Metro,8323,48329,17.20,25.70,17.2412610594179374,20.2032109192666022,1618,3143,2,3
10005,Sussex County,DE,Delaware,"Sussex County, DE",Covered low-income adults before 2014,Metro,4088,20614,19.80,30.90,17.2412610594179374,20.2032109192666022,1331,3143,1,3
11001,District of Columbia,DC,District of Columbia,"District of Columbia, DC",Covered low-income adults before 2014,Metro,4139,65185,6.30,14.60,6.3496203114213393,20.2032109192666022,3137,3143,1,1
12001,Alachua County,FL,Florida,"Alachua County, FL",Has not expanded Medicaid,Metro,8977,43514,20.60,32.70,26.8191742976182519,20.2032109192666022,1243,3143,61,67
12003,Baker County,FL,Florida,"Baker County, FL",Has not expanded Medicaid,Metro,544,2877,18.90,34.10,26.8191742976182519,20.2032109192666022,1423,3143,64,67
12005,Bay County,FL,Florida,"Bay County, FL",Has not expanded Medicaid,Metro,5654,19454,29.10,36.30,26.8191742976182519,20.2032109192666022,398,3143,12,67
12007,Bradford County,FL,Florida,"Bradford County, FL",Has not expanded Medicaid,"Rural, near a metro",678,3235,21.00,35.00,26.8191742976182519,20.2032109192666022,1187,3143,60,67
12009,Brevard County,FL,Florida,"Brevard County, FL",Has not expanded Medicaid,Metro,13476,51918,26.00,42.90,26.8191742976182519,20.2032109192666022,621,3143,30,67
12011,Broward County,FL,Florida,"Broward County, FL",Has not expanded Medicaid,Metro,49129,176303,27.90,51.80,26.8191742976182519,20.2032109192666022,475,3143,19,67
12013,Calhoun County,FL,Florida,"Calhoun County, FL",Has not expanded Medicaid,"Rural, near a metro",432,1797,24.00,34.60,26.8191742976182519,20.2032109192666022,830,3143,46,67
12015,Charlotte County,FL,Florida,"Charlotte County, FL",Has not expanded Medicaid,Metro,3731,14117,26.40,46.50,26.8191742976182519,20.2032109192666022,581,3143,26,67
12017,Citrus County,FL,Florida,"Citrus County, FL",Has not expanded Medicaid,Metro,4313,17350,24.90,40.10,26.8191742976182519,20.2032109192666022,726,3143,37,67
12019,Clay County,FL,Florida,"Clay County, FL",Has not expanded Medicaid,Metro,4213,18324,23.00,40.00,26.8191742976182519,20.2032109192666022,943,3143,54,67
12021,Collier County,FL,Florida,"Collier County, FL",Has not expanded Medicaid,Metro,10174,24730,41.10,58.50,26.8191742976182519,20.2032109192666022,49,3143,1,67
12023,Columbia County,FL,Florida,"Columbia County, FL",Has not expanded Medicaid,"Rural, near a metro",2048,9018,22.70,36.70,26.8191742976182519,20.2032109192666022,984,3143,57,67
12027,DeSoto County,FL,Florida,"DeSoto County, FL",Has not expanded Medicaid,"Rural, near a metro",1979,5666,34.90,57.00,26.8191742976182519,20.2032109192666022,173,3143,4,67
12029,Dixie County,FL,Florida,"Dixie County, FL",Has not expanded Medicaid,"Rural, near a metro",578,2493,23.20,35.40,26.8191742976182519,20.2032109192666022,915,3143,51,67
12031,Duval County,FL,Florida,"Duval County, FL",Has not expanded Medicaid,Metro,24922,109146,22.80,39.00,26.8191742976182519,20.2032109192666022,970,3143,56,67
12033,Escambia County,FL,Florida,"Escambia County, FL",Has not expanded Medicaid,Metro,9070,34700,26.10,36.10,26.8191742976182519,20.2032109192666022,612,3143,29,67
12035,Flagler County,FL,Florida,"Flagler County, FL",Has not expanded Medicaid,Metro,2787,10414,26.80,46.50,26.8191742976182519,20.2032109192666022,543,3143,23,67
12037,Franklin County,FL,Florida,"Franklin County, FL",Has not expanded Medicaid,"Rural, near a metro",358,1395,25.70,44.20,26.8191742976182519,20.2032109192666022,643,3143,33,67
12039,Gadsden County,FL,Florida,"Gadsden County, FL",Has not expanded Medicaid,Metro,1692,6522,25.90,41.50,26.8191742976182519,20.2032109192666022,627,3143,31,67
12041,Gilchrist County,FL,Florida,"Gilchrist County, FL",Has not expanded Medicaid,Metro,679,2218,30.60,45.20,26.8191742976182519,20.2032109192666022,316,3143,9,67
12043,Glades County,FL,Florida,"Glades County, FL",Has not expanded Medicaid,"Rural, near a metro",484,1358,35.60,57.50,26.8191742976182519,20.2032109192666022,154,3143,3,67
12045,Gulf County,FL,Florida,"Gulf County, FL",Has not expanded Medicaid,Metro,365,1587,23.00,39.60,26.8191742976182519,20.2032109192666022,943,3143,54,67
12047,Hamilton County,FL,Florida,"Hamilton County, FL",Has not expanded Medicaid,"Rural, near a metro",436,1853,23.50,36.20,26.8191742976182519,20.2032109192666022,885,3143,50,67
12049,Hardee County,FL,Florida,"Hardee County, FL",Has not expanded Medicaid,"Rural, near a metro",1101,3801,29.00,53.30,26.8191742976182519,20.2032109192666022,402,3143,13,67
12051,Hendry County,FL,Florida,"Hendry County, FL",Has not expanded Medicaid,"Rural, near a metro",2663,7038,37.80,55.20,26.8191742976182519,20.2032109192666022,105,3143,2,67
12053,Hernando County,FL,Florida,"Hernando County, FL",Has not expanded Medicaid,Metro,5328,22141,24.10,42.20,26.8191742976182519,20.2032109192666022,822,3143,45,67
12055,Highlands County,FL,Florida,"Highlands County, FL",Has not expanded Medicaid,Metro,3464,12294,28.20,48.40,26.8191742976182519,20.2032109192666022,455,3143,18,67
12057,Hillsborough County,FL,Florida,"Hillsborough County, FL",Has not expanded Medicaid,Metro,41752,159300,26.20,41.80,26.8191742976182519,20.2032109192666022,605,3143,28,67
12059,Holmes County,FL,Florida,"Holmes County, FL",Has not expanded Medicaid,"Rural, near a metro",487,2677,18.20,35.50,26.8191742976182519,20.2032109192666022,1498,3143,65,67
12061,Indian River County,FL,Florida,"Indian River County, FL",Has not expanded Medicaid,Metro,4039,13568,29.80,52.30,26.8191742976182519,20.2032109192666022,360,3143,10,67
12063,Jackson County,FL,Florida,"Jackson County, FL",Has not expanded Medicaid,"Rural, near a metro",1225,6130,20.00,32.70,26.8191742976182519,20.2032109192666022,1308,3143,63,67
12065,Jefferson County,FL,Florida,"Jefferson County, FL",Has not expanded Medicaid,Metro,390,1631,23.90,35.20,26.8191742976182519,20.2032109192666022,843,3143,47,67
12067,Lafayette County,FL,Florida,"Lafayette County, FL",Has not expanded Medicaid,Remote rural,280,1109,25.20,47.50,26.8191742976182519,20.2032109192666022,688,3143,36,67
12069,Lake County,FL,Florida,"Lake County, FL",Has not expanded Medicaid,Metro,10004,36334,27.50,43.50,26.8191742976182519,20.2032109192666022,495,3143,21,67
12071,Lee County,FL,Florida,"Lee County, FL",Has not expanded Medicaid,Metro,22536,68098,33.10,51.50,26.8191742976182519,20.2032109192666022,219,3143,6,67
12073,Leon County,FL,Florida,"Leon County, FL",Has not expanded Medicaid,Metro,7467,44169,16.90,30.40,26.8191742976182519,20.2032109192666022,1650,3143,67,67
12075,Levy County,FL,Florida,"Levy County, FL",Has not expanded Medicaid,"Rural, near a metro",1725,6285,27.40,44.00,26.8191742976182519,20.2032109192666022,501,3143,22,67
12077,Liberty County,FL,Florida,"Liberty County, FL",Has not expanded Medicaid,"Rural, near a metro",169,833,20.30,40.90,26.8191742976182519,20.2032109192666022,1281,3143,62,67
12079,Madison County,FL,Florida,"Madison County, FL",Has not expanded Medicaid,"Rural, near a metro",633,2587,24.50,34.80,26.8191742976182519,20.2032109192666022,772,3143,41,67
12081,Manatee County,FL,Florida,"Manatee County, FL",Has not expanded Medicaid,Metro,10030,33656,29.80,51.20,26.8191742976182519,20.2032109192666022,360,3143,10,67
12083,Marion County,FL,Florida,"Marion County, FL",Has not expanded Medicaid,Metro,11059,44467,24.90,44.50,26.8191742976182519,20.2032109192666022,726,3143,37,67
12085,Martin County,FL,Florida,"Martin County, FL",Has not expanded Medicaid,Metro,3704,11204,33.10,51.50,26.8191742976182519,20.2032109192666022,219,3143,6,67
12086,Miami-Dade County,FL,Florida,"Miami-Dade County, FL",Has not expanded Medicaid,Metro,81517,293939,27.70,58.90,26.8191742976182519,20.2032109192666022,489,3143,20,67
12087,Monroe County,FL,Florida,"Monroe County, FL",Has not expanded Medicaid,"Rural, near a metro",2242,6748,33.20,48.90,26.8191742976182519,20.2032109192666022,217,3143,5,67
12089,Nassau County,FL,Florida,"Nassau County, FL",Has not expanded Medicaid,Metro,1515,6562,23.10,39.00,26.8191742976182519,20.2032109192666022,929,3143,53,67
12091,Okaloosa County,FL,Florida,"Okaloosa County, FL",Has not expanded Medicaid,Metro,5056,18854,26.80,40.80,26.8191742976182519,20.2032109192666022,543,3143,23,67
12093,Okeechobee County,FL,Florida,"Okeechobee County, FL",Has not expanded Medicaid,"Rural, near a metro",1370,5112,26.80,47.80,26.8191742976182519,20.2032109192666022,543,3143,23,67
12095,Orange County,FL,Florida,"Orange County, FL",Has not expanded Medicaid,Metro,41307,160139,25.80,46.50,26.8191742976182519,20.2032109192666022,635,3143,32,67
12097,Osceola County,FL,Florida,"Osceola County, FL",Has not expanded Medicaid,Metro,13175,53651,24.60,48.10,26.8191742976182519,20.2032109192666022,757,3143,40,67
12099,Palm Beach County,FL,Florida,"Palm Beach County, FL",Has not expanded Medicaid,Metro,38000,118530,32.10,52.20,26.8191742976182519,20.2032109192666022,249,3143,8,67
12101,Pasco County,FL,Florida,"Pasco County, FL",Has not expanded Medicaid,Metro,13512,53435,25.30,43.10,26.8191742976182519,20.2032109192666022,677,3143,34,67
12103,Pinellas County,FL,Florida,"Pinellas County, FL",Has not expanded Medicaid,Metro,23229,81089,28.60,44.40,26.8191742976182519,20.2032109192666022,428,3143,15,67
12105,Polk County,FL,Florida,"Polk County, FL",Has not expanded Medicaid,Metro,24863,87689,28.40,45.60,26.8191742976182519,20.2032109192666022,440,3143,17,67
12107,Putnam County,FL,Florida,"Putnam County, FL",Has not expanded Medicaid,"Rural, near a metro",3087,12473,24.70,41.70,26.8191742976182519,20.2032109192666022,746,3143,39,67
12109,St. Johns County,FL,Florida,"St. Johns County, FL",Has not expanded Medicaid,Metro,3589,15465,23.20,40.70,26.8191742976182519,20.2032109192666022,915,3143,51,67
12111,St. Lucie County,FL,Florida,"St. Lucie County, FL",Has not expanded Medicaid,Metro,10290,35747,28.80,49.00,26.8191742976182519,20.2032109192666022,411,3143,14,67
12113,Santa Rosa County,FL,Florida,"Santa Rosa County, FL",Has not expanded Medicaid,Metro,3648,15267,23.90,42.90,26.8191742976182519,20.2032109192666022,843,3143,47,67
12115,Sarasota County,FL,Florida,"Sarasota County, FL",Has not expanded Medicaid,Metro,7584,26634,28.50,47.10,26.8191742976182519,20.2032109192666022,435,3143,16,67
12117,Seminole County,FL,Florida,"Seminole County, FL",Has not expanded Medicaid,Metro,9708,39826,24.40,44.20,26.8191742976182519,20.2032109192666022,785,3143,42,67
12119,Sumter County,FL,Florida,"Sumter County, FL",Has not expanded Medicaid,Metro,1483,6140,24.20,43.10,26.8191742976182519,20.2032109192666022,811,3143,44,67
12121,Suwannee County,FL,Florida,"Suwannee County, FL",Has not expanded Medicaid,"Rural, near a metro",1363,6159,22.10,41.90,26.8191742976182519,20.2032109192666022,1048,3143,58,67
12123,Taylor County,FL,Florida,"Taylor County, FL",Has not expanded Medicaid,"Rural, near a metro",649,2748,23.60,34.50,26.8191742976182519,20.2032109192666022,871,3143,49,67
12125,Union County,FL,Florida,"Union County, FL",Has not expanded Medicaid,"Rural, near a metro",279,1536,18.20,30.80,26.8191742976182519,20.2032109192666022,1498,3143,65,67
12127,Volusia County,FL,Florida,"Volusia County, FL",Has not expanded Medicaid,Metro,12191,56257,21.70,44.00,26.8191742976182519,20.2032109192666022,1097,3143,59,67
12129,Wakulla County,FL,Florida,"Wakulla County, FL",Has not expanded Medicaid,Metro,707,2904,24.30,38.50,26.8191742976182519,20.2032109192666022,800,3143,43,67
12131,Walton County,FL,Florida,"Walton County, FL",Has not expanded Medicaid,Metro,1761,6661,26.40,44.50,26.8191742976182519,20.2032109192666022,581,3143,26,67
12133,Washington County,FL,Florida,"Washington County, FL",Has not expanded Medicaid,"Rural, near a metro",888,3508,25.30,34.80,26.8191742976182519,20.2032109192666022,677,3143,34,67
13001,Appling County,GA,Georgia,"Appling County, GA",Has not expanded Medicaid,Remote rural,829,2531,32.80,48.90,29.5613748930139889,20.2032109192666022,229,3143,20,159
13003,Atkinson County,GA,Georgia,"Atkinson County, GA",Has not expanded Medicaid,Remote rural,637,1514,42.10,56.30,29.5613748930139889,20.2032109192666022,37,3143,1,159
13005,Bacon County,GA,Georgia,"Bacon County, GA",Has not expanded Medicaid,Remote rural,539,1822,29.60,48.90,29.5613748930139889,20.2032109192666022,372,3143,54,159
13007,Baker County,GA,Georgia,"Baker County, GA",Has not expanded Medicaid,Metro,113,452,25.00,40.70,29.5613748930139889,20.2032109192666022,711,3143,114,159
13009,Baldwin County,GA,Georgia,"Baldwin County, GA",Has not expanded Medicaid,"Rural, near a metro",1614,6593,24.50,35.60,29.5613748930139889,20.2032109192666022,772,3143,128,159
13011,Banks County,GA,Georgia,"Banks County, GA",Has not expanded Medicaid,"Rural, near a metro",672,2102,32.00,47.90,29.5613748930139889,20.2032109192666022,259,3143,29,159
13013,Barrow County,GA,Georgia,"Barrow County, GA",Has not expanded Medicaid,Metro,3003,9021,33.30,52.60,29.5613748930139889,20.2032109192666022,212,3143,17,159
13015,Bartow County,GA,Georgia,"Bartow County, GA",Has not expanded Medicaid,Metro,3560,11254,31.60,48.50,29.5613748930139889,20.2032109192666022,276,3143,35,159
13017,Ben Hill County,GA,Georgia,"Ben Hill County, GA",Has not expanded Medicaid,Remote rural,707,2965,23.80,38.80,29.5613748930139889,20.2032109192666022,856,3143,143,159
13019,Berrien County,GA,Georgia,"Berrien County, GA",Has not expanded Medicaid,"Rural, near a metro",704,2959,23.80,44.60,29.5613748930139889,20.2032109192666022,856,3143,143,159
13021,Bibb County,GA,Georgia,"Bibb County, GA",Has not expanded Medicaid,Metro,5234,24364,21.50,41.90,29.5613748930139889,20.2032109192666022,1123,3143,157,159
13023,Bleckley County,GA,Georgia,"Bleckley County, GA",Has not expanded Medicaid,"Rural, near a metro",377,1521,24.80,37.80,29.5613748930139889,20.2032109192666022,736,3143,118,159
13025,Brantley County,GA,Georgia,"Brantley County, GA",Has not expanded Medicaid,Metro,849,2634,32.20,45.60,29.5613748930139889,20.2032109192666022,248,3143,26,159
13027,Brooks County,GA,Georgia,"Brooks County, GA",Has not expanded Medicaid,Metro,671,2600,25.80,47.10,29.5613748930139889,20.2032109192666022,635,3143,104,159
13029,Bryan County,GA,Georgia,"Bryan County, GA",Has not expanded Medicaid,Metro,958,3452,27.80,44.80,29.5613748930139889,20.2032109192666022,483,3143,76,159
13031,Bulloch County,GA,Georgia,"Bulloch County, GA",Has not expanded Medicaid,"Rural, near a metro",3811,14713,25.90,38.40,29.5613748930139889,20.2032109192666022,627,3143,101,159
13033,Burke County,GA,Georgia,"Burke County, GA",Has not expanded Medicaid,Metro,837,3417,24.50,38.90,29.5613748930139889,20.2032109192666022,772,3143,128,159
13035,Butts County,GA,Georgia,"Butts County, GA",Has not expanded Medicaid,Metro,717,2927,24.50,45.50,29.5613748930139889,20.2032109192666022,772,3143,128,159
13037,Calhoun County,GA,Georgia,"Calhoun County, GA",Has not expanded Medicaid,"Rural, near a metro",193,688,28.10,42.40,29.5613748930139889,20.2032109192666022,464,3143,72,159
13039,Camden County,GA,Georgia,"Camden County, GA",Has not expanded Medicaid,"Rural, near a metro",1392,5658,24.60,38.40,29.5613748930139889,20.2032109192666022,757,3143,124,159
13043,Candler County,GA,Georgia,"Candler County, GA",Has not expanded Medicaid,Remote rural,539,1690,31.90,44.80,29.5613748930139889,20.2032109192666022,263,3143,31,159
13045,Carroll County,GA,Georgia,"Carroll County, GA",Has not expanded Medicaid,Metro,4326,15045,28.80,42.70,29.5613748930139889,20.2032109192666022,411,3143,62,159
13047,Catoosa County,GA,Georgia,"Catoosa County, GA",Has not expanded Medicaid,Metro,1604,5944,27.00,41.90,29.5613748930139889,20.2032109192666022,531,3143,85,159
13049,Charlton County,GA,Georgia,"Charlton County, GA",Has not expanded Medicaid,"Rural, near a metro",402,1590,25.30,41.50,29.5613748930139889,20.2032109192666022,677,3143,111,159
13051,Chatham County,GA,Georgia,"Chatham County, GA",Has not expanded Medicaid,Metro,9043,31868,28.40,46.40,29.5613748930139889,20.2032109192666022,440,3143,66,159
13053,Chattahoochee County,GA,Georgia,"Chattahoochee County, GA",Has not expanded Medicaid,Metro,231,1292,17.90,27.60,29.5613748930139889,20.2032109192666022,1535,3143,159,159
13055,Chattooga County,GA,Georgia,"Chattooga County, GA",Has not expanded Medicaid,"Rural, near a metro",1027,3753,27.40,43.80,29.5613748930139889,20.2032109192666022,501,3143,81,159
13057,Cherokee County,GA,Georgia,"Cherokee County, GA",Has not expanded Medicaid,Metro,5987,15769,38.00,57.70,29.5613748930139889,20.2032109192666022,102,3143,5,159
13059,Clarke County,GA,Georgia,"Clarke County, GA",Has not expanded Medicaid,Metro,5970,25841,23.10,37.50,29.5613748930139889,20.2032109192666022,929,3143,149,159
13061,Clay County,GA,Georgia,"Clay County, GA",Has not expanded Medicaid,Remote rural,108,432,25.00,39.70,29.5613748930139889,20.2032109192666022,711,3143,114,159
13063,Clayton County,GA,Georgia,"Clayton County, GA",Has not expanded Medicaid,Metro,13288,42776,31.10,52.50,29.5613748930139889,20.2032109192666022,294,3143,39,159
13065,Clinch County,GA,Georgia,"Clinch County, GA",Has not expanded Medicaid,"Rural, near a metro",366,1165,31.40,46.10,29.5613748930139889,20.2032109192666022,286,3143,36,159
13067,Cobb County,GA,Georgia,"Cobb County, GA",Has not expanded Medicaid,Metro,18842,52736,35.70,56.70,29.5613748930139889,20.2032109192666022,152,3143,9,159
13069,Coffee County,GA,Georgia,"Coffee County, GA",Has not expanded Medicaid,Remote rural,2003,6616,30.30,49.10,29.5613748930139889,20.2032109192666022,336,3143,44,159
13071,Colquitt County,GA,Georgia,"Colquitt County, GA",Has not expanded Medicaid,"Rural, near a metro",2324,7086,32.80,52.70,29.5613748930139889,20.2032109192666022,229,3143,20,159
13073,Columbia County,GA,Georgia,"Columbia County, GA",Has not expanded Medicaid,Metro,2926,9824,29.80,50.10,29.5613748930139889,20.2032109192666022,360,3143,51,159
13075,Cook County,GA,Georgia,"Cook County, GA",Has not expanded Medicaid,"Rural, near a metro",778,2827,27.50,45.00,29.5613748930139889,20.2032109192666022,495,3143,78,159
13077,Coweta County,GA,Georgia,"Coweta County, GA",Has not expanded Medicaid,Metro,3650,10970,33.30,48.30,29.5613748930139889,20.2032109192666022,212,3143,17,159
13079,Crawford County,GA,Georgia,"Crawford County, GA",Has not expanded Medicaid,Metro,421,1483,28.40,43.00,29.5613748930139889,20.2032109192666022,440,3143,66,159
13081,Crisp County,GA,Georgia,"Crisp County, GA",Has not expanded Medicaid,"Rural, near a metro",680,3393,20.00,38.00,29.5613748930139889,20.2032109192666022,1308,3143,158,159
13083,Dade County,GA,Georgia,"Dade County, GA",Has not expanded Medicaid,Metro,455,1726,26.40,44.30,29.5613748930139889,20.2032109192666022,581,3143,92,159
13085,Dawson County,GA,Georgia,"Dawson County, GA",Has not expanded Medicaid,Metro,779,2298,33.90,53.70,29.5613748930139889,20.2032109192666022,198,3143,13,159
13087,Decatur County,GA,Georgia,"Decatur County, GA",Has not expanded Medicaid,"Rural, near a metro",1205,4438,27.20,42.40,29.5613748930139889,20.2032109192666022,519,3143,83,159
13089,DeKalb County,GA,Georgia,"DeKalb County, GA",Has not expanded Medicaid,Metro,24706,75857,32.60,50.60,29.5613748930139889,20.2032109192666022,236,3143,23,159
13091,Dodge County,GA,Georgia,"Dodge County, GA",Has not expanded Medicaid,"Rural, near a metro",715,2987,23.90,39.50,29.5613748930139889,20.2032109192666022,843,3143,141,159
13093,Dooly County,GA,Georgia,"Dooly County, GA",Has not expanded Medicaid,"Rural, near a metro",405,1372,29.50,47.20,29.5613748930139889,20.2032109192666022,375,3143,55,159
13095,Dougherty County,GA,Georgia,"Dougherty County, GA",Has not expanded Medicaid,Metro,3182,14665,21.70,37.20,29.5613748930139889,20.2032109192666022,1097,3143,156,159
13097,Douglas County,GA,Georgia,"Douglas County, GA",Has not expanded Medicaid,Metro,4407,15412,28.60,51.60,29.5613748930139889,20.2032109192666022,428,3143,65,159
13099,Early County,GA,Georgia,"Early County, GA",Has not expanded Medicaid,"Rural, near a metro",454,1752,25.90,37.60,29.5613748930139889,20.2032109192666022,627,3143,101,159
13101,Echols County,GA,Georgia,"Echols County, GA",Has not expanded Medicaid,Metro,186,579,32.10,58.40,29.5613748930139889,20.2032109192666022,249,3143,27,159
13103,Effingham County,GA,Georgia,"Effingham County, GA",Has not expanded Medicaid,Metro,1475,5499,26.80,46.00,29.5613748930139889,20.2032109192666022,543,3143,86,159
13105,Elbert County,GA,Georgia,"Elbert County, GA",Has not expanded Medicaid,"Rural, near a metro",711,2655,26.80,39.40,29.5613748930139889,20.2032109192666022,543,3143,86,159
13107,Emanuel County,GA,Georgia,"Emanuel County, GA",Has not expanded Medicaid,Remote rural,939,3564,26.30,42.90,29.5613748930139889,20.2032109192666022,597,3143,96,159
13109,Evans County,GA,Georgia,"Evans County, GA",Has not expanded Medicaid,"Rural, near a metro",482,1571,30.70,47.60,29.5613748930139889,20.2032109192666022,313,3143,42,159
13111,Fannin County,GA,Georgia,"Fannin County, GA",Has not expanded Medicaid,"Rural, near a metro",717,2483,28.90,45.70,29.5613748930139889,20.2032109192666022,407,3143,60,159
13113,Fayette County,GA,Georgia,"Fayette County, GA",Has not expanded Medicaid,Metro,1743,5216,33.40,56.80,29.5613748930139889,20.2032109192666022,210,3143,15,159
13115,Floyd County,GA,Georgia,"Floyd County, GA",Has not expanded Medicaid,Metro,3667,12778,28.70,46.30,29.5613748930139889,20.2032109192666022,422,3143,64,159
13117,Forsyth County,GA,Georgia,"Forsyth County, GA",Has not expanded Medicaid,Metro,3709,8915,41.60,62.20,29.5613748930139889,20.2032109192666022,43,3143,2,159
13119,Franklin County,GA,Georgia,"Franklin County, GA",Has not expanded Medicaid,"Rural, near a metro",1205,3441,35.00,44.00,29.5613748930139889,20.2032109192666022,170,3143,11,159
13121,Fulton County,GA,Georgia,"Fulton County, GA",Has not expanded Medicaid,Metro,26984,101781,26.50,48.30,29.5613748930139889,20.2032109192666022,575,3143,89,159
13123,Gilmer County,GA,Georgia,"Gilmer County, GA",Has not expanded Medicaid,"Rural, near a metro",1167,3273,35.70,53.90,29.5613748930139889,20.2032109192666022,152,3143,9,159
13125,Glascock County,GA,Georgia,"Glascock County, GA",Has not expanded Medicaid,Remote rural,89,391,22.80,39.90,29.5613748930139889,20.2032109192666022,970,3143,154,159
13127,Glynn County,GA,Georgia,"Glynn County, GA",Has not expanded Medicaid,Metro,2759,9127,30.20,46.50,29.5613748930139889,20.2032109192666022,341,3143,46,159
13129,Gordon County,GA,Georgia,"Gordon County, GA",Has not expanded Medicaid,"Rural, near a metro",2469,7250,34.10,52.40,29.5613748930139889,20.2032109192666022,195,3143,12,159
13131,Grady County,GA,Georgia,"Grady County, GA",Has not expanded Medicaid,"Rural, near a metro",1140,3523,32.40,50.50,29.5613748930139889,20.2032109192666022,244,3143,24,159
13133,Greene County,GA,Georgia,"Greene County, GA",Has not expanded Medicaid,"Rural, near a metro",451,1500,30.10,45.50,29.5613748930139889,20.2032109192666022,344,3143,47,159
13135,Gwinnett County,GA,Georgia,"Gwinnett County, GA",Has not expanded Medicaid,Metro,33181,84724,39.20,60.10,29.5613748930139889,20.2032109192666022,76,3143,4,159
13137,Habersham County,GA,Georgia,"Habersham County, GA",Has not expanded Medicaid,"Rural, near a metro",1766,4756,37.10,52.30,29.5613748930139889,20.2032109192666022,117,3143,6,159
13139,Hall County,GA,Georgia,"Hall County, GA",Has not expanded Medicaid,Metro,7340,20174,36.40,57.10,29.5613748930139889,20.2032109192666022,137,3143,7,159
13141,Hancock County,GA,Georgia,"Hancock County, GA",Has not expanded Medicaid,Remote rural,278,1210,23.00,39.00,29.5613748930139889,20.2032109192666022,943,3143,152,159
13143,Haralson County,GA,Georgia,"Haralson County, GA",Has not expanded Medicaid,Metro,899,3733,24.10,38.20,29.5613748930139889,20.2032109192666022,822,3143,138,159
13145,Harris County,GA,Georgia,"Harris County, GA",Has not expanded Medicaid,Metro,629,2103,29.90,51.00,29.5613748930139889,20.2032109192666022,352,3143,49,159
13147,Hart County,GA,Georgia,"Hart County, GA",Has not expanded Medicaid,"Rural, near a metro",823,2949,27.90,43.20,29.5613748930139889,20.2032109192666022,475,3143,75,159
13149,Heard County,GA,Georgia,"Heard County, GA",Has not expanded Medicaid,Metro,466,1717,27.10,41.80,29.5613748930139889,20.2032109192666022,526,3143,84,159
13151,Henry County,GA,Georgia,"Henry County, GA",Has not expanded Medicaid,Metro,5514,21342,25.80,49.70,29.5613748930139889,20.2032109192666022,635,3143,104,159
13153,Houston County,GA,Georgia,"Houston County, GA",Has not expanded Medicaid,Metro,5008,16842,29.70,46.30,29.5613748930139889,20.2032109192666022,366,3143,52,159
13155,Irwin County,GA,Georgia,"Irwin County, GA",Has not expanded Medicaid,Remote rural,337,1304,25.80,42.40,29.5613748930139889,20.2032109192666022,635,3143,104,159
13157,Jackson County,GA,Georgia,"Jackson County, GA",Has not expanded Medicaid,"Rural, near a metro",2159,6548,33.00,48.70,29.5613748930139889,20.2032109192666022,224,3143,19,159
13159,Jasper County,GA,Georgia,"Jasper County, GA",Has not expanded Medicaid,Metro,542,1738,31.20,48.80,29.5613748930139889,20.2032109192666022,291,3143,38,159
13161,Jeff Davis County,GA,Georgia,"Jeff Davis County, GA",Has not expanded Medicaid,Remote rural,753,2519,29.90,44.40,29.5613748930139889,20.2032109192666022,352,3143,49,159
13163,Jefferson County,GA,Georgia,"Jefferson County, GA",Has not expanded Medicaid,"Rural, near a metro",617,2362,26.10,39.50,29.5613748930139889,20.2032109192666022,612,3143,98,159
13165,Jenkins County,GA,Georgia,"Jenkins County, GA",Has not expanded Medicaid,"Rural, near a metro",399,1561,25.60,45.80,29.5613748930139889,20.2032109192666022,650,3143,108,159
13167,Johnson County,GA,Georgia,"Johnson County, GA",Has not expanded Medicaid,Remote rural,313,1244,25.20,39.60,29.5613748930139889,20.2032109192666022,688,3143,112,159
13169,Jones County,GA,Georgia,"Jones County, GA",Has not expanded Medicaid,Metro,780,2916,26.70,45.70,29.5613748930139889,20.2032109192666022,556,3143,88,159
13171,Lamar County,GA,Georgia,"Lamar County, GA",Has not expanded Medicaid,Metro,613,2498,24.50,41.80,29.5613748930139889,20.2032109192666022,772,3143,128,159
13173,Lanier County,GA,Georgia,"Lanier County, GA",Has not expanded Medicaid,Metro,572,1742,32.80,41.00,29.5613748930139889,20.2032109192666022,229,3143,20,159
13175,Laurens County,GA,Georgia,"Laurens County, GA",Has not expanded Medicaid,Remote rural,1762,7282,24.20,36.80,29.5613748930139889,20.2032109192666022,811,3143,136,159
13177,Lee County,GA,Georgia,"Lee County, GA",Has not expanded Medicaid,Metro,715,2804,25.50,46.00,29.5613748930139889,20.2032109192666022,654,3143,109,159
13179,Liberty County,GA,Georgia,"Liberty County, GA",Has not expanded Medicaid,Metro,2152,8820,24.40,34.60,29.5613748930139889,20.2032109192666022,785,3143,132,159
13181,Lincoln County,GA,Georgia,"Lincoln County, GA",Has not expanded Medicaid,Metro,239,827,28.90,41.50,29.5613748930139889,20.2032109192666022,407,3143,60,159
13183,Long County,GA,Georgia,"Long County, GA",Has not expanded Medicaid,Metro,877,2993,29.30,49.90,29.5613748930139889,20.2032109192666022,387,3143,57,159
13185,Lowndes County,GA,Georgia,"Lowndes County, GA",Has not expanded Medicaid,Metro,4370,17739,24.60,38.20,29.5613748930139889,20.2032109192666022,757,3143,124,159
13187,Lumpkin County,GA,Georgia,"Lumpkin County, GA",Has not expanded Medicaid,"Rural, near a metro",1165,3602,32.30,46.00,29.5613748930139889,20.2032109192666022,247,3143,25,159
13189,McDuffie County,GA,Georgia,"McDuffie County, GA",Has not expanded Medicaid,Metro,665,2982,22.30,38.90,29.5613748930139889,20.2032109192666022,1020,3143,155,159
13191,McIntosh County,GA,Georgia,"McIntosh County, GA",Has not expanded Medicaid,Metro,408,1562,26.10,44.90,29.5613748930139889,20.2032109192666022,612,3143,98,159
13193,Macon County,GA,Georgia,"Macon County, GA",Has not expanded Medicaid,"Rural, near a metro",558,1813,30.80,45.80,29.5613748930139889,20.2032109192666022,310,3143,41,159
13195,Madison County,GA,Georgia,"Madison County, GA",Has not expanded Medicaid,Metro,1216,3807,31.90,45.40,29.5613748930139889,20.2032109192666022,263,3143,31,159
13197,Marion County,GA,Georgia,"Marion County, GA",Has not expanded Medicaid,Metro,380,1137,33.40,46.70,29.5613748930139889,20.2032109192666022,210,3143,15,159
13199,Meriwether County,GA,Georgia,"Meriwether County, GA",Has not expanded Medicaid,Metro,753,2906,25.90,40.40,29.5613748930139889,20.2032109192666022,627,3143,101,159
13201,Miller County,GA,Georgia,"Miller County, GA",Has not expanded Medicaid,"Rural, near a metro",207,821,25.20,39.80,29.5613748930139889,20.2032109192666022,688,3143,112,159
13205,Mitchell County,GA,Georgia,"Mitchell County, GA",Has not expanded Medicaid,"Rural, near a metro",839,3400,24.70,40.00,29.5613748930139889,20.2032109192666022,746,3143,122,159
13207,Monroe County,GA,Georgia,"Monroe County, GA",Has not expanded Medicaid,Metro,647,2438,26.50,45.50,29.5613748930139889,20.2032109192666022,575,3143,89,159
13209,Montgomery County,GA,Georgia,"Montgomery County, GA",Has not expanded Medicaid,Remote rural,310,1102,28.10,47.20,29.5613748930139889,20.2032109192666022,464,3143,72,159
13211,Morgan County,GA,Georgia,"Morgan County, GA",Has not expanded Medicaid,Metro,467,1759,26.50,47.00,29.5613748930139889,20.2032109192666022,575,3143,89,159
13213,Murray County,GA,Georgia,"Murray County, GA",Has not expanded Medicaid,Metro,1593,4973,32.00,47.50,29.5613748930139889,20.2032109192666022,259,3143,29,159
13215,Muscogee County,GA,Georgia,"Muscogee County, GA",Has not expanded Medicaid,Metro,6399,27289,23.40,39.70,29.5613748930139889,20.2032109192666022,895,3143,147,159
13217,Newton County,GA,Georgia,"Newton County, GA",Has not expanded Medicaid,Metro,3895,13873,28.10,49.40,29.5613748930139889,20.2032109192666022,464,3143,72,159
13219,Oconee County,GA,Georgia,"Oconee County, GA",Has not expanded Medicaid,Metro,587,1730,33.90,55.10,29.5613748930139889,20.2032109192666022,198,3143,13,159
13221,Oglethorpe County,GA,Georgia,"Oglethorpe County, GA",Has not expanded Medicaid,Metro,492,1614,30.50,49.90,29.5613748930139889,20.2032109192666022,327,3143,43,159
13223,Paulding County,GA,Georgia,"Paulding County, GA",Has not expanded Medicaid,Metro,3653,12845,28.40,52.40,29.5613748930139889,20.2032109192666022,440,3143,66,159
13225,Peach County,GA,Georgia,"Peach County, GA",Has not expanded Medicaid,Metro,988,3736,26.40,46.30,29.5613748930139889,20.2032109192666022,581,3143,92,159
13227,Pickens County,GA,Georgia,"Pickens County, GA",Has not expanded Medicaid,Metro,881,3192,27.60,48.90,29.5613748930139889,20.2032109192666022,492,3143,77,159
13229,Pierce County,GA,Georgia,"Pierce County, GA",Has not expanded Medicaid,"Rural, near a metro",797,2736,29.10,46.90,29.5613748930139889,20.2032109192666022,398,3143,59,159
13231,Pike County,GA,Georgia,"Pike County, GA",Has not expanded Medicaid,Metro,494,1681,29.40,46.90,29.5613748930139889,20.2032109192666022,379,3143,56,159
13233,Polk County,GA,Georgia,"Polk County, GA",Has not expanded Medicaid,"Rural, near a metro",1884,5877,32.10,47.80,29.5613748930139889,20.2032109192666022,249,3143,27,159
13235,Pulaski County,GA,Georgia,"Pulaski County, GA",Has not expanded Medicaid,Metro,338,1317,25.70,46.00,29.5613748930139889,20.2032109192666022,643,3143,107,159
13237,Putnam County,GA,Georgia,"Putnam County, GA",Has not expanded Medicaid,"Rural, near a metro",724,2553,28.40,49.60,29.5613748930139889,20.2032109192666022,440,3143,66,159
13239,Quitman County,GA,Georgia,"Quitman County, GA",Has not expanded Medicaid,Remote rural,74,301,24.60,44.30,29.5613748930139889,20.2032109192666022,757,3143,124,159
13241,Rabun County,GA,Georgia,"Rabun County, GA",Has not expanded Medicaid,Remote rural,674,1872,36.00,55.80,29.5613748930139889,20.2032109192666022,146,3143,8,159
13243,Randolph County,GA,Georgia,"Randolph County, GA",Has not expanded Medicaid,"Rural, near a metro",237,1028,23.10,36.50,29.5613748930139889,20.2032109192666022,929,3143,149,159
13245,Richmond County,GA,Georgia,"Richmond County, GA",Has not expanded Medicaid,Metro,7052,29913,23.60,37.00,29.5613748930139889,20.2032109192666022,871,3143,145,159
13247,Rockdale County,GA,Georgia,"Rockdale County, GA",Has not expanded Medicaid,Metro,3277,11033,29.70,52.70,29.5613748930139889,20.2032109192666022,366,3143,52,159
13249,Schley County,GA,Georgia,"Schley County, GA",Has not expanded Medicaid,"Rural, near a metro",139,580,24.00,43.50,29.5613748930139889,20.2032109192666022,830,3143,140,159
13251,Screven County,GA,Georgia,"Screven County, GA",Has not expanded Medicaid,"Rural, near a metro",494,1991,24.80,39.50,29.5613748930139889,20.2032109192666022,736,3143,118,159
13253,Seminole County,GA,Georgia,"Seminole County, GA",Has not expanded Medicaid,"Rural, near a metro",317,1375,23.10,43.40,29.5613748930139889,20.2032109192666022,929,3143,149,159
13255,Spalding County,GA,Georgia,"Spalding County, GA",Has not expanded Medicaid,Metro,2458,9644,25.50,38.10,29.5613748930139889,20.2032109192666022,654,3143,109,159
13257,Stephens County,GA,Georgia,"Stephens County, GA",Has not expanded Medicaid,Remote rural,852,3446,24.70,37.60,29.5613748930139889,20.2032109192666022,746,3143,122,159
13259,Stewart County,GA,Georgia,"Stewart County, GA",Has not expanded Medicaid,"Rural, near a metro",191,723,26.40,39.80,29.5613748930139889,20.2032109192666022,581,3143,92,159
13261,Sumter County,GA,Georgia,"Sumter County, GA",Has not expanded Medicaid,"Rural, near a metro",1187,4788,24.80,39.10,29.5613748930139889,20.2032109192666022,736,3143,118,159
13263,Talbot County,GA,Georgia,"Talbot County, GA",Has not expanded Medicaid,"Rural, near a metro",192,772,24.90,43.40,29.5613748930139889,20.2032109192666022,726,3143,117,159
13265,Taliaferro County,GA,Georgia,"Taliaferro County, GA",Has not expanded Medicaid,"Rural, near a metro",57,230,24.80,43.10,29.5613748930139889,20.2032109192666022,736,3143,118,159
13267,Tattnall County,GA,Georgia,"Tattnall County, GA",Has not expanded Medicaid,"Rural, near a metro",1033,3254,31.70,50.50,29.5613748930139889,20.2032109192666022,274,3143,33,159
13269,Taylor County,GA,Georgia,"Taylor County, GA",Has not expanded Medicaid,"Rural, near a metro",312,1305,23.90,38.70,29.5613748930139889,20.2032109192666022,843,3143,141,159
13271,Telfair County,GA,Georgia,"Telfair County, GA",Has not expanded Medicaid,Remote rural,407,1755,23.20,38.80,29.5613748930139889,20.2032109192666022,915,3143,148,159
13273,Terrell County,GA,Georgia,"Terrell County, GA",Has not expanded Medicaid,Metro,359,1434,25.00,39.70,29.5613748930139889,20.2032109192666022,711,3143,114,159
13275,Thomas County,GA,Georgia,"Thomas County, GA",Has not expanded Medicaid,"Rural, near a metro",1283,5593,22.90,39.20,29.5613748930139889,20.2032109192666022,960,3143,153,159
13277,Tift County,GA,Georgia,"Tift County, GA",Has not expanded Medicaid,Remote rural,1906,6090,31.30,45.90,29.5613748930139889,20.2032109192666022,288,3143,37,159
13279,Toombs County,GA,Georgia,"Toombs County, GA",Has not expanded Medicaid,Remote rural,1305,4304,30.30,44.90,29.5613748930139889,20.2032109192666022,336,3143,44,159
13281,Towns County,GA,Georgia,"Towns County, GA",Has not expanded Medicaid,Remote rural,313,1139,27.50,51.00,29.5613748930139889,20.2032109192666022,495,3143,78,159
13283,Treutlen County,GA,Georgia,"Treutlen County, GA",Has not expanded Medicaid,Remote rural,238,977,24.40,40.40,29.5613748930139889,20.2032109192666022,785,3143,132,159
13285,Troup County,GA,Georgia,"Troup County, GA",Has not expanded Medicaid,"Rural, near a metro",2528,9642,26.20,39.20,29.5613748930139889,20.2032109192666022,605,3143,97,159
13287,Turner County,GA,Georgia,"Turner County, GA",Has not expanded Medicaid,"Rural, near a metro",417,1582,26.40,42.40,29.5613748930139889,20.2032109192666022,581,3143,92,159
13289,Twiggs County,GA,Georgia,"Twiggs County, GA",Has not expanded Medicaid,Metro,246,998,24.60,42.10,29.5613748930139889,20.2032109192666022,757,3143,124,159
13291,Union County,GA,Georgia,"Union County, GA",Has not expanded Medicaid,Remote rural,695,2195,31.70,49.40,29.5613748930139889,20.2032109192666022,274,3143,33,159
13293,Upson County,GA,Georgia,"Upson County, GA",Has not expanded Medicaid,"Rural, near a metro",1028,4246,24.20,36.90,29.5613748930139889,20.2032109192666022,811,3143,136,159
13295,Walker County,GA,Georgia,"Walker County, GA",Has not expanded Medicaid,Metro,2329,8221,28.30,42.40,29.5613748930139889,20.2032109192666022,450,3143,70,159
13297,Walton County,GA,Georgia,"Walton County, GA",Has not expanded Medicaid,Metro,2791,9549,29.20,48.40,29.5613748930139889,20.2032109192666022,393,3143,58,159
13299,Ware County,GA,Georgia,"Ware County, GA",Has not expanded Medicaid,Remote rural,1288,5466,23.60,40.10,29.5613748930139889,20.2032109192666022,871,3143,145,159
13301,Warren County,GA,Georgia,"Warren County, GA",Has not expanded Medicaid,"Rural, near a metro",201,825,24.40,38.00,29.5613748930139889,20.2032109192666022,785,3143,132,159
13303,Washington County,GA,Georgia,"Washington County, GA",Has not expanded Medicaid,Remote rural,635,2632,24.10,39.60,29.5613748930139889,20.2032109192666022,822,3143,138,159
13305,Wayne County,GA,Georgia,"Wayne County, GA",Has not expanded Medicaid,"Rural, near a metro",1195,4372,27.30,40.80,29.5613748930139889,20.2032109192666022,509,3143,82,159
13307,Webster County,GA,Georgia,"Webster County, GA",Has not expanded Medicaid,"Rural, near a metro",111,357,31.10,45.00,29.5613748930139889,20.2032109192666022,294,3143,39,159
13309,Wheeler County,GA,Georgia,"Wheeler County, GA",Has not expanded Medicaid,Remote rural,237,862,27.50,43.30,29.5613748930139889,20.2032109192666022,495,3143,78,159
13311,White County,GA,Georgia,"White County, GA",Has not expanded Medicaid,"Rural, near a metro",813,2820,28.80,44.30,29.5613748930139889,20.2032109192666022,411,3143,62,159
13313,Whitfield County,GA,Georgia,"Whitfield County, GA",Has not expanded Medicaid,Metro,4903,11977,40.90,55.40,29.5613748930139889,20.2032109192666022,53,3143,3,159
13315,Wilcox County,GA,Georgia,"Wilcox County, GA",Has not expanded Medicaid,"Rural, near a metro",328,1090,30.10,42.30,29.5613748930139889,20.2032109192666022,344,3143,47,159
13317,Wilkes County,GA,Georgia,"Wilkes County, GA",Has not expanded Medicaid,"Rural, near a metro",373,1323,28.20,39.70,29.5613748930139889,20.2032109192666022,455,3143,71,159
13319,Wilkinson County,GA,Georgia,"Wilkinson County, GA",Has not expanded Medicaid,"Rural, near a metro",304,1250,24.30,42.20,29.5613748930139889,20.2032109192666022,800,3143,135,159
13321,Worth County,GA,Georgia,"Worth County, GA",Has not expanded Medicaid,Metro,743,2850,26.10,44.00,29.5613748930139889,20.2032109192666022,612,3143,98,159
15001,Hawaii County,HI,Hawaii,"Hawaii County, HI",Expanded Medicaid in 2014,Remote rural,2143,25117,8.50,22.80,8.2727890766420667,20.2032109192666022,3103,3143,3,4
15003,Honolulu County,HI,Hawaii,"Honolulu County, HI",Expanded Medicaid in 2014,Metro,5952,75510,7.90,17.60,8.2727890766420667,20.2032109192666022,3125,3143,4,4
15007,Kauai County,HI,Hawaii,"Kauai County, HI",Expanded Medicaid in 2014,Remote rural,555,6489,8.60,21.30,8.2727890766420667,20.2032109192666022,3094,3143,2,4
15009,Maui County,HI,Hawaii,"Maui County, HI",Expanded Medicaid in 2014,Metro,1450,14971,9.70,22.10,8.2727890766420667,20.2032109192666022,3016,3143,1,4
16001,Ada County,ID,Idaho,"Ada County, ID",Expanded Medicaid in 2020,Metro,6653,35398,18.80,36.00,20.1876404301665437,20.2032109192666022,1441,3143,28,44
16003,Adams County,ID,Idaho,"Adams County, ID",Expanded Medicaid in 2020,Remote rural,96,482,19.90,44.30,20.1876404301665437,20.2032109192666022,1321,3143,25,44
16005,Bannock County,ID,Idaho,"Bannock County, ID",Expanded Medicaid in 2020,Metro,1386,9910,14.00,32.50,20.1876404301665437,20.2032109192666022,2103,3143,43,44
16007,Bear Lake County,ID,Idaho,"Bear Lake County, ID",Expanded Medicaid in 2020,Remote rural,115,620,18.50,43.00,20.1876404301665437,20.2032109192666022,1470,3143,31,44
16009,Benewah County,ID,Idaho,"Benewah County, ID",Expanded Medicaid in 2020,"Rural, near a metro",214,1242,17.20,40.80,20.1876404301665437,20.2032109192666022,1618,3143,36,44
16011,Bingham County,ID,Idaho,"Bingham County, ID",Expanded Medicaid in 2020,"Rural, near a metro",856,4709,18.20,47.40,20.1876404301665437,20.2032109192666022,1498,3143,33,44
16013,Blaine County,ID,Idaho,"Blaine County, ID",Expanded Medicaid in 2020,Remote rural,448,1357,33.00,57.20,20.1876404301665437,20.2032109192666022,224,3143,2,44
16015,Boise County,ID,Idaho,"Boise County, ID",Expanded Medicaid in 2020,Metro,136,622,21.90,44.00,20.1876404301665437,20.2032109192666022,1069,3143,18,44
16017,Bonner County,ID,Idaho,"Bonner County, ID",Expanded Medicaid in 2020,"Rural, near a metro",1148,4776,24.00,40.70,20.1876404301665437,20.2032109192666022,830,3143,13,44
16019,Bonneville County,ID,Idaho,"Bonneville County, ID",Expanded Medicaid in 2020,Metro,2186,11743,18.60,44.70,20.1876404301665437,20.2032109192666022,1458,3143,30,44
16021,Boundary County,ID,Idaho,"Boundary County, ID",Expanded Medicaid in 2020,Remote rural,397,1532,25.90,43.50,20.1876404301665437,20.2032109192666022,627,3143,9,44
16023,Butte County,ID,Idaho,"Butte County, ID",Expanded Medicaid in 2020,Metro,68,321,21.20,42.60,20.1876404301665437,20.2032109192666022,1162,3143,21,44
16025,Camas County,ID,Idaho,"Camas County, ID",Expanded Medicaid in 2020,Remote rural,19,92,20.70,56.70,20.1876404301665437,20.2032109192666022,1227,3143,23,44
16027,Canyon County,ID,Idaho,"Canyon County, ID",Expanded Medicaid in 2020,Metro,5677,22538,25.20,43.70,20.1876404301665437,20.2032109192666022,688,3143,11,44
16029,Caribou County,ID,Idaho,"Caribou County, ID",Expanded Medicaid in 2020,"Rural, near a metro",150,644,23.30,45.10,20.1876404301665437,20.2032109192666022,907,3143,15,44
16031,Cassia County,ID,Idaho,"Cassia County, ID",Expanded Medicaid in 2020,Remote rural,593,2550,23.30,49.90,20.1876404301665437,20.2032109192666022,907,3143,15,44
16033,Clark County,ID,Idaho,"Clark County, ID",Expanded Medicaid in 2020,Remote rural,36,102,35.30,62.30,20.1876404301665437,20.2032109192666022,159,3143,1,44
16035,Clearwater County,ID,Idaho,"Clearwater County, ID",Expanded Medicaid in 2020,"Rural, near a metro",140,836,16.70,40.20,20.1876404301665437,20.2032109192666022,1680,3143,39,44
16037,Custer County,ID,Idaho,"Custer County, ID",Expanded Medicaid in 2020,"Rural, near a metro",87,477,18.20,44.70,20.1876404301665437,20.2032109192666022,1498,3143,33,44
16039,Elmore County,ID,Idaho,"Elmore County, ID",Expanded Medicaid in 2020,"Rural, near a metro",721,3330,21.70,43.10,20.1876404301665437,20.2032109192666022,1097,3143,19,44
16041,Franklin County,ID,Idaho,"Franklin County, ID",Expanded Medicaid in 2020,Metro,259,1377,18.80,42.70,20.1876404301665437,20.2032109192666022,1441,3143,28,44
16043,Fremont County,ID,Idaho,"Fremont County, ID",Expanded Medicaid in 2020,"Rural, near a metro",358,1440,24.90,52.60,20.1876404301665437,20.2032109192666022,726,3143,12,44
16045,Gem County,ID,Idaho,"Gem County, ID",Expanded Medicaid in 2020,Metro,476,1871,25.40,44.60,20.1876404301665437,20.2032109192666022,665,3143,10,44
16047,Gooding County,ID,Idaho,"Gooding County, ID",Expanded Medicaid in 2020,Remote rural,507,1899,26.70,50.60,20.1876404301665437,20.2032109192666022,556,3143,7,44
16049,Idaho County,ID,Idaho,"Idaho County, ID",Expanded Medicaid in 2020,"Rural, near a metro",331,1657,20.00,40.00,20.1876404301665437,20.2032109192666022,1308,3143,24,44
16051,Jefferson County,ID,Idaho,"Jefferson County, ID",Expanded Medicaid in 2020,Metro,605,2698,22.40,47.80,20.1876404301665437,20.2032109192666022,1010,3143,17,44
16053,Jerome County,ID,Idaho,"Jerome County, ID",Expanded Medicaid in 2020,Remote rural,871,2865,30.40,52.80,20.1876404301665437,20.2032109192666022,331,3143,3,44
16055,Kootenai County,ID,Idaho,"Kootenai County, ID",Expanded Medicaid in 2020,Metro,2661,14838,17.90,41.10,20.1876404301665437,20.2032109192666022,1535,3143,35,44
16057,Latah County,ID,Idaho,"Latah County, ID",Expanded Medicaid in 2020,"Rural, near a metro",1010,5490,18.40,29.30,20.1876404301665437,20.2032109192666022,1478,3143,32,44
16059,Lemhi County,ID,Idaho,"Lemhi County, ID",Expanded Medicaid in 2020,Remote rural,145,843,17.20,38.90,20.1876404301665437,20.2032109192666022,1618,3143,36,44
16061,Lewis County,ID,Idaho,"Lewis County, ID",Expanded Medicaid in 2020,"Rural, near a metro",61,423,14.40,41.10,20.1876404301665437,20.2032109192666022,2007,3143,41,44
16063,Lincoln County,ID,Idaho,"Lincoln County, ID",Expanded Medicaid in 2020,Remote rural,179,651,27.50,51.40,20.1876404301665437,20.2032109192666022,495,3143,5,44
16065,Madison County,ID,Idaho,"Madison County, ID",Expanded Medicaid in 2020,"Rural, near a metro",1274,8939,14.30,24.70,20.1876404301665437,20.2032109192666022,2031,3143,42,44
16067,Minidoka County,ID,Idaho,"Minidoka County, ID",Expanded Medicaid in 2020,Remote rural,521,2229,23.40,50.40,20.1876404301665437,20.2032109192666022,895,3143,14,44
16069,Nez Perce County,ID,Idaho,"Nez Perce County, ID",Expanded Medicaid in 2020,Metro,585,4201,13.90,32.50,20.1876404301665437,20.2032109192666022,2127,3143,44,44
16071,Oneida County,ID,Idaho,"Oneida County, ID",Expanded Medicaid in 2020,"Rural, near a metro",77,459,16.80,42.90,20.1876404301665437,20.2032109192666022,1666,3143,38,44
16073,Owyhee County,ID,Idaho,"Owyhee County, ID",Expanded Medicaid in 2020,Metro,390,1436,27.20,54.00,20.1876404301665437,20.2032109192666022,519,3143,6,44
16075,Payette County,ID,Idaho,"Payette County, ID",Expanded Medicaid in 2020,"Rural, near a metro",588,2745,21.40,44.30,20.1876404301665437,20.2032109192666022,1141,3143,20,44
16077,Power County,ID,Idaho,"Power County, ID",Expanded Medicaid in 2020,"Rural, near a metro",236,893,26.40,51.20,20.1876404301665437,20.2032109192666022,581,3143,8,44
16079,Shoshone County,ID,Idaho,"Shoshone County, ID",Expanded Medicaid in 2020,"Rural, near a metro",301,1872,16.10,33.20,20.1876404301665437,20.2032109192666022,1742,3143,40,44
16081,Teton County,ID,Idaho,"Teton County, ID",Expanded Medicaid in 2020,Remote rural,294,1020,28.80,52.90,20.1876404301665437,20.2032109192666022,411,3143,4,44
16083,Twin Falls County,ID,Idaho,"Twin Falls County, ID",Expanded Medicaid in 2020,Remote rural,2022,9545,21.20,43.30,20.1876404301665437,20.2032109192666022,1162,3143,21,44
16085,Valley County,ID,Idaho,"Valley County, ID",Expanded Medicaid in 2020,"Rural, near a metro",181,930,19.50,41.10,20.1876404301665437,20.2032109192666022,1364,3143,26,44
16087,Washington County,ID,Idaho,"Washington County, ID",Expanded Medicaid in 2020,"Rural, near a metro",252,1307,19.30,48.40,20.1876404301665437,20.2032109192666022,1385,3143,27,44
17001,Adams County,IL,Illinois,"Adams County, IL",Expanded Medicaid in 2014,Remote rural,533,5778,9.20,25.30,16.1269885523365797,20.2032109192666022,3061,3143,98,102
17003,Alexander County,IL,Illinois,"Alexander County, IL",Expanded Medicaid in 2014,Metro,68,712,9.60,25.20,16.1269885523365797,20.2032109192666022,3027,3143,95,102
17005,Bond County,IL,Illinois,"Bond County, IL",Expanded Medicaid in 2014,Metro,165,1430,11.50,27.50,16.1269885523365797,20.2032109192666022,2684,3143,50,102
17007,Boone County,IL,Illinois,"Boone County, IL",Expanded Medicaid in 2014,Metro,674,4216,16.00,42.50,16.1269885523365797,20.2032109192666022,1759,3143,8,102
17009,Brown County,IL,Illinois,"Brown County, IL",Expanded Medicaid in 2014,Remote rural,48,487,9.90,28.20,16.1269885523365797,20.2032109192666022,2990,3143,93,102
17011,Bureau County,IL,Illinois,"Bureau County, IL",Expanded Medicaid in 2014,Remote rural,327,3022,10.80,31.80,16.1269885523365797,20.2032109192666022,2845,3143,77,102
17013,Calhoun County,IL,Illinois,"Calhoun County, IL",Expanded Medicaid in 2014,Metro,38,336,11.30,32.60,16.1269885523365797,20.2032109192666022,2732,3143,61,102
17015,Carroll County,IL,Illinois,"Carroll County, IL",Expanded Medicaid in 2014,Remote rural,162,1345,12.00,31.20,16.1269885523365797,20.2032109192666022,2555,3143,35,102
17017,Cass County,IL,Illinois,"Cass County, IL",Expanded Medicaid in 2014,"Rural, near a metro",246,1328,18.50,37.60,16.1269885523365797,20.2032109192666022,1470,3143,4,102
17019,Champaign County,IL,Illinois,"Champaign County, IL",Expanded Medicaid in 2014,Metro,3895,30251,12.90,24.50,16.1269885523365797,20.2032109192666022,2351,3143,21,102
17021,Christian County,IL,Illinois,"Christian County, IL",Expanded Medicaid in 2014,"Rural, near a metro",315,3048,10.30,27.10,16.1269885523365797,20.2032109192666022,2929,3143,88,102
17023,Clark County,IL,Illinois,"Clark County, IL",Expanded Medicaid in 2014,"Rural, near a metro",160,1456,11.00,27.90,16.1269885523365797,20.2032109192666022,2806,3143,71,102
17025,Clay County,IL,Illinois,"Clay County, IL",Expanded Medicaid in 2014,Remote rural,175,1540,11.40,27.80,16.1269885523365797,20.2032109192666022,2715,3143,58,102
17027,Clinton County,IL,Illinois,"Clinton County, IL",Expanded Medicaid in 2014,Metro,286,2283,12.50,29.20,16.1269885523365797,20.2032109192666022,2428,3143,27,102
17029,Coles County,IL,Illinois,"Coles County, IL",Expanded Medicaid in 2014,Remote rural,626,6651,9.40,25.80,16.1269885523365797,20.2032109192666022,3048,3143,96,102
17031,Cook County,IL,Illinois,"Cook County, IL",Expanded Medicaid in 2014,Metro,95918,510567,18.80,41.10,16.1269885523365797,20.2032109192666022,1441,3143,3,102
17033,Crawford County,IL,Illinois,"Crawford County, IL",Expanded Medicaid in 2014,Remote rural,179,1714,10.40,30.50,16.1269885523365797,20.2032109192666022,2904,3143,85,102
17035,Cumberland County,IL,Illinois,"Cumberland County, IL",Expanded Medicaid in 2014,Remote rural,92,847,10.90,30.60,16.1269885523365797,20.2032109192666022,2826,3143,74,102
17037,DeKalb County,IL,Illinois,"DeKalb County, IL",Expanded Medicaid in 2014,Metro,1717,12072,14.20,29.90,16.1269885523365797,20.2032109192666022,2058,3143,13,102
17039,De Witt County,IL,Illinois,"De Witt County, IL",Expanded Medicaid in 2014,Metro,144,1347,10.70,27.90,16.1269885523365797,20.2032109192666022,2864,3143,81,102
17041,Douglas County,IL,Illinois,"Douglas County, IL",Expanded Medicaid in 2014,"Rural, near a metro",266,1676,15.90,37.60,16.1269885523365797,20.2032109192666022,1769,3143,9,102
17043,DuPage County,IL,Illinois,"DuPage County, IL",Expanded Medicaid in 2014,Metro,8491,46344,18.30,39.50,16.1269885523365797,20.2032109192666022,1489,3143,5,102
17045,Edgar County,IL,Illinois,"Edgar County, IL",Expanded Medicaid in 2014,"Rural, near a metro",191,1792,10.70,27.20,16.1269885523365797,20.2032109192666022,2864,3143,81,102
17047,Edwards County,IL,Illinois,"Edwards County, IL",Expanded Medicaid in 2014,Remote rural,76,613,12.40,30.20,16.1269885523365797,20.2032109192666022,2449,3143,29,102
17049,Effingham County,IL,Illinois,"Effingham County, IL",Expanded Medicaid in 2014,Remote rural,296,2710,10.90,26.30,16.1269885523365797,20.2032109192666022,2826,3143,74,102
17051,Fayette County,IL,Illinois,"Fayette County, IL",Expanded Medicaid in 2014,"Rural, near a metro",249,2143,11.60,29.80,16.1269885523365797,20.2032109192666022,2655,3143,47,102
17053,Ford County,IL,Illinois,"Ford County, IL",Expanded Medicaid in 2014,Metro,145,1284,11.30,27.60,16.1269885523365797,20.2032109192666022,2732,3143,61,102
17055,Franklin County,IL,Illinois,"Franklin County, IL",Expanded Medicaid in 2014,"Rural, near a metro",605,5234,11.60,27.80,16.1269885523365797,20.2032109192666022,2655,3143,47,102
17057,Fulton County,IL,Illinois,"Fulton County, IL",Expanded Medicaid in 2014,"Rural, near a metro",372,3337,11.10,29.40,16.1269885523365797,20.2032109192666022,2772,3143,68,102
17059,Gallatin County,IL,Illinois,"Gallatin County, IL",Expanded Medicaid in 2014,"Rural, near a metro",61,515,11.80,28.50,16.1269885523365797,20.2032109192666022,2605,3143,43,102
17061,Greene County,IL,Illinois,"Greene County, IL",Expanded Medicaid in 2014,"Rural, near a metro",155,1397,11.10,28.00,16.1269885523365797,20.2032109192666022,2772,3143,68,102
17063,Grundy County,IL,Illinois,"Grundy County, IL",Expanded Medicaid in 2014,Metro,381,3337,11.40,30.10,16.1269885523365797,20.2032109192666022,2715,3143,58,102
17065,Hamilton County,IL,Illinois,"Hamilton County, IL",Expanded Medicaid in 2014,Remote rural,103,804,12.80,30.70,16.1269885523365797,20.2032109192666022,2369,3143,24,102
17067,Hancock County,IL,Illinois,"Hancock County, IL",Expanded Medicaid in 2014,Remote rural,194,1617,12.00,32.70,16.1269885523365797,20.2032109192666022,2555,3143,35,102
17069,Hardin County,IL,Illinois,"Hardin County, IL",Expanded Medicaid in 2014,Remote rural,44,482,9.10,29.60,16.1269885523365797,20.2032109192666022,3072,3143,101,102
17071,Henderson County,IL,Illinois,"Henderson County, IL",Expanded Medicaid in 2014,Remote rural,68,566,12.00,31.10,16.1269885523365797,20.2032109192666022,2555,3143,35,102
17073,Henry County,IL,Illinois,"Henry County, IL",Expanded Medicaid in 2014,Metro,396,3588,11.00,30.60,16.1269885523365797,20.2032109192666022,2806,3143,71,102
17075,Iroquois County,IL,Illinois,"Iroquois County, IL",Expanded Medicaid in 2014,"Rural, near a metro",338,2463,13.70,30.30,16.1269885523365797,20.2032109192666022,2176,3143,16,102
17077,Jackson County,IL,Illinois,"Jackson County, IL",Expanded Medicaid in 2014,Metro,1268,10102,12.60,22.70,16.1269885523365797,20.2032109192666022,2410,3143,26,102
17079,Jasper County,IL,Illinois,"Jasper County, IL",Expanded Medicaid in 2014,Remote rural,88,725,12.10,33.00,16.1269885523365797,20.2032109192666022,2521,3143,33,102
17081,Jefferson County,IL,Illinois,"Jefferson County, IL",Expanded Medicaid in 2014,Remote rural,448,3910,11.50,28.80,16.1269885523365797,20.2032109192666022,2684,3143,50,102
17083,Jersey County,IL,Illinois,"Jersey County, IL",Expanded Medicaid in 2014,Metro,201,1726,11.60,28.30,16.1269885523365797,20.2032109192666022,2655,3143,47,102
17085,Jo Daviess County,IL,Illinois,"Jo Daviess County, IL",Expanded Medicaid in 2014,"Rural, near a metro",201,1562,12.90,35.00,16.1269885523365797,20.2032109192666022,2351,3143,21,102
17087,Johnson County,IL,Illinois,"Johnson County, IL",Expanded Medicaid in 2014,"Rural, near a metro",136,1201,11.30,32.20,16.1269885523365797,20.2032109192666022,2732,3143,61,102
17089,Kane County,IL,Illinois,"Kane County, IL",Expanded Medicaid in 2014,Metro,7107,32791,21.70,48.10,16.1269885523365797,20.2032109192666022,1097,3143,1,102
17091,Kankakee County,IL,Illinois,"Kankakee County, IL",Expanded Medicaid in 2014,Metro,1308,10941,12.00,28.70,16.1269885523365797,20.2032109192666022,2555,3143,35,102
17093,Kendall County,IL,Illinois,"Kendall County, IL",Expanded Medicaid in 2014,Metro,1161,6413,18.10,38.60,16.1269885523365797,20.2032109192666022,1513,3143,6,102
17095,Knox County,IL,Illinois,"Knox County, IL",Expanded Medicaid in 2014,"Rural, near a metro",637,5356,11.90,27.90,16.1269885523365797,20.2032109192666022,2586,3143,41,102
17097,Lake County,IL,Illinois,"Lake County, IL",Expanded Medicaid in 2014,Metro,8249,40802,20.20,45.20,16.1269885523365797,20.2032109192666022,1292,3143,2,102
17099,La Salle County,IL,Illinois,"La Salle County, IL",Expanded Medicaid in 2014,"Rural, near a metro",1119,9944,11.30,33.20,16.1269885523365797,20.2032109192666022,2732,3143,61,102
17101,Lawrence County,IL,Illinois,"Lawrence County, IL",Expanded Medicaid in 2014,Remote rural,168,1539,10.90,28.10,16.1269885523365797,20.2032109192666022,2826,3143,74,102
17103,Lee County,IL,Illinois,"Lee County, IL",Expanded Medicaid in 2014,"Rural, near a metro",322,2904,11.10,28.70,16.1269885523365797,20.2032109192666022,2772,3143,68,102
17105,Livingston County,IL,Illinois,"Livingston County, IL",Expanded Medicaid in 2014,"Rural, near a metro",356,2970,12.00,27.00,16.1269885523365797,20.2032109192666022,2555,3143,35,102
17107,Logan County,IL,Illinois,"Logan County, IL",Expanded Medicaid in 2014,"Rural, near a metro",224,2425,9.20,25.10,16.1269885523365797,20.2032109192666022,3061,3143,98,102
17109,McDonough County,IL,Illinois,"McDonough County, IL",Expanded Medicaid in 2014,Remote rural,366,3990,9.20,27.10,16.1269885523365797,20.2032109192666022,3061,3143,98,102
17111,McHenry County,IL,Illinois,"McHenry County, IL",Expanded Medicaid in 2014,Metro,2419,15485,15.60,41.40,16.1269885523365797,20.2032109192666022,1805,3143,10,102
17113,McLean County,IL,Illinois,"McLean County, IL",Expanded Medicaid in 2014,Metro,2473,17530,14.10,26.60,16.1269885523365797,20.2032109192666022,2076,3143,15,102
17115,Macon County,IL,Illinois,"Macon County, IL",Expanded Medicaid in 2014,Metro,1013,11285,9.00,25.60,16.1269885523365797,20.2032109192666022,3076,3143,102,102
17117,Macoupin County,IL,Illinois,"Macoupin County, IL",Expanded Medicaid in 2014,Metro,516,4583,11.30,29.90,16.1269885523365797,20.2032109192666022,2732,3143,61,102
17119,Madison County,IL,Illinois,"Madison County, IL",Expanded Medicaid in 2014,Metro,2679,23341,11.50,26.00,16.1269885523365797,20.2032109192666022,2684,3143,50,102
17121,Marion County,IL,Illinois,"Marion County, IL",Expanded Medicaid in 2014,"Rural, near a metro",537,4682,11.50,25.70,16.1269885523365797,20.2032109192666022,2684,3143,50,102
17123,Marshall County,IL,Illinois,"Marshall County, IL",Expanded Medicaid in 2014,Metro,121,1056,11.50,30.10,16.1269885523365797,20.2032109192666022,2684,3143,50,102
17125,Mason County,IL,Illinois,"Mason County, IL",Expanded Medicaid in 2014,"Rural, near a metro",154,1462,10.50,27.70,16.1269885523365797,20.2032109192666022,2897,3143,84,102
17127,Massac County,IL,Illinois,"Massac County, IL",Expanded Medicaid in 2014,Remote rural,206,1728,11.90,25.90,16.1269885523365797,20.2032109192666022,2586,3143,41,102
17129,Menard County,IL,Illinois,"Menard County, IL",Expanded Medicaid in 2014,Metro,104,889,11.70,29.00,16.1269885523365797,20.2032109192666022,2631,3143,45,102
17131,Mercer County,IL,Illinois,"Mercer County, IL",Expanded Medicaid in 2014,Metro,138,1224,11.30,29.60,16.1269885523365797,20.2032109192666022,2732,3143,61,102
17133,Monroe County,IL,Illinois,"Monroe County, IL",Expanded Medicaid in 2014,Metro,163,1361,12.00,30.20,16.1269885523365797,20.2032109192666022,2555,3143,35,102
17135,Montgomery County,IL,Illinois,"Montgomery County, IL",Expanded Medicaid in 2014,"Rural, near a metro",268,2656,10.10,28.10,16.1269885523365797,20.2032109192666022,2968,3143,92,102
17137,Morgan County,IL,Illinois,"Morgan County, IL",Expanded Medicaid in 2014,"Rural, near a metro",360,3329,10.80,25.20,16.1269885523365797,20.2032109192666022,2845,3143,77,102
17139,Moultrie County,IL,Illinois,"Moultrie County, IL",Expanded Medicaid in 2014,"Rural, near a metro",184,1233,14.90,31.30,16.1269885523365797,20.2032109192666022,1907,3143,11,102
17141,Ogle County,IL,Illinois,"Ogle County, IL",Expanded Medicaid in 2014,"Rural, near a metro",487,3884,12.50,33.10,16.1269885523365797,20.2032109192666022,2428,3143,27,102
17143,Peoria County,IL,Illinois,"Peoria County, IL",Expanded Medicaid in 2014,Metro,2448,20009,12.20,29.40,16.1269885523365797,20.2032109192666022,2494,3143,32,102
17145,Perry County,IL,Illinois,"Perry County, IL",Expanded Medicaid in 2014,"Rural, near a metro",247,2139,11.50,26.40,16.1269885523365797,20.2032109192666022,2684,3143,50,102
17147,Piatt County,IL,Illinois,"Piatt County, IL",Expanded Medicaid in 2014,Metro,121,1055,11.50,30.20,16.1269885523365797,20.2032109192666022,2684,3143,50,102
17149,Pike County,IL,Illinois,"Pike County, IL",Expanded Medicaid in 2014,Remote rural,178,1518,11.70,31.60,16.1269885523365797,20.2032109192666022,2631,3143,45,102
17151,Pope County,IL,Illinois,"Pope County, IL",Expanded Medicaid in 2014,"Rural, near a metro",49,417,11.80,31.60,16.1269885523365797,20.2032109192666022,2605,3143,43,102
17153,Pulaski County,IL,Illinois,"Pulaski County, IL",Expanded Medicaid in 2014,"Rural, near a metro",72,728,9.90,27.40,16.1269885523365797,20.2032109192666022,2990,3143,93,102
17155,Putnam County,IL,Illinois,"Putnam County, IL",Expanded Medicaid in 2014,"Rural, near a metro",51,387,13.20,34.70,16.1269885523365797,20.2032109192666022,2283,3143,19,102
17157,Randolph County,IL,Illinois,"Randolph County, IL",Expanded Medicaid in 2014,"Rural, near a metro",398,2691,14.80,26.20,16.1269885523365797,20.2032109192666022,1923,3143,12,102
17159,Richland County,IL,Illinois,"Richland County, IL",Expanded Medicaid in 2014,Remote rural,191,1763,10.80,26.10,16.1269885523365797,20.2032109192666022,2845,3143,77,102
17161,Rock Island County,IL,Illinois,"Rock Island County, IL",Expanded Medicaid in 2014,Metro,1861,14536,12.80,33.50,16.1269885523365797,20.2032109192666022,2369,3143,24,102
17163,St. Clair County,IL,Illinois,"St. Clair County, IL",Expanded Medicaid in 2014,Metro,2858,24936,11.50,28.00,16.1269885523365797,20.2032109192666022,2684,3143,50,102
17165,Saline County,IL,Illinois,"Saline County, IL",Expanded Medicaid in 2014,"Rural, near a metro",332,3236,10.30,26.20,16.1269885523365797,20.2032109192666022,2929,3143,88,102
17167,Sangamon County,IL,Illinois,"Sangamon County, IL",Expanded Medicaid in 2014,Metro,2082,18278,11.40,27.30,16.1269885523365797,20.2032109192666022,2715,3143,58,102
17169,Schuyler County,IL,Illinois,"Schuyler County, IL",Expanded Medicaid in 2014,Remote rural,95,717,13.20,37.30,16.1269885523365797,20.2032109192666022,2283,3143,19,102
17171,Scott County,IL,Illinois,"Scott County, IL",Expanded Medicaid in 2014,Remote rural,47,441,10.70,30.90,16.1269885523365797,20.2032109192666022,2864,3143,81,102
17173,Shelby County,IL,Illinois,"Shelby County, IL",Expanded Medicaid in 2014,"Rural, near a metro",188,1745,10.80,29.90,16.1269885523365797,20.2032109192666022,2845,3143,77,102
17175,Stark County,IL,Illinois,"Stark County, IL",Expanded Medicaid in 2014,Metro,62,498,12.40,30.80,16.1269885523365797,20.2032109192666022,2449,3143,29,102
17177,Stephenson County,IL,Illinois,"Stephenson County, IL",Expanded Medicaid in 2014,"Rural, near a metro",504,4601,11.00,26.50,16.1269885523365797,20.2032109192666022,2806,3143,71,102
17179,Tazewell County,IL,Illinois,"Tazewell County, IL",Expanded Medicaid in 2014,Metro,1197,9923,12.10,29.00,16.1269885523365797,20.2032109192666022,2521,3143,33,102
17181,Union County,IL,Illinois,"Union County, IL",Expanded Medicaid in 2014,"Rural, near a metro",264,2124,12.40,31.50,16.1269885523365797,20.2032109192666022,2449,3143,29,102
17183,Vermilion County,IL,Illinois,"Vermilion County, IL",Expanded Medicaid in 2014,Metro,846,8977,9.40,26.40,16.1269885523365797,20.2032109192666022,3048,3143,96,102
17185,Wabash County,IL,Illinois,"Wabash County, IL",Expanded Medicaid in 2014,Remote rural,116,1116,10.40,29.60,16.1269885523365797,20.2032109192666022,2904,3143,85,102
17187,Warren County,IL,Illinois,"Warren County, IL",Expanded Medicaid in 2014,"Rural, near a metro",214,1510,14.20,33.20,16.1269885523365797,20.2032109192666022,2058,3143,13,102
17189,Washington County,IL,Illinois,"Washington County, IL",Expanded Medicaid in 2014,"Rural, near a metro",101,984,10.30,29.60,16.1269885523365797,20.2032109192666022,2929,3143,88,102
17191,Wayne County,IL,Illinois,"Wayne County, IL",Expanded Medicaid in 2014,Remote rural,225,1685,13.40,29.80,16.1269885523365797,20.2032109192666022,2249,3143,18,102
17193,White County,IL,Illinois,"White County, IL",Expanded Medicaid in 2014,"Rural, near a metro",157,1518,10.30,26.30,16.1269885523365797,20.2032109192666022,2929,3143,88,102
17195,Whiteside County,IL,Illinois,"Whiteside County, IL",Expanded Medicaid in 2014,"Rural, near a metro",561,4964,11.30,29.70,16.1269885523365797,20.2032109192666022,2732,3143,61,102
17197,Will County,IL,Illinois,"Will County, IL",Expanded Medicaid in 2014,Metro,6205,37839,16.40,41.40,16.1269885523365797,20.2032109192666022,1709,3143,7,102
17199,Williamson County,IL,Illinois,"Williamson County, IL",Expanded Medicaid in 2014,Metro,756,7284,10.40,28.00,16.1269885523365797,20.2032109192666022,2904,3143,85,102
17201,Winnebago County,IL,Illinois,"Winnebago County, IL",Expanded Medicaid in 2014,Metro,4371,33935,12.90,31.10,16.1269885523365797,20.2032109192666022,2351,3143,21,102
17203,Woodford County,IL,Illinois,"Woodford County, IL",Expanded Medicaid in 2014,Metro,299,2178,13.70,29.20,16.1269885523365797,20.2032109192666022,2176,3143,16,102
18001,Adams County,IN,Indiana,"Adams County, IN",Expanded Medicaid in 2015,"Rural, near a metro",646,3701,17.50,42.40,15.2818685905079895,20.2032109192666022,1591,3143,12,92
18003,Allen County,IN,Indiana,"Allen County, IN",Expanded Medicaid in 2015,Metro,6788,39625,17.10,41.70,15.2818685905079895,20.2032109192666022,1633,3143,13,92
18005,Bartholomew County,IN,Indiana,"Bartholomew County, IN",Expanded Medicaid in 2015,Metro,1297,7038,18.40,43.10,15.2818685905079895,20.2032109192666022,1478,3143,8,92
18007,Benton County,IN,Indiana,"Benton County, IN",Expanded Medicaid in 2015,Metro,150,942,15.90,40.30,15.2818685905079895,20.2032109192666022,1769,3143,24,92
18009,Blackford County,IN,Indiana,"Blackford County, IN",Expanded Medicaid in 2015,"Rural, near a metro",191,1465,13.00,36.90,15.2818685905079895,20.2032109192666022,2325,3143,68,92
18011,Boone County,IN,Indiana,"Boone County, IN",Expanded Medicaid in 2015,Metro,564,3456,16.30,42.70,15.2818685905079895,20.2032109192666022,1722,3143,20,92
18013,Brown County,IN,Indiana,"Brown County, IN",Expanded Medicaid in 2015,Metro,175,1224,14.30,42.50,15.2818685905079895,20.2032109192666022,2031,3143,37,92
18015,Carroll County,IN,Indiana,"Carroll County, IN",Expanded Medicaid in 2015,Metro,248,1626,15.30,44.00,15.2818685905079895,20.2032109192666022,1851,3143,27,92
18017,Cass County,IN,Indiana,"Cass County, IN",Expanded Medicaid in 2015,"Rural, near a metro",773,4313,17.90,45.20,15.2818685905079895,20.2032109192666022,1535,3143,10,92
18019,Clark County,IN,Indiana,"Clark County, IN",Expanded Medicaid in 2015,Metro,1610,11330,14.20,39.60,15.2818685905079895,20.2032109192666022,2058,3143,39,92
18021,Clay County,IN,Indiana,"Clay County, IN",Expanded Medicaid in 2015,Metro,340,2753,12.40,36.30,15.2818685905079895,20.2032109192666022,2449,3143,81,92
18023,Clinton County,IN,Indiana,"Clinton County, IN",Expanded Medicaid in 2015,"Rural, near a metro",624,3241,19.30,45.90,15.2818685905079895,20.2032109192666022,1385,3143,6,92
18025,Crawford County,IN,Indiana,"Crawford County, IN",Expanded Medicaid in 2015,"Rural, near a metro",236,1472,16.00,37.70,15.2818685905079895,20.2032109192666022,1759,3143,22,92
18027,Daviess County,IN,Indiana,"Daviess County, IN",Expanded Medicaid in 2015,Remote rural,622,2950,21.10,43.60,15.2818685905079895,20.2032109192666022,1172,3143,3,92
18029,Dearborn County,IN,Indiana,"Dearborn County, IN",Expanded Medicaid in 2015,Metro,498,3603,13.80,38.80,15.2818685905079895,20.2032109192666022,2156,3143,50,92
18031,Decatur County,IN,Indiana,"Decatur County, IN",Expanded Medicaid in 2015,"Rural, near a metro",298,2393,12.50,37.60,15.2818685905079895,20.2032109192666022,2428,3143,80,92
18033,De Kalb County,IN,Indiana,"De Kalb County, IN",Expanded Medicaid in 2015,"Rural, near a metro",536,3624,14.80,39.80,15.2818685905079895,20.2032109192666022,1923,3143,32,92
18035,Delaware County,IN,Indiana,"Delaware County, IN",Expanded Medicaid in 2015,Metro,2350,18395,12.80,32.70,15.2818685905079895,20.2032109192666022,2369,3143,71,92
18037,Dubois County,IN,Indiana,"Dubois County, IN",Expanded Medicaid in 2015,Remote rural,444,2829,15.70,43.60,15.2818685905079895,20.2032109192666022,1798,3143,25,92
18039,Elkhart County,IN,Indiana,"Elkhart County, IN",Expanded Medicaid in 2015,Metro,4131,18827,21.90,48.60,15.2818685905079895,20.2032109192666022,1069,3143,2,92
18041,Fayette County,IN,Indiana,"Fayette County, IN",Expanded Medicaid in 2015,"Rural, near a metro",408,3485,11.70,33.60,15.2818685905079895,20.2032109192666022,2631,3143,89,92
18043,Floyd County,IN,Indiana,"Floyd County, IN",Expanded Medicaid in 2015,Metro,835,6215,13.40,37.20,15.2818685905079895,20.2032109192666022,2249,3143,61,92
18045,Fountain County,IN,Indiana,"Fountain County, IN",Expanded Medicaid in 2015,"Rural, near a metro",239,1659,14.40,38.40,15.2818685905079895,20.2032109192666022,2007,3143,35,92
18047,Franklin County,IN,Indiana,"Franklin County, IN",Expanded Medicaid in 2015,"Rural, near a metro",266,1730,15.40,37.30,15.2818685905079895,20.2032109192666022,1838,3143,26,92
18049,Fulton County,IN,Indiana,"Fulton County, IN",Expanded Medicaid in 2015,Remote rural,337,2092,16.10,40.00,15.2818685905079895,20.2032109192666022,1742,3143,21,92
18051,Gibson County,IN,Indiana,"Gibson County, IN",Expanded Medicaid in 2015,"Rural, near a metro",362,2870,12.60,36.20,15.2818685905079895,20.2032109192666022,2410,3143,77,92
18053,Grant County,IN,Indiana,"Grant County, IN",Expanded Medicaid in 2015,"Rural, near a metro",1030,8690,11.90,33.40,15.2818685905079895,20.2032109192666022,2586,3143,87,92
18055,Greene County,IN,Indiana,"Greene County, IN",Expanded Medicaid in 2015,"Rural, near a metro",477,3494,13.70,37.70,15.2818685905079895,20.2032109192666022,2176,3143,54,92
18057,Hamilton County,IN,Indiana,"Hamilton County, IN",Expanded Medicaid in 2015,Metro,2195,13701,16.00,47.70,15.2818685905079895,20.2032109192666022,1759,3143,22,92
18059,Hancock County,IN,Indiana,"Hancock County, IN",Expanded Medicaid in 2015,Metro,721,4771,15.10,40.30,15.2818685905079895,20.2032109192666022,1877,3143,28,92
18061,Harrison County,IN,Indiana,"Harrison County, IN",Expanded Medicaid in 2015,Metro,407,3057,13.30,38.90,15.2818685905079895,20.2032109192666022,2263,3143,63,92
18063,Hendricks County,IN,Indiana,"Hendricks County, IN",Expanded Medicaid in 2015,Metro,1578,9345,16.90,42.70,15.2818685905079895,20.2032109192666022,1650,3143,16,92
18065,Henry County,IN,Indiana,"Henry County, IN",Expanded Medicaid in 2015,"Rural, near a metro",633,5172,12.20,36.40,15.2818685905079895,20.2032109192666022,2494,3143,83,92
18067,Howard County,IN,Indiana,"Howard County, IN",Expanded Medicaid in 2015,Metro,1039,8909,11.70,34.60,15.2818685905079895,20.2032109192666022,2631,3143,89,92
18069,Huntington County,IN,Indiana,"Huntington County, IN",Expanded Medicaid in 2015,"Rural, near a metro",451,3545,12.70,37.10,15.2818685905079895,20.2032109192666022,2387,3143,74,92
18071,Jackson County,IN,Indiana,"Jackson County, IN",Expanded Medicaid in 2015,"Rural, near a metro",734,4292,17.10,43.50,15.2818685905079895,20.2032109192666022,1633,3143,13,92
18073,Jasper County,IN,Indiana,"Jasper County, IN",Expanded Medicaid in 2015,Metro,379,2694,14.10,40.00,15.2818685905079895,20.2032109192666022,2076,3143,42,92
18075,Jay County,IN,Indiana,"Jay County, IN",Expanded Medicaid in 2015,"Rural, near a metro",315,2327,13.50,37.30,15.2818685905079895,20.2032109192666022,2220,3143,60,92
18077,Jefferson County,IN,Indiana,"Jefferson County, IN",Expanded Medicaid in 2015,"Rural, near a metro",449,3252,13.80,38.30,15.2818685905079895,20.2032109192666022,2156,3143,50,92
18079,Jennings County,IN,Indiana,"Jennings County, IN",Expanded Medicaid in 2015,"Rural, near a metro",430,3264,13.20,36.20,15.2818685905079895,20.2032109192666022,2283,3143,64,92
18081,Johnson County,IN,Indiana,"Johnson County, IN",Expanded Medicaid in 2015,Metro,1460,11069,13.20,37.60,15.2818685905079895,20.2032109192666022,2283,3143,64,92
18083,Knox County,IN,Indiana,"Knox County, IN",Expanded Medicaid in 2015,Remote rural,461,4045,11.40,37.60,15.2818685905079895,20.2032109192666022,2715,3143,92,92
18085,Kosciusko County,IN,Indiana,"Kosciusko County, IN",Expanded Medicaid in 2015,"Rural, near a metro",1097,6112,17.90,45.30,15.2818685905079895,20.2032109192666022,1535,3143,10,92
18087,Lagrange County,IN,Indiana,"Lagrange County, IN",Expanded Medicaid in 2015,"Rural, near a metro",893,2801,31.90,50.30,15.2818685905079895,20.2032109192666022,263,3143,1,92
18089,Lake County,IN,Indiana,"Lake County, IN",Expanded Medicaid in 2015,Metro,7036,50032,14.10,39.20,15.2818685905079895,20.2032109192666022,2076,3143,42,92
18091,La Porte County,IN,Indiana,"La Porte County, IN",Expanded Medicaid in 2015,Metro,1560,10957,14.20,37.40,15.2818685905079895,20.2032109192666022,2058,3143,39,92
18093,Lawrence County,IN,Indiana,"Lawrence County, IN",Expanded Medicaid in 2015,"Rural, near a metro",588,4464,13.20,37.80,15.2818685905079895,20.2032109192666022,2283,3143,64,92
18095,Madison County,IN,Indiana,"Madison County, IN",Expanded Medicaid in 2015,Metro,1984,14985,13.20,36.80,15.2818685905079895,20.2032109192666022,2283,3143,64,92
18097,Marion County,IN,Indiana,"Marion County, IN",Expanded Medicaid in 2015,Metro,20029,117025,17.10,42.10,15.2818685905079895,20.2032109192666022,1633,3143,13,92
18099,Marshall County,IN,Indiana,"Marshall County, IN",Expanded Medicaid in 2015,"Rural, near a metro",786,3993,19.70,45.10,15.2818685905079895,20.2032109192666022,1346,3143,5,92
18101,Martin County,IN,Indiana,"Martin County, IN",Expanded Medicaid in 2015,Remote rural,132,963,13.70,37.20,15.2818685905079895,20.2032109192666022,2176,3143,54,92
18103,Miami County,IN,Indiana,"Miami County, IN",Expanded Medicaid in 2015,"Rural, near a metro",454,3959,11.50,34.70,15.2818685905079895,20.2032109192666022,2684,3143,91,92
18105,Monroe County,IN,Indiana,"Monroe County, IN",Expanded Medicaid in 2015,Metro,2704,22541,12.00,27.40,15.2818685905079895,20.2032109192666022,2555,3143,85,92
18107,Montgomery County,IN,Indiana,"Montgomery County, IN",Expanded Medicaid in 2015,"Rural, near a metro",608,3655,16.60,40.90,15.2818685905079895,20.2032109192666022,1693,3143,18,92
18109,Morgan County,IN,Indiana,"Morgan County, IN",Expanded Medicaid in 2015,Metro,705,5434,13.00,37.10,15.2818685905079895,20.2032109192666022,2325,3143,68,92
18111,Newton County,IN,Indiana,"Newton County, IN",Expanded Medicaid in 2015,Metro,233,1281,18.20,42.80,15.2818685905079895,20.2032109192666022,1498,3143,9,92
18113,Noble County,IN,Indiana,"Noble County, IN",Expanded Medicaid in 2015,"Rural, near a metro",826,4045,20.40,45.90,15.2818685905079895,20.2032109192666022,1260,3143,4,92
18115,Ohio County,IN,Indiana,"Ohio County, IN",Expanded Medicaid in 2015,Metro,68,495,13.70,37.30,15.2818685905079895,20.2032109192666022,2176,3143,54,92
18117,Orange County,IN,Indiana,"Orange County, IN",Expanded Medicaid in 2015,"Rural, near a metro",300,2337,12.80,34.10,15.2818685905079895,20.2032109192666022,2369,3143,71,92
18119,Owen County,IN,Indiana,"Owen County, IN",Expanded Medicaid in 2015,Metro,375,2476,15.10,40.40,15.2818685905079895,20.2032109192666022,1877,3143,28,92
18121,Parke County,IN,Indiana,"Parke County, IN",Expanded Medicaid in 2015,"Rural, near a metro",275,1662,16.50,38.40,15.2818685905079895,20.2032109192666022,1702,3143,19,92
18123,Perry County,IN,Indiana,"Perry County, IN",Expanded Medicaid in 2015,"Rural, near a metro",238,1864,12.80,38.00,15.2818685905079895,20.2032109192666022,2369,3143,71,92
18125,Pike County,IN,Indiana,"Pike County, IN",Expanded Medicaid in 2015,"Rural, near a metro",152,1096,13.90,37.00,15.2818685905079895,20.2032109192666022,2127,3143,48,92
18127,Porter County,IN,Indiana,"Porter County, IN",Expanded Medicaid in 2015,Metro,1871,12790,14.60,41.30,15.2818685905079895,20.2032109192666022,1960,3143,34,92
18129,Posey County,IN,Indiana,"Posey County, IN",Expanded Medicaid in 2015,Metro,219,1725,12.70,37.80,15.2818685905079895,20.2032109192666022,2387,3143,74,92
18131,Pulaski County,IN,Indiana,"Pulaski County, IN",Expanded Medicaid in 2015,"Rural, near a metro",170,1228,13.80,38.50,15.2818685905079895,20.2032109192666022,2156,3143,50,92
18133,Putnam County,IN,Indiana,"Putnam County, IN",Expanded Medicaid in 2015,Metro,431,3140,13.70,38.60,15.2818685905079895,20.2032109192666022,2176,3143,54,92
18135,Randolph County,IN,Indiana,"Randolph County, IN",Expanded Medicaid in 2015,"Rural, near a metro",385,2799,13.80,36.80,15.2818685905079895,20.2032109192666022,2156,3143,50,92
18137,Ripley County,IN,Indiana,"Ripley County, IN",Expanded Medicaid in 2015,"Rural, near a metro",308,2476,12.40,37.30,15.2818685905079895,20.2032109192666022,2449,3143,81,92
18139,Rush County,IN,Indiana,"Rush County, IN",Expanded Medicaid in 2015,"Rural, near a metro",267,1895,14.10,35.60,15.2818685905079895,20.2032109192666022,2076,3143,42,92
18141,St. Joseph County,IN,Indiana,"St. Joseph County, IN",Expanded Medicaid in 2015,Metro,5251,28069,18.70,40.20,15.2818685905079895,20.2032109192666022,1449,3143,7,92
18143,Scott County,IN,Indiana,"Scott County, IN",Expanded Medicaid in 2015,Metro,407,3448,11.80,32.60,15.2818685905079895,20.2032109192666022,2605,3143,88,92
18145,Shelby County,IN,Indiana,"Shelby County, IN",Expanded Medicaid in 2015,Metro,611,4118,14.80,40.10,15.2818685905079895,20.2032109192666022,1923,3143,32,92
18147,Spencer County,IN,Indiana,"Spencer County, IN",Expanded Medicaid in 2015,"Rural, near a metro",217,1503,14.40,40.90,15.2818685905079895,20.2032109192666022,2007,3143,35,92
18149,Starke County,IN,Indiana,"Starke County, IN",Expanded Medicaid in 2015,"Rural, near a metro",355,2618,13.60,36.20,15.2818685905079895,20.2032109192666022,2201,3143,58,92
18151,Steuben County,IN,Indiana,"Steuben County, IN",Expanded Medicaid in 2015,Remote rural,402,2667,15.10,39.10,15.2818685905079895,20.2032109192666022,1877,3143,28,92
18153,Sullivan County,IN,Indiana,"Sullivan County, IN",Expanded Medicaid in 2015,Metro,296,2171,13.60,37.00,15.2818685905079895,20.2032109192666022,2201,3143,58,92
18155,Switzerland County,IN,Indiana,"Switzerland County, IN",Expanded Medicaid in 2015,"Rural, near a metro",170,1201,14.20,37.60,15.2818685905079895,20.2032109192666022,2058,3143,39,92
18157,Tippecanoe County,IN,Indiana,"Tippecanoe County, IN",Expanded Medicaid in 2015,Metro,3940,27899,14.10,34.60,15.2818685905079895,20.2032109192666022,2076,3143,42,92
18159,Tipton County,IN,Indiana,"Tipton County, IN",Expanded Medicaid in 2015,"Rural, near a metro",153,1139,13.40,39.60,15.2818685905079895,20.2032109192666022,2249,3143,61,92
18161,Union County,IN,Indiana,"Union County, IN",Expanded Medicaid in 2015,Metro,87,684,12.70,36.20,15.2818685905079895,20.2032109192666022,2387,3143,74,92
18163,Vanderburgh County,IN,Indiana,"Vanderburgh County, IN",Expanded Medicaid in 2015,Metro,2428,19950,12.20,34.40,15.2818685905079895,20.2032109192666022,2494,3143,83,92
18165,Vermillion County,IN,Indiana,"Vermillion County, IN",Expanded Medicaid in 2015,Metro,210,1750,12.00,37.40,15.2818685905079895,20.2032109192666022,2555,3143,85,92
18167,Vigo County,IN,Indiana,"Vigo County, IN",Expanded Medicaid in 2015,Metro,1905,15086,12.60,32.50,15.2818685905079895,20.2032109192666022,2410,3143,77,92
18169,Wabash County,IN,Indiana,"Wabash County, IN",Expanded Medicaid in 2015,"Rural, near a metro",376,2903,13.00,37.20,15.2818685905079895,20.2032109192666022,2325,3143,68,92
18171,Warren County,IN,Indiana,"Warren County, IN",Expanded Medicaid in 2015,"Rural, near a metro",85,677,12.60,39.00,15.2818685905079895,20.2032109192666022,2410,3143,77,92
18173,Warrick County,IN,Indiana,"Warrick County, IN",Expanded Medicaid in 2015,Metro,528,3745,14.10,40.60,15.2818685905079895,20.2032109192666022,2076,3143,42,92
18175,Washington County,IN,Indiana,"Washington County, IN",Expanded Medicaid in 2015,Metro,471,3165,14.90,38.10,15.2818685905079895,20.2032109192666022,1907,3143,31,92
18177,Wayne County,IN,Indiana,"Wayne County, IN",Expanded Medicaid in 2015,Remote rural,1202,8673,13.90,35.80,15.2818685905079895,20.2032109192666022,2127,3143,48,92
18179,Wells County,IN,Indiana,"Wells County, IN",Expanded Medicaid in 2015,Metro,315,2242,14.00,39.10,15.2818685905079895,20.2032109192666022,2103,3143,47,92
18181,White County,IN,Indiana,"White County, IN",Expanded Medicaid in 2015,"Rural, near a metro",359,2123,16.90,41.60,15.2818685905079895,20.2032109192666022,1650,3143,16,92
18183,Whitley County,IN,Indiana,"Whitley County, IN",Expanded Medicaid in 2015,Metro,334,2334,14.30,41.20,15.2818685905079895,20.2032109192666022,2031,3143,37,92
19001,Adair County,IA,Iowa,"Adair County, IA",Expanded Medicaid in 2014,"Rural, near a metro",67,657,10.20,25.30,13.4862502989819016,20.2032109192666022,2952,3143,94,99
19003,Adams County,IA,Iowa,"Adams County, IA",Expanded Medicaid in 2014,Remote rural,41,359,11.40,28.10,13.4862502989819016,20.2032109192666022,2715,3143,74,99
19005,Allamakee County,IA,Iowa,"Allamakee County, IA",Expanded Medicaid in 2014,"Rural, near a metro",215,1280,16.80,36.20,13.4862502989819016,20.2032109192666022,1666,3143,8,99
19007,Appanoose County,IA,Iowa,"Appanoose County, IA",Expanded Medicaid in 2014,Remote rural,180,1547,11.60,24.30,13.4862502989819016,20.2032109192666022,2655,3143,62,99
19009,Audubon County,IA,Iowa,"Audubon County, IA",Expanded Medicaid in 2014,"Rural, near a metro",55,476,11.60,29.40,13.4862502989819016,20.2032109192666022,2655,3143,62,99
19011,Benton County,IA,Iowa,"Benton County, IA",Expanded Medicaid in 2014,Metro,184,1701,10.80,25.20,13.4862502989819016,20.2032109192666022,2845,3143,85,99
19013,Black Hawk County,IA,Iowa,"Black Hawk County, IA",Expanded Medicaid in 2014,Metro,1999,15683,12.70,23.40,13.4862502989819016,20.2032109192666022,2387,3143,44,99
19015,Boone County,IA,Iowa,"Boone County, IA",Expanded Medicaid in 2014,"Rural, near a metro",194,1772,10.90,25.10,13.4862502989819016,20.2032109192666022,2826,3143,84,99
19017,Bremer County,IA,Iowa,"Bremer County, IA",Expanded Medicaid in 2014,Metro,159,1499,10.60,24.80,13.4862502989819016,20.2032109192666022,2881,3143,93,99
19019,Buchanan County,IA,Iowa,"Buchanan County, IA",Expanded Medicaid in 2014,"Rural, near a metro",195,1506,12.90,27.00,13.4862502989819016,20.2032109192666022,2351,3143,43,99
19021,Buena Vista County,IA,Iowa,"Buena Vista County, IA",Expanded Medicaid in 2014,Remote rural,412,1737,23.70,39.80,13.4862502989819016,20.2032109192666022,863,3143,1,99
19023,Butler County,IA,Iowa,"Butler County, IA",Expanded Medicaid in 2014,"Rural, near a metro",141,1056,13.40,27.80,13.4862502989819016,20.2032109192666022,2249,3143,37,99
19025,Calhoun County,IA,Iowa,"Calhoun County, IA",Expanded Medicaid in 2014,Remote rural,88,790,11.10,25.80,13.4862502989819016,20.2032109192666022,2772,3143,79,99
19027,Carroll County,IA,Iowa,"Carroll County, IA",Expanded Medicaid in 2014,Remote rural,160,1568,10.20,23.40,13.4862502989819016,20.2032109192666022,2952,3143,94,99
19029,Cass County,IA,Iowa,"Cass County, IA",Expanded Medicaid in 2014,"Rural, near a metro",157,1318,11.90,23.50,13.4862502989819016,20.2032109192666022,2586,3143,55,99
19031,Cedar County,IA,Iowa,"Cedar County, IA",Expanded Medicaid in 2014,"Rural, near a metro",150,1353,11.10,25.40,13.4862502989819016,20.2032109192666022,2772,3143,79,99
19033,Cerro Gordo County,IA,Iowa,"Cerro Gordo County, IA",Expanded Medicaid in 2014,Remote rural,348,3674,9.50,25.10,13.4862502989819016,20.2032109192666022,3041,3143,98,99
19035,Cherokee County,IA,Iowa,"Cherokee County, IA",Expanded Medicaid in 2014,"Rural, near a metro",110,953,11.50,25.50,13.4862502989819016,20.2032109192666022,2684,3143,68,99
19037,Chickasaw County,IA,Iowa,"Chickasaw County, IA",Expanded Medicaid in 2014,"Rural, near a metro",100,768,13.00,28.70,13.4862502989819016,20.2032109192666022,2325,3143,42,99
19039,Clarke County,IA,Iowa,"Clarke County, IA",Expanded Medicaid in 2014,"Rural, near a metro",141,1019,13.80,29.20,13.4862502989819016,20.2032109192666022,2156,3143,33,99
19041,Clay County,IA,Iowa,"Clay County, IA",Expanded Medicaid in 2014,Remote rural,161,1396,11.50,25.00,13.4862502989819016,20.2032109192666022,2684,3143,68,99
19043,Clayton County,IA,Iowa,"Clayton County, IA",Expanded Medicaid in 2014,"Rural, near a metro",216,1577,13.70,28.70,13.4862502989819016,20.2032109192666022,2176,3143,34,99
19045,Clinton County,IA,Iowa,"Clinton County, IA",Expanded Medicaid in 2014,"Rural, near a metro",539,4598,11.70,20.30,13.4862502989819016,20.2032109192666022,2631,3143,59,99
19047,Crawford County,IA,Iowa,"Crawford County, IA",Expanded Medicaid in 2014,Remote rural,297,1545,19.20,40.40,13.4862502989819016,20.2032109192666022,1395,3143,2,99
19049,Dallas County,IA,Iowa,"Dallas County, IA",Expanded Medicaid in 2014,Metro,869,5707,15.20,31.20,13.4862502989819016,20.2032109192666022,1863,3143,17,99
19051,Davis County,IA,Iowa,"Davis County, IA",Expanded Medicaid in 2014,Remote rural,156,891,17.50,33.90,13.4862502989819016,20.2032109192666022,1591,3143,3,99
19053,Decatur County,IA,Iowa,"Decatur County, IA",Expanded Medicaid in 2014,Remote rural,121,994,12.20,26.10,13.4862502989819016,20.2032109192666022,2494,3143,51,99
19055,Delaware County,IA,Iowa,"Delaware County, IA",Expanded Medicaid in 2014,"Rural, near a metro",144,1199,12.00,29.50,13.4862502989819016,20.2032109192666022,2555,3143,53,99
19057,Des Moines County,IA,Iowa,"Des Moines County, IA",Expanded Medicaid in 2014,Remote rural,448,4163,10.80,23.10,13.4862502989819016,20.2032109192666022,2845,3143,85,99
19059,Dickinson County,IA,Iowa,"Dickinson County, IA",Expanded Medicaid in 2014,Remote rural,147,1060,13.90,26.50,13.4862502989819016,20.2032109192666022,2127,3143,32,99
19061,Dubuque County,IA,Iowa,"Dubuque County, IA",Expanded Medicaid in 2014,Metro,753,7738,9.70,23.20,13.4862502989819016,20.2032109192666022,3016,3143,97,99
19063,Emmet County,IA,Iowa,"Emmet County, IA",Expanded Medicaid in 2014,Remote rural,118,751,15.70,36.30,13.4862502989819016,20.2032109192666022,1798,3143,11,99
19065,Fayette County,IA,Iowa,"Fayette County, IA",Expanded Medicaid in 2014,"Rural, near a metro",215,1873,11.50,25.00,13.4862502989819016,20.2032109192666022,2684,3143,68,99
19067,Floyd County,IA,Iowa,"Floyd County, IA",Expanded Medicaid in 2014,Remote rural,145,1357,10.70,23.90,13.4862502989819016,20.2032109192666022,2864,3143,91,99
19069,Franklin County,IA,Iowa,"Franklin County, IA",Expanded Medicaid in 2014,Remote rural,136,871,15.60,33.60,13.4862502989819016,20.2032109192666022,1805,3143,12,99
19071,Fremont County,IA,Iowa,"Fremont County, IA",Expanded Medicaid in 2014,"Rural, near a metro",62,527,11.80,26.00,13.4862502989819016,20.2032109192666022,2605,3143,56,99
19073,Greene County,IA,Iowa,"Greene County, IA",Expanded Medicaid in 2014,"Rural, near a metro",83,738,11.20,25.50,13.4862502989819016,20.2032109192666022,2753,3143,77,99
19075,Grundy County,IA,Iowa,"Grundy County, IA",Expanded Medicaid in 2014,Metro,85,683,12.40,29.60,13.4862502989819016,20.2032109192666022,2449,3143,47,99
19077,Guthrie County,IA,Iowa,"Guthrie County, IA",Expanded Medicaid in 2014,Metro,107,792,13.50,28.00,13.4862502989819016,20.2032109192666022,2220,3143,35,99
19079,Hamilton County,IA,Iowa,"Hamilton County, IA",Expanded Medicaid in 2014,"Rural, near a metro",184,1135,16.20,31.20,13.4862502989819016,20.2032109192666022,1735,3143,9,99
19081,Hancock County,IA,Iowa,"Hancock County, IA",Expanded Medicaid in 2014,Remote rural,110,777,14.20,27.90,13.4862502989819016,20.2032109192666022,2058,3143,28,99
19083,Hardin County,IA,Iowa,"Hardin County, IA",Expanded Medicaid in 2014,"Rural, near a metro",193,1450,13.30,25.40,13.4862502989819016,20.2032109192666022,2263,3143,38,99
19085,Harrison County,IA,Iowa,"Harrison County, IA",Expanded Medicaid in 2014,Metro,137,1180,11.60,26.40,13.4862502989819016,20.2032109192666022,2655,3143,62,99
19087,Henry County,IA,Iowa,"Henry County, IA",Expanded Medicaid in 2014,"Rural, near a metro",224,1811,12.40,26.10,13.4862502989819016,20.2032109192666022,2449,3143,47,99
19089,Howard County,IA,Iowa,"Howard County, IA",Expanded Medicaid in 2014,"Rural, near a metro",110,772,14.20,28.50,13.4862502989819016,20.2032109192666022,2058,3143,28,99
19091,Humboldt County,IA,Iowa,"Humboldt County, IA",Expanded Medicaid in 2014,Remote rural,110,752,14.60,27.10,13.4862502989819016,20.2032109192666022,1960,3143,25,99
19093,Ida County,IA,Iowa,"Ida County, IA",Expanded Medicaid in 2014,"Rural, near a metro",61,548,11.10,26.00,13.4862502989819016,20.2032109192666022,2772,3143,79,99
19095,Iowa County,IA,Iowa,"Iowa County, IA",Expanded Medicaid in 2014,"Rural, near a metro",137,1144,12.00,24.70,13.4862502989819016,20.2032109192666022,2555,3143,53,99
19097,Jackson County,IA,Iowa,"Jackson County, IA",Expanded Medicaid in 2014,"Rural, near a metro",201,1726,11.60,26.70,13.4862502989819016,20.2032109192666022,2655,3143,62,99
19099,Jasper County,IA,Iowa,"Jasper County, IA",Expanded Medicaid in 2014,"Rural, near a metro",380,3019,12.60,23.50,13.4862502989819016,20.2032109192666022,2410,3143,45,99
19101,Jefferson County,IA,Iowa,"Jefferson County, IA",Expanded Medicaid in 2014,Remote rural,305,1974,15.50,26.40,13.4862502989819016,20.2032109192666022,1820,3143,14,99
19103,Johnson County,IA,Iowa,"Johnson County, IA",Expanded Medicaid in 2014,Metro,3223,21758,14.80,22.40,13.4862502989819016,20.2032109192666022,1923,3143,23,99
19105,Jones County,IA,Iowa,"Jones County, IA",Expanded Medicaid in 2014,Metro,181,1586,11.40,26.40,13.4862502989819016,20.2032109192666022,2715,3143,74,99
19107,Keokuk County,IA,Iowa,"Keokuk County, IA",Expanded Medicaid in 2014,"Rural, near a metro",112,974,11.50,25.70,13.4862502989819016,20.2032109192666022,2684,3143,68,99
19109,Kossuth County,IA,Iowa,"Kossuth County, IA",Expanded Medicaid in 2014,Remote rural,162,1071,15.10,26.70,13.4862502989819016,20.2032109192666022,1877,3143,18,99
19111,Lee County,IA,Iowa,"Lee County, IA",Expanded Medicaid in 2014,Remote rural,362,3337,10.80,23.90,13.4862502989819016,20.2032109192666022,2845,3143,85,99
19113,Linn County,IA,Iowa,"Linn County, IA",Expanded Medicaid in 2014,Metro,2390,19298,12.40,23.20,13.4862502989819016,20.2032109192666022,2449,3143,47,99
19115,Louisa County,IA,Iowa,"Louisa County, IA",Expanded Medicaid in 2014,"Rural, near a metro",150,871,17.20,32.50,13.4862502989819016,20.2032109192666022,1618,3143,4,99
19117,Lucas County,IA,Iowa,"Lucas County, IA",Expanded Medicaid in 2014,"Rural, near a metro",115,996,11.50,31.90,13.4862502989819016,20.2032109192666022,2684,3143,68,99
19119,Lyon County,IA,Iowa,"Lyon County, IA",Expanded Medicaid in 2014,"Rural, near a metro",86,727,11.80,28.20,13.4862502989819016,20.2032109192666022,2605,3143,56,99
19121,Madison County,IA,Iowa,"Madison County, IA",Expanded Medicaid in 2014,Metro,124,995,12.50,27.20,13.4862502989819016,20.2032109192666022,2428,3143,46,99
19123,Mahaska County,IA,Iowa,"Mahaska County, IA",Expanded Medicaid in 2014,Remote rural,240,2056,11.70,23.00,13.4862502989819016,20.2032109192666022,2631,3143,59,99
19125,Marion County,IA,Iowa,"Marion County, IA",Expanded Medicaid in 2014,"Rural, near a metro",224,2189,10.20,23.10,13.4862502989819016,20.2032109192666022,2952,3143,94,99
19127,Marshall County,IA,Iowa,"Marshall County, IA",Expanded Medicaid in 2014,"Rural, near a metro",619,3594,17.20,32.20,13.4862502989819016,20.2032109192666022,1618,3143,4,99
19129,Mills County,IA,Iowa,"Mills County, IA",Expanded Medicaid in 2014,Metro,110,945,11.60,25.30,13.4862502989819016,20.2032109192666022,2655,3143,62,99
19131,Mitchell County,IA,Iowa,"Mitchell County, IA",Expanded Medicaid in 2014,Remote rural,118,793,14.90,29.70,13.4862502989819016,20.2032109192666022,1907,3143,20,99
19133,Monona County,IA,Iowa,"Monona County, IA",Expanded Medicaid in 2014,"Rural, near a metro",87,812,10.70,26.40,13.4862502989819016,20.2032109192666022,2864,3143,91,99
19135,Monroe County,IA,Iowa,"Monroe County, IA",Expanded Medicaid in 2014,Remote rural,76,703,10.80,33.50,13.4862502989819016,20.2032109192666022,2845,3143,85,99
19137,Montgomery County,IA,Iowa,"Montgomery County, IA",Expanded Medicaid in 2014,"Rural, near a metro",118,1059,11.10,24.40,13.4862502989819016,20.2032109192666022,2772,3143,79,99
19139,Muscatine County,IA,Iowa,"Muscatine County, IA",Expanded Medicaid in 2014,"Rural, near a metro",543,3830,14.20,27.10,13.4862502989819016,20.2032109192666022,2058,3143,28,99
19141,O'Brien County,IA,Iowa,"O'Brien County, IA",Expanded Medicaid in 2014,Remote rural,162,1158,14.00,27.10,13.4862502989819016,20.2032109192666022,2103,3143,31,99
19143,Osceola County,IA,Iowa,"Osceola County, IA",Expanded Medicaid in 2014,Remote rural,76,448,17.00,33.60,13.4862502989819016,20.2032109192666022,1645,3143,6,99
19145,Page County,IA,Iowa,"Page County, IA",Expanded Medicaid in 2014,"Rural, near a metro",138,1456,9.50,25.50,13.4862502989819016,20.2032109192666022,3041,3143,98,99
19147,Palo Alto County,IA,Iowa,"Palo Alto County, IA",Expanded Medicaid in 2014,Remote rural,85,725,11.70,23.70,13.4862502989819016,20.2032109192666022,2631,3143,59,99
19149,Plymouth County,IA,Iowa,"Plymouth County, IA",Expanded Medicaid in 2014,Metro,240,1598,15.00,28.00,13.4862502989819016,20.2032109192666022,1895,3143,19,99
19151,Pocahontas County,IA,Iowa,"Pocahontas County, IA",Expanded Medicaid in 2014,Remote rural,89,598,14.90,27.10,13.4862502989819016,20.2032109192666022,1907,3143,20,99
19153,Polk County,IA,Iowa,"Polk County, IA",Expanded Medicaid in 2014,Metro,6861,43018,15.90,27.20,13.4862502989819016,20.2032109192666022,1769,3143,10,99
19155,Pottawattamie County,IA,Iowa,"Pottawattamie County, IA",Expanded Medicaid in 2014,Metro,973,8561,11.40,27.70,13.4862502989819016,20.2032109192666022,2715,3143,74,99
19157,Poweshiek County,IA,Iowa,"Poweshiek County, IA",Expanded Medicaid in 2014,Remote rural,162,1495,10.80,22.90,13.4862502989819016,20.2032109192666022,2845,3143,85,99
19159,Ringgold County,IA,Iowa,"Ringgold County, IA",Expanded Medicaid in 2014,Remote rural,56,482,11.60,29.10,13.4862502989819016,20.2032109192666022,2655,3143,62,99
19161,Sac County,IA,Iowa,"Sac County, IA",Expanded Medicaid in 2014,Remote rural,93,712,13.10,28.00,13.4862502989819016,20.2032109192666022,2304,3143,40,99
19163,Scott County,IA,Iowa,"Scott County, IA",Expanded Medicaid in 2014,Metro,2049,15581,13.20,26.70,13.4862502989819016,20.2032109192666022,2283,3143,39,99
19165,Shelby County,IA,Iowa,"Shelby County, IA",Expanded Medicaid in 2014,"Rural, near a metro",109,900,12.10,26.10,13.4862502989819016,20.2032109192666022,2521,3143,52,99
19167,Sioux County,IA,Iowa,"Sioux County, IA",Expanded Medicaid in 2014,Remote rural,337,1996,16.90,37.50,13.4862502989819016,20.2032109192666022,1650,3143,7,99
19169,Story County,IA,Iowa,"Story County, IA",Expanded Medicaid in 2014,Metro,1737,14018,12.40,18.40,13.4862502989819016,20.2032109192666022,2449,3143,47,99
19171,Tama County,IA,Iowa,"Tama County, IA",Expanded Medicaid in 2014,"Rural, near a metro",214,1484,14.40,32.20,13.4862502989819016,20.2032109192666022,2007,3143,27,99
19173,Taylor County,IA,Iowa,"Taylor County, IA",Expanded Medicaid in 2014,Remote rural,84,543,15.50,34.10,13.4862502989819016,20.2032109192666022,1820,3143,14,99
19175,Union County,IA,Iowa,"Union County, IA",Expanded Medicaid in 2014,"Rural, near a metro",146,1347,10.80,24.70,13.4862502989819016,20.2032109192666022,2845,3143,85,99
19177,Van Buren County,IA,Iowa,"Van Buren County, IA",Expanded Medicaid in 2014,Remote rural,118,810,14.60,30.10,13.4862502989819016,20.2032109192666022,1960,3143,25,99
19179,Wapello County,IA,Iowa,"Wapello County, IA",Expanded Medicaid in 2014,Remote rural,636,4260,14.90,27.20,13.4862502989819016,20.2032109192666022,1907,3143,20,99
19181,Warren County,IA,Iowa,"Warren County, IA",Expanded Medicaid in 2014,Metro,315,2836,11.10,26.50,13.4862502989819016,20.2032109192666022,2772,3143,79,99
19183,Washington County,IA,Iowa,"Washington County, IA",Expanded Medicaid in 2014,Metro,277,1780,15.60,28.50,13.4862502989819016,20.2032109192666022,1805,3143,12,99
19185,Wayne County,IA,Iowa,"Wayne County, IA",Expanded Medicaid in 2014,Remote rural,103,763,13.50,30.00,13.4862502989819016,20.2032109192666022,2220,3143,35,99
19187,Webster County,IA,Iowa,"Webster County, IA",Expanded Medicaid in 2014,Remote rural,561,3805,14.70,23.80,13.4862502989819016,20.2032109192666022,1946,3143,24,99
19189,Winnebago County,IA,Iowa,"Winnebago County, IA",Expanded Medicaid in 2014,Remote rural,93,828,11.20,26.70,13.4862502989819016,20.2032109192666022,2753,3143,77,99
19191,Winneshiek County,IA,Iowa,"Winneshiek County, IA",Expanded Medicaid in 2014,Remote rural,140,1216,11.50,26.80,13.4862502989819016,20.2032109192666022,2684,3143,68,99
19193,Woodbury County,IA,Iowa,"Woodbury County, IA",Expanded Medicaid in 2014,Metro,1724,11142,15.50,31.00,13.4862502989819016,20.2032109192666022,1820,3143,14,99
19195,Worth County,IA,Iowa,"Worth County, IA",Expanded Medicaid in 2014,Remote rural,65,551,11.80,25.70,13.4862502989819016,20.2032109192666022,2605,3143,56,99
19197,Wright County,IA,Iowa,"Wright County, IA",Expanded Medicaid in 2014,Remote rural,172,1310,13.10,32.30,13.4862502989819016,20.2032109192666022,2304,3143,40,99
20001,Allen County,KS,Kansas,"Allen County, KS",Has not expanded Medicaid,Remote rural,274,1511,18.10,31.50,22.7831419862376111,20.2032109192666022,1513,3143,95,105
20003,Anderson County,KS,Kansas,"Anderson County, KS",Has not expanded Medicaid,"Rural, near a metro",165,816,20.20,36.80,22.7831419862376111,20.2032109192666022,1292,3143,68,105
20005,Atchison County,KS,Kansas,"Atchison County, KS",Has not expanded Medicaid,"Rural, near a metro",274,1634,16.80,30.60,22.7831419862376111,20.2032109192666022,1666,3143,105,105
20007,Barber County,KS,Kansas,"Barber County, KS",Has not expanded Medicaid,Remote rural,87,421,20.70,37.10,22.7831419862376111,20.2032109192666022,1227,3143,58,105
20009,Barton County,KS,Kansas,"Barton County, KS",Has not expanded Medicaid,Remote rural,615,2529,24.30,42.80,22.7831419862376111,20.2032109192666022,800,3143,25,105
20011,Bourbon County,KS,Kansas,"Bourbon County, KS",Has not expanded Medicaid,"Rural, near a metro",321,1848,17.40,32.20,22.7831419862376111,20.2032109192666022,1597,3143,100,105
20013,Brown County,KS,Kansas,"Brown County, KS",Has not expanded Medicaid,"Rural, near a metro",165,976,16.90,33.80,22.7831419862376111,20.2032109192666022,1650,3143,104,105
20015,Butler County,KS,Kansas,"Butler County, KS",Has not expanded Medicaid,Metro,972,4622,21.00,32.60,22.7831419862376111,20.2032109192666022,1187,3143,52,105
20017,Chase County,KS,Kansas,"Chase County, KS",Has not expanded Medicaid,Remote rural,47,231,20.30,39.60,22.7831419862376111,20.2032109192666022,1281,3143,66,105
20019,Chautauqua County,KS,Kansas,"Chautauqua County, KS",Has not expanded Medicaid,"Rural, near a metro",93,446,20.90,39.10,22.7831419862376111,20.2032109192666022,1200,3143,54,105
20021,Cherokee County,KS,Kansas,"Cherokee County, KS",Has not expanded Medicaid,"Rural, near a metro",449,2434,18.40,32.00,22.7831419862376111,20.2032109192666022,1478,3143,91,105
20023,Cheyenne County,KS,Kansas,"Cheyenne County, KS",Has not expanded Medicaid,Remote rural,78,277,28.20,42.50,22.7831419862376111,20.2032109192666022,455,3143,17,105
20025,Clark County,KS,Kansas,"Clark County, KS",Has not expanded Medicaid,Remote rural,33,173,19.10,39.90,22.7831419862376111,20.2032109192666022,1404,3143,86,105
20027,Clay County,KS,Kansas,"Clay County, KS",Has not expanded Medicaid,"Rural, near a metro",139,686,20.30,32.80,22.7831419862376111,20.2032109192666022,1281,3143,66,105
20029,Cloud County,KS,Kansas,"Cloud County, KS",Has not expanded Medicaid,Remote rural,193,892,21.60,35.00,22.7831419862376111,20.2032109192666022,1115,3143,42,105
20031,Coffey County,KS,Kansas,"Coffey County, KS",Has not expanded Medicaid,"Rural, near a metro",137,699,19.60,35.70,22.7831419862376111,20.2032109192666022,1359,3143,78,105
20033,Comanche County,KS,Kansas,"Comanche County, KS",Has not expanded Medicaid,Remote rural,30,164,18.30,43.20,22.7831419862376111,20.2032109192666022,1489,3143,93,105
20035,Cowley County,KS,Kansas,"Cowley County, KS",Has not expanded Medicaid,"Rural, near a metro",707,3809,18.60,35.80,22.7831419862376111,20.2032109192666022,1458,3143,89,105
20037,Crawford County,KS,Kansas,"Crawford County, KS",Has not expanded Medicaid,"Rural, near a metro",1179,6154,19.20,32.70,22.7831419862376111,20.2032109192666022,1395,3143,85,105
20039,Decatur County,KS,Kansas,"Decatur County, KS",Has not expanded Medicaid,Remote rural,55,273,20.10,37.20,22.7831419862376111,20.2032109192666022,1300,3143,69,105
20041,Dickinson County,KS,Kansas,"Dickinson County, KS",Has not expanded Medicaid,Remote rural,349,1714,20.40,34.60,22.7831419862376111,20.2032109192666022,1260,3143,61,105
20043,Doniphan County,KS,Kansas,"Doniphan County, KS",Has not expanded Medicaid,Metro,130,654,19.90,37.20,22.7831419862376111,20.2032109192666022,1321,3143,72,105
20045,Douglas County,KS,Kansas,"Douglas County, KS",Has not expanded Medicaid,Metro,3080,16445,18.70,31.60,22.7831419862376111,20.2032109192666022,1449,3143,88,105
20047,Edwards County,KS,Kansas,"Edwards County, KS",Has not expanded Medicaid,Remote rural,73,249,29.30,50.00,22.7831419862376111,20.2032109192666022,387,3143,15,105
20049,Elk County,KS,Kansas,"Elk County, KS",Has not expanded Medicaid,"Rural, near a metro",68,327,20.80,40.50,22.7831419862376111,20.2032109192666022,1216,3143,57,105
20051,Ellis County,KS,Kansas,"Ellis County, KS",Has not expanded Medicaid,Remote rural,752,3503,21.50,29.60,22.7831419862376111,20.2032109192666022,1123,3143,43,105
20053,Ellsworth County,KS,Kansas,"Ellsworth County, KS",Has not expanded Medicaid,Remote rural,92,473,19.50,34.30,22.7831419862376111,20.2032109192666022,1364,3143,80,105
20055,Finney County,KS,Kansas,"Finney County, KS",Has not expanded Medicaid,Remote rural,1121,3557,31.50,44.80,22.7831419862376111,20.2032109192666022,280,3143,9,105
20057,Ford County,KS,Kansas,"Ford County, KS",Has not expanded Medicaid,Remote rural,1140,3259,35.00,50.00,22.7831419862376111,20.2032109192666022,170,3143,3,105
20059,Franklin County,KS,Kansas,"Franklin County, KS",Has not expanded Medicaid,"Rural, near a metro",533,2507,21.30,32.20,22.7831419862376111,20.2032109192666022,1153,3143,47,105
20061,Geary County,KS,Kansas,"Geary County, KS",Has not expanded Medicaid,"Rural, near a metro",800,4607,17.40,31.10,22.7831419862376111,20.2032109192666022,1597,3143,100,105
20063,Gove County,KS,Kansas,"Gove County, KS",Has not expanded Medicaid,Remote rural,49,240,20.40,42.50,22.7831419862376111,20.2032109192666022,1260,3143,61,105
20065,Graham County,KS,Kansas,"Graham County, KS",Has not expanded Medicaid,Remote rural,53,260,20.40,36.60,22.7831419862376111,20.2032109192666022,1260,3143,61,105
20067,Grant County,KS,Kansas,"Grant County, KS",Has not expanded Medicaid,Remote rural,201,588,34.20,48.90,22.7831419862376111,20.2032109192666022,192,3143,5,105
20069,Gray County,KS,Kansas,"Gray County, KS",Has not expanded Medicaid,Remote rural,162,441,36.70,47.70,22.7831419862376111,20.2032109192666022,128,3143,1,105
20071,Greeley County,KS,Kansas,"Greeley County, KS",Has not expanded Medicaid,Remote rural,26,102,25.50,45.10,22.7831419862376111,20.2032109192666022,654,3143,22,105
20073,Greenwood County,KS,Kansas,"Greenwood County, KS",Has not expanded Medicaid,"Rural, near a metro",139,702,19.80,36.10,22.7831419862376111,20.2032109192666022,1331,3143,74,105
20075,Hamilton County,KS,Kansas,"Hamilton County, KS",Has not expanded Medicaid,Remote rural,83,251,33.10,52.70,22.7831419862376111,20.2032109192666022,219,3143,7,105
20077,Harper County,KS,Kansas,"Harper County, KS",Has not expanded Medicaid,"Rural, near a metro",152,671,22.70,38.90,22.7831419862376111,20.2032109192666022,984,3143,34,105
20079,Harvey County,KS,Kansas,"Harvey County, KS",Has not expanded Medicaid,Metro,543,2819,19.30,40.20,22.7831419862376111,20.2032109192666022,1385,3143,82,105
20081,Haskell County,KS,Kansas,"Haskell County, KS",Has not expanded Medicaid,Remote rural,117,326,35.90,51.60,22.7831419862376111,20.2032109192666022,147,3143,2,105
20083,Hodgeman County,KS,Kansas,"Hodgeman County, KS",Has not expanded Medicaid,Remote rural,34,134,25.40,47.70,22.7831419862376111,20.2032109192666022,665,3143,23,105
20087,Jefferson County,KS,Kansas,"Jefferson County, KS",Has not expanded Medicaid,Metro,248,1215,20.40,38.90,22.7831419862376111,20.2032109192666022,1260,3143,61,105
20089,Jewell County,KS,Kansas,"Jewell County, KS",Has not expanded Medicaid,Remote rural,62,270,23.00,41.40,22.7831419862376111,20.2032109192666022,943,3143,28,105
20091,Johnson County,KS,Kansas,"Johnson County, KS",Has not expanded Medicaid,Metro,6444,28248,22.80,43.60,22.7831419862376111,20.2032109192666022,970,3143,32,105
20093,Kearny County,KS,Kansas,"Kearny County, KS",Has not expanded Medicaid,Remote rural,102,334,30.50,50.50,22.7831419862376111,20.2032109192666022,327,3143,11,105
20095,Kingman County,KS,Kansas,"Kingman County, KS",Has not expanded Medicaid,Metro,144,813,17.70,36.50,22.7831419862376111,20.2032109192666022,1569,3143,98,105
20097,Kiowa County,KS,Kansas,"Kiowa County, KS",Has not expanded Medicaid,Remote rural,46,207,22.20,38.00,22.7831419862376111,20.2032109192666022,1030,3143,35,105
20099,Labette County,KS,Kansas,"Labette County, KS",Has not expanded Medicaid,Remote rural,507,2747,18.50,31.10,22.7831419862376111,20.2032109192666022,1470,3143,90,105
20101,Lane County,KS,Kansas,"Lane County, KS",Has not expanded Medicaid,Remote rural,35,135,25.90,37.30,22.7831419862376111,20.2032109192666022,627,3143,20,105
20103,Leavenworth County,KS,Kansas,"Leavenworth County, KS",Has not expanded Medicaid,Metro,1207,5876,20.50,34.00,22.7831419862376111,20.2032109192666022,1257,3143,60,105
20105,Lincoln County,KS,Kansas,"Lincoln County, KS",Has not expanded Medicaid,Remote rural,61,291,21.00,38.80,22.7831419862376111,20.2032109192666022,1187,3143,52,105
20107,Linn County,KS,Kansas,"Linn County, KS",Has not expanded Medicaid,Metro,217,1038,20.90,38.40,22.7831419862376111,20.2032109192666022,1200,3143,54,105
20109,Logan County,KS,Kansas,"Logan County, KS",Has not expanded Medicaid,Remote rural,59,280,21.10,40.40,22.7831419862376111,20.2032109192666022,1172,3143,51,105
20111,Lyon County,KS,Kansas,"Lyon County, KS",Has not expanded Medicaid,"Rural, near a metro",963,4223,22.80,39.50,22.7831419862376111,20.2032109192666022,970,3143,32,105
20113,McPherson County,KS,Kansas,"McPherson County, KS",Has not expanded Medicaid,Remote rural,459,2214,20.70,31.60,22.7831419862376111,20.2032109192666022,1227,3143,58,105
20115,Marion County,KS,Kansas,"Marion County, KS",Has not expanded Medicaid,"Rural, near a metro",226,984,23.00,37.80,22.7831419862376111,20.2032109192666022,943,3143,28,105
20117,Marshall County,KS,Kansas,"Marshall County, KS",Has not expanded Medicaid,"Rural, near a metro",159,806,19.70,35.70,22.7831419862376111,20.2032109192666022,1346,3143,77,105
20119,Meade County,KS,Kansas,"Meade County, KS",Has not expanded Medicaid,Remote rural,102,335,30.40,46.50,22.7831419862376111,20.2032109192666022,331,3143,12,105
20121,Miami County,KS,Kansas,"Miami County, KS",Has not expanded Medicaid,Metro,418,2133,19.60,36.70,22.7831419862376111,20.2032109192666022,1359,3143,78,105
20123,Mitchell County,KS,Kansas,"Mitchell County, KS",Has not expanded Medicaid,Remote rural,115,549,20.90,32.80,22.7831419862376111,20.2032109192666022,1200,3143,54,105
20125,Montgomery County,KS,Kansas,"Montgomery County, KS",Has not expanded Medicaid,Remote rural,681,3959,17.20,35.30,22.7831419862376111,20.2032109192666022,1618,3143,102,105
20127,Morris County,KS,Kansas,"Morris County, KS",Has not expanded Medicaid,"Rural, near a metro",105,458,22.90,40.70,22.7831419862376111,20.2032109192666022,960,3143,31,105
20129,Morton County,KS,Kansas,"Morton County, KS",Has not expanded Medicaid,Remote rural,75,275,27.30,45.30,22.7831419862376111,20.2032109192666022,509,3143,19,105
20131,Nemaha County,KS,Kansas,"Nemaha County, KS",Has not expanded Medicaid,"Rural, near a metro",135,661,20.40,34.60,22.7831419862376111,20.2032109192666022,1260,3143,61,105
20133,Neosho County,KS,Kansas,"Neosho County, KS",Has not expanded Medicaid,Remote rural,336,1763,19.10,34.40,22.7831419862376111,20.2032109192666022,1404,3143,86,105
20135,Ness County,KS,Kansas,"Ness County, KS",Has not expanded Medicaid,Remote rural,53,184,28.80,45.60,22.7831419862376111,20.2032109192666022,411,3143,16,105
20137,Norton County,KS,Kansas,"Norton County, KS",Has not expanded Medicaid,Remote rural,91,468,19.40,36.50,22.7831419862376111,20.2032109192666022,1377,3143,81,105
20139,Osage County,KS,Kansas,"Osage County, KS",Has not expanded Medicaid,Metro,274,1422,19.30,33.90,22.7831419862376111,20.2032109192666022,1385,3143,82,105
20141,Osborne County,KS,Kansas,"Osborne County, KS",Has not expanded Medicaid,Remote rural,57,332,17.20,36.90,22.7831419862376111,20.2032109192666022,1618,3143,102,105
20143,Ottawa County,KS,Kansas,"Ottawa County, KS",Has not expanded Medicaid,Remote rural,100,497,20.10,38.80,22.7831419862376111,20.2032109192666022,1300,3143,69,105
20145,Pawnee County,KS,Kansas,"Pawnee County, KS",Has not expanded Medicaid,Remote rural,110,547,20.10,32.10,22.7831419862376111,20.2032109192666022,1300,3143,69,105
20147,Phillips County,KS,Kansas,"Phillips County, KS",Has not expanded Medicaid,Remote rural,102,482,21.20,37.40,22.7831419862376111,20.2032109192666022,1162,3143,49,105
20149,Pottawatomie County,KS,Kansas,"Pottawatomie County, KS",Has not expanded Medicaid,Metro,351,1638,21.40,36.90,22.7831419862376111,20.2032109192666022,1141,3143,45,105
20151,Pratt County,KS,Kansas,"Pratt County, KS",Has not expanded Medicaid,Remote rural,169,775,21.80,37.70,22.7831419862376111,20.2032109192666022,1080,3143,38,105
20153,Rawlins County,KS,Kansas,"Rawlins County, KS",Has not expanded Medicaid,Remote rural,46,214,21.50,41.50,22.7831419862376111,20.2032109192666022,1123,3143,43,105
20155,Reno County,KS,Kansas,"Reno County, KS",Has not expanded Medicaid,"Rural, near a metro",1348,6310,21.40,34.00,22.7831419862376111,20.2032109192666022,1141,3143,45,105
20157,Republic County,KS,Kansas,"Republic County, KS",Has not expanded Medicaid,Remote rural,82,450,18.20,36.80,22.7831419862376111,20.2032109192666022,1498,3143,94,105
20159,Rice County,KS,Kansas,"Rice County, KS",Has not expanded Medicaid,Remote rural,178,802,22.20,41.90,22.7831419862376111,20.2032109192666022,1030,3143,35,105
20161,Riley County,KS,Kansas,"Riley County, KS",Has not expanded Medicaid,Metro,2102,11862,17.70,21.20,22.7831419862376111,20.2032109192666022,1569,3143,98,105
20163,Rooks County,KS,Kansas,"Rooks County, KS",Has not expanded Medicaid,Remote rural,98,451,21.70,37.80,22.7831419862376111,20.2032109192666022,1097,3143,40,105
20165,Rush County,KS,Kansas,"Rush County, KS",Has not expanded Medicaid,Remote rural,61,288,21.20,37.40,22.7831419862376111,20.2032109192666022,1162,3143,49,105
20167,Russell County,KS,Kansas,"Russell County, KS",Has not expanded Medicaid,Remote rural,137,757,18.10,37.90,22.7831419862376111,20.2032109192666022,1513,3143,95,105
20169,Saline County,KS,Kansas,"Saline County, KS",Has not expanded Medicaid,Remote rural,1024,5175,19.80,36.50,22.7831419862376111,20.2032109192666022,1331,3143,74,105
20171,Scott County,KS,Kansas,"Scott County, KS",Has not expanded Medicaid,Remote rural,119,391,30.40,50.50,22.7831419862376111,20.2032109192666022,331,3143,12,105
20173,Sedgwick County,KS,Kansas,"Sedgwick County, KS",Has not expanded Medicaid,Metro,14008,55992,25.00,40.50,22.7831419862376111,20.2032109192666022,711,3143,24,105
20175,Seward County,KS,Kansas,"Seward County, KS",Has not expanded Medicaid,Remote rural,770,2226,34.60,54.70,22.7831419862376111,20.2032109192666022,181,3143,4,105
20177,Shawnee County,KS,Kansas,"Shawnee County, KS",Has not expanded Medicaid,Metro,3966,18153,21.80,36.10,22.7831419862376111,20.2032109192666022,1080,3143,38,105
20179,Sheridan County,KS,Kansas,"Sheridan County, KS",Has not expanded Medicaid,Remote rural,53,206,25.70,41.20,22.7831419862376111,20.2032109192666022,643,3143,21,105
20181,Sherman County,KS,Kansas,"Sherman County, KS",Has not expanded Medicaid,Remote rural,123,554,22.20,38.90,22.7831419862376111,20.2032109192666022,1030,3143,35,105
20183,Smith County,KS,Kansas,"Smith County, KS",Has not expanded Medicaid,Remote rural,65,326,19.90,38.30,22.7831419862376111,20.2032109192666022,1321,3143,72,105
20185,Stafford County,KS,Kansas,"Stafford County, KS",Has not expanded Medicaid,Remote rural,106,379,28.00,48.30,22.7831419862376111,20.2032109192666022,470,3143,18,105
20187,Stanton County,KS,Kansas,"Stanton County, KS",Has not expanded Medicaid,Remote rural,55,172,32.00,56.90,22.7831419862376111,20.2032109192666022,259,3143,8,105
20189,Stevens County,KS,Kansas,"Stevens County, KS",Has not expanded Medicaid,Remote rural,159,472,33.70,53.80,22.7831419862376111,20.2032109192666022,201,3143,6,105
20191,Sumner County,KS,Kansas,"Sumner County, KS",Has not expanded Medicaid,Metro,401,2219,18.10,36.50,22.7831419862376111,20.2032109192666022,1513,3143,95,105
20193,Thomas County,KS,Kansas,"Thomas County, KS",Has not expanded Medicaid,Remote rural,157,648,24.20,33.50,22.7831419862376111,20.2032109192666022,811,3143,26,105
20195,Trego County,KS,Kansas,"Trego County, KS",Has not expanded Medicaid,Remote rural,51,235,21.70,36.90,22.7831419862376111,20.2032109192666022,1097,3143,40,105
20197,Wabaunsee County,KS,Kansas,"Wabaunsee County, KS",Has not expanded Medicaid,Metro,106,497,21.30,37.50,22.7831419862376111,20.2032109192666022,1153,3143,47,105
20199,Wallace County,KS,Kansas,"Wallace County, KS",Has not expanded Medicaid,Remote rural,34,148,23.00,43.10,22.7831419862376111,20.2032109192666022,943,3143,28,105
20201,Washington County,KS,Kansas,"Washington County, KS",Has not expanded Medicaid,Remote rural,109,451,24.20,42.30,22.7831419862376111,20.2032109192666022,811,3143,26,105
20203,Wichita County,KS,Kansas,"Wichita County, KS",Has not expanded Medicaid,Remote rural,48,158,30.40,50.50,22.7831419862376111,20.2032109192666022,331,3143,12,105
20205,Wilson County,KS,Kansas,"Wilson County, KS",Has not expanded Medicaid,Remote rural,199,1033,19.30,35.60,22.7831419862376111,20.2032109192666022,1385,3143,82,105
20207,Woodson County,KS,Kansas,"Woodson County, KS",Has not expanded Medicaid,Remote rural,67,364,18.40,38.70,22.7831419862376111,20.2032109192666022,1478,3143,91,105
20209,Wyandotte County,KS,Kansas,"Wyandotte County, KS",Has not expanded Medicaid,Metro,6601,21335,30.90,45.60,22.7831419862376111,20.2032109192666022,305,3143,10,105
21001,Adair County,KY,Kentucky,"Adair County, KY",Expanded Medicaid in 2014,Remote rural,360,3275,11.00,40.70,12.2086255259467041,20.2032109192666022,2806,3143,75,120
21003,Allen County,KY,Kentucky,"Allen County, KY",Expanded Medicaid in 2014,Metro,340,2988,11.40,45.10,12.2086255259467041,20.2032109192666022,2715,3143,62,120
21005,Anderson County,KY,Kentucky,"Anderson County, KY",Expanded Medicaid in 2014,"Rural, near a metro",284,2532,11.20,42.50,12.2086255259467041,20.2032109192666022,2753,3143,68,120
21007,Ballard County,KY,Kentucky,"Ballard County, KY",Expanded Medicaid in 2014,Remote rural,90,869,10.40,44.30,12.2086255259467041,20.2032109192666022,2904,3143,97,120
21009,Barren County,KY,Kentucky,"Barren County, KY",Expanded Medicaid in 2014,"Rural, near a metro",829,7058,11.70,38.00,12.2086255259467041,20.2032109192666022,2631,3143,50,120
21011,Bath County,KY,Kentucky,"Bath County, KY",Expanded Medicaid in 2014,"Rural, near a metro",228,2193,10.40,38.90,12.2086255259467041,20.2032109192666022,2904,3143,97,120
21013,Bell County,KY,Kentucky,"Bell County, KY",Expanded Medicaid in 2014,Remote rural,520,5137,10.10,32.80,12.2086255259467041,20.2032109192666022,2968,3143,109,120
21015,Boone County,KY,Kentucky,"Boone County, KY",Expanded Medicaid in 2014,Metro,1225,8797,13.90,46.70,12.2086255259467041,20.2032109192666022,2127,3143,11,120
21017,Bourbon County,KY,Kentucky,"Bourbon County, KY",Expanded Medicaid in 2014,Metro,367,2801,13.10,47.20,12.2086255259467041,20.2032109192666022,2304,3143,17,120
21019,Boyd County,KY,Kentucky,"Boyd County, KY",Expanded Medicaid in 2014,Metro,595,6178,9.60,39.00,12.2086255259467041,20.2032109192666022,3027,3143,118,120
21021,Boyle County,KY,Kentucky,"Boyle County, KY",Expanded Medicaid in 2014,Remote rural,371,3590,10.30,41.30,12.2086255259467041,20.2032109192666022,2929,3143,100,120
21023,Bracken County,KY,Kentucky,"Bracken County, KY",Expanded Medicaid in 2014,Metro,123,1095,11.20,43.00,12.2086255259467041,20.2032109192666022,2753,3143,68,120
21025,Breathitt County,KY,Kentucky,"Breathitt County, KY",Expanded Medicaid in 2014,Remote rural,246,2480,9.90,33.90,12.2086255259467041,20.2032109192666022,2990,3143,112,120
21027,Breckinridge County,KY,Kentucky,"Breckinridge County, KY",Expanded Medicaid in 2014,"Rural, near a metro",369,3027,12.20,43.60,12.2086255259467041,20.2032109192666022,2494,3143,31,120
21029,Bullitt County,KY,Kentucky,"Bullitt County, KY",Expanded Medicaid in 2014,Metro,806,6863,11.70,41.60,12.2086255259467041,20.2032109192666022,2631,3143,50,120
21031,Butler County,KY,Kentucky,"Butler County, KY",Expanded Medicaid in 2014,Metro,259,1923,13.50,43.40,12.2086255259467041,20.2032109192666022,2220,3143,14,120
21033,Caldwell County,KY,Kentucky,"Caldwell County, KY",Expanded Medicaid in 2014,Remote rural,207,1585,13.10,40.80,12.2086255259467041,20.2032109192666022,2304,3143,17,120
21035,Calloway County,KY,Kentucky,"Calloway County, KY",Expanded Medicaid in 2014,Remote rural,694,5520,12.60,41.30,12.2086255259467041,20.2032109192666022,2410,3143,22,120
21037,Campbell County,KY,Kentucky,"Campbell County, KY",Expanded Medicaid in 2014,Metro,991,7548,13.10,39.90,12.2086255259467041,20.2032109192666022,2304,3143,17,120
21039,Carlisle County,KY,Kentucky,"Carlisle County, KY",Expanded Medicaid in 2014,Remote rural,74,571,13.00,47.20,12.2086255259467041,20.2032109192666022,2325,3143,20,120
21041,Carroll County,KY,Kentucky,"Carroll County, KY",Expanded Medicaid in 2014,"Rural, near a metro",172,1549,11.10,42.70,12.2086255259467041,20.2032109192666022,2772,3143,71,120
21043,Carter County,KY,Kentucky,"Carter County, KY",Expanded Medicaid in 2014,"Rural, near a metro",455,4144,11.00,40.90,12.2086255259467041,20.2032109192666022,2806,3143,75,120
21045,Casey County,KY,Kentucky,"Casey County, KY",Expanded Medicaid in 2014,Remote rural,381,2843,13.40,43.10,12.2086255259467041,20.2032109192666022,2249,3143,16,120
21047,Christian County,KY,Kentucky,"Christian County, KY",Expanded Medicaid in 2014,Metro,1241,10255,12.10,35.70,12.2086255259467041,20.2032109192666022,2521,3143,32,120
21049,Clark County,KY,Kentucky,"Clark County, KY",Expanded Medicaid in 2014,Metro,407,4186,9.70,36.90,12.2086255259467041,20.2032109192666022,3016,3143,116,120
21051,Clay County,KY,Kentucky,"Clay County, KY",Expanded Medicaid in 2014,Remote rural,476,4478,10.60,31.00,12.2086255259467041,20.2032109192666022,2881,3143,93,120
21053,Clinton County,KY,Kentucky,"Clinton County, KY",Expanded Medicaid in 2014,Remote rural,165,1610,10.20,38.00,12.2086255259467041,20.2032109192666022,2952,3143,106,120
21055,Crittenden County,KY,Kentucky,"Crittenden County, KY",Expanded Medicaid in 2014,Remote rural,143,1188,12.00,44.70,12.2086255259467041,20.2032109192666022,2555,3143,39,120
21057,Cumberland County,KY,Kentucky,"Cumberland County, KY",Expanded Medicaid in 2014,Remote rural,128,1072,11.90,41.00,12.2086255259467041,20.2032109192666022,2586,3143,42,120
21059,Daviess County,KY,Kentucky,"Daviess County, KY",Expanded Medicaid in 2014,Metro,1355,11424,11.90,36.70,12.2086255259467041,20.2032109192666022,2586,3143,42,120
21061,Edmonson County,KY,Kentucky,"Edmonson County, KY",Expanded Medicaid in 2014,Metro,199,1671,11.90,45.00,12.2086255259467041,20.2032109192666022,2586,3143,42,120
21063,Elliott County,KY,Kentucky,"Elliott County, KY",Expanded Medicaid in 2014,Remote rural,124,1071,11.60,40.30,12.2086255259467041,20.2032109192666022,2655,3143,54,120
21065,Estill County,KY,Kentucky,"Estill County, KY",Expanded Medicaid in 2014,"Rural, near a metro",289,2421,11.90,38.80,12.2086255259467041,20.2032109192666022,2586,3143,42,120
21067,Fayette County,KY,Kentucky,"Fayette County, KY",Expanded Medicaid in 2014,Metro,6378,40851,15.60,39.90,12.2086255259467041,20.2032109192666022,1805,3143,3,120
21069,Fleming County,KY,Kentucky,"Fleming County, KY",Expanded Medicaid in 2014,Remote rural,318,2593,12.30,45.50,12.2086255259467041,20.2032109192666022,2477,3143,28,120
21071,Floyd County,KY,Kentucky,"Floyd County, KY",Expanded Medicaid in 2014,Remote rural,714,6716,10.60,34.70,12.2086255259467041,20.2032109192666022,2881,3143,93,120
21073,Franklin County,KY,Kentucky,"Franklin County, KY",Expanded Medicaid in 2014,"Rural, near a metro",631,5660,11.10,43.50,12.2086255259467041,20.2032109192666022,2772,3143,71,120
21075,Fulton County,KY,Kentucky,"Fulton County, KY",Expanded Medicaid in 2014,Remote rural,102,1062,9.60,33.10,12.2086255259467041,20.2032109192666022,3027,3143,118,120
21077,Gallatin County,KY,Kentucky,"Gallatin County, KY",Expanded Medicaid in 2014,Metro,144,1145,12.60,41.30,12.2086255259467041,20.2032109192666022,2410,3143,22,120
21079,Garrard County,KY,Kentucky,"Garrard County, KY",Expanded Medicaid in 2014,"Rural, near a metro",359,2380,15.10,45.00,12.2086255259467041,20.2032109192666022,1877,3143,5,120
21081,Grant County,KY,Kentucky,"Grant County, KY",Expanded Medicaid in 2014,Metro,330,3134,10.50,38.30,12.2086255259467041,20.2032109192666022,2897,3143,96,120
21083,Graves County,KY,Kentucky,"Graves County, KY",Expanded Medicaid in 2014,Remote rural,606,5055,12.00,45.70,12.2086255259467041,20.2032109192666022,2555,3143,39,120
21085,Grayson County,KY,Kentucky,"Grayson County, KY",Expanded Medicaid in 2014,"Rural, near a metro",457,3791,12.10,43.10,12.2086255259467041,20.2032109192666022,2521,3143,32,120
21087,Green County,KY,Kentucky,"Green County, KY",Expanded Medicaid in 2014,"Rural, near a metro",237,2024,11.70,42.70,12.2086255259467041,20.2032109192666022,2631,3143,50,120
21089,Greenup County,KY,Kentucky,"Greenup County, KY",Expanded Medicaid in 2014,Metro,492,4209,11.70,44.30,12.2086255259467041,20.2032109192666022,2631,3143,50,120
21091,Hancock County,KY,Kentucky,"Hancock County, KY",Expanded Medicaid in 2014,Metro,115,954,12.10,41.80,12.2086255259467041,20.2032109192666022,2521,3143,32,120
21093,Hardin County,KY,Kentucky,"Hardin County, KY",Expanded Medicaid in 2014,Metro,1539,12488,12.30,38.40,12.2086255259467041,20.2032109192666022,2477,3143,28,120
21095,Harlan County,KY,Kentucky,"Harlan County, KY",Expanded Medicaid in 2014,Remote rural,545,5413,10.10,37.10,12.2086255259467041,20.2032109192666022,2968,3143,109,120
21097,Harrison County,KY,Kentucky,"Harrison County, KY",Expanded Medicaid in 2014,"Rural, near a metro",274,2538,10.80,40.90,12.2086255259467041,20.2032109192666022,2845,3143,86,120
21099,Hart County,KY,Kentucky,"Hart County, KY",Expanded Medicaid in 2014,"Rural, near a metro",410,3310,12.40,42.60,12.2086255259467041,20.2032109192666022,2449,3143,25,120
21101,Henderson County,KY,Kentucky,"Henderson County, KY",Expanded Medicaid in 2014,Metro,630,5494,11.50,37.10,12.2086255259467041,20.2032109192666022,2684,3143,56,120
21103,Henry County,KY,Kentucky,"Henry County, KY",Expanded Medicaid in 2014,Metro,239,1922,12.40,43.10,12.2086255259467041,20.2032109192666022,2449,3143,25,120
21105,Hickman County,KY,Kentucky,"Hickman County, KY",Expanded Medicaid in 2014,Remote rural,69,570,12.10,43.10,12.2086255259467041,20.2032109192666022,2521,3143,32,120
21107,Hopkins County,KY,Kentucky,"Hopkins County, KY",Expanded Medicaid in 2014,Remote rural,702,5791,12.10,40.00,12.2086255259467041,20.2032109192666022,2521,3143,32,120
21109,Jackson County,KY,Kentucky,"Jackson County, KY",Expanded Medicaid in 2014,Remote rural,283,2353,12.00,39.00,12.2086255259467041,20.2032109192666022,2555,3143,39,120
21111,Jefferson County,KY,Kentucky,"Jefferson County, KY",Expanded Medicaid in 2014,Metro,11713,86810,13.50,41.80,12.2086255259467041,20.2032109192666022,2220,3143,14,120
21113,Jessamine County,KY,Kentucky,"Jessamine County, KY",Expanded Medicaid in 2014,Metro,789,5591,14.10,43.30,12.2086255259467041,20.2032109192666022,2076,3143,9,120
21115,Johnson County,KY,Kentucky,"Johnson County, KY",Expanded Medicaid in 2014,Remote rural,454,4182,10.90,35.90,12.2086255259467041,20.2032109192666022,2826,3143,82,120
21117,Kenton County,KY,Kentucky,"Kenton County, KY",Expanded Medicaid in 2014,Metro,1617,14742,11.00,41.10,12.2086255259467041,20.2032109192666022,2806,3143,75,120
21119,Knott County,KY,Kentucky,"Knott County, KY",Expanded Medicaid in 2014,Remote rural,270,2505,10.80,35.90,12.2086255259467041,20.2032109192666022,2845,3143,86,120
21121,Knox County,KY,Kentucky,"Knox County, KY",Expanded Medicaid in 2014,Remote rural,679,6639,10.20,36.00,12.2086255259467041,20.2032109192666022,2952,3143,106,120
21123,Larue County,KY,Kentucky,"Larue County, KY",Expanded Medicaid in 2014,Metro,253,2193,11.50,42.80,12.2086255259467041,20.2032109192666022,2684,3143,56,120
21125,Laurel County,KY,Kentucky,"Laurel County, KY",Expanded Medicaid in 2014,Remote rural,1091,10186,10.70,39.10,12.2086255259467041,20.2032109192666022,2864,3143,90,120
21127,Lawrence County,KY,Kentucky,"Lawrence County, KY",Expanded Medicaid in 2014,"Rural, near a metro",287,2768,10.40,38.20,12.2086255259467041,20.2032109192666022,2904,3143,97,120
21129,Lee County,KY,Kentucky,"Lee County, KY",Expanded Medicaid in 2014,Remote rural,159,1439,11.00,34.70,12.2086255259467041,20.2032109192666022,2806,3143,75,120
21131,Leslie County,KY,Kentucky,"Leslie County, KY",Expanded Medicaid in 2014,Remote rural,186,1814,10.30,36.90,12.2086255259467041,20.2032109192666022,2929,3143,100,120
21133,Letcher County,KY,Kentucky,"Letcher County, KY",Expanded Medicaid in 2014,Remote rural,449,4112,10.90,35.70,12.2086255259467041,20.2032109192666022,2826,3143,82,120
21135,Lewis County,KY,Kentucky,"Lewis County, KY",Expanded Medicaid in 2014,"Rural, near a metro",297,2378,12.50,41.10,12.2086255259467041,20.2032109192666022,2428,3143,24,120
21137,Lincoln County,KY,Kentucky,"Lincoln County, KY",Expanded Medicaid in 2014,Remote rural,453,3750,12.10,43.30,12.2086255259467041,20.2032109192666022,2521,3143,32,120
21139,Livingston County,KY,Kentucky,"Livingston County, KY",Expanded Medicaid in 2014,Remote rural,123,1086,11.30,46.50,12.2086255259467041,20.2032109192666022,2732,3143,64,120
21141,Logan County,KY,Kentucky,"Logan County, KY",Expanded Medicaid in 2014,"Rural, near a metro",372,3492,10.70,43.40,12.2086255259467041,20.2032109192666022,2864,3143,90,120
21143,Lyon County,KY,Kentucky,"Lyon County, KY",Expanded Medicaid in 2014,Remote rural,103,729,14.10,44.70,12.2086255259467041,20.2032109192666022,2076,3143,9,120
21145,McCracken County,KY,Kentucky,"McCracken County, KY",Expanded Medicaid in 2014,Remote rural,854,8262,10.30,38.50,12.2086255259467041,20.2032109192666022,2929,3143,100,120
21147,McCreary County,KY,Kentucky,"McCreary County, KY",Expanded Medicaid in 2014,Remote rural,425,3772,11.30,36.40,12.2086255259467041,20.2032109192666022,2732,3143,64,120
21149,McLean County,KY,Kentucky,"McLean County, KY",Expanded Medicaid in 2014,Metro,114,993,11.50,42.80,12.2086255259467041,20.2032109192666022,2684,3143,56,120
21151,Madison County,KY,Kentucky,"Madison County, KY",Expanded Medicaid in 2014,"Rural, near a metro",1510,12688,11.90,35.80,12.2086255259467041,20.2032109192666022,2586,3143,42,120
21153,Magoffin County,KY,Kentucky,"Magoffin County, KY",Expanded Medicaid in 2014,Remote rural,256,2340,10.90,38.80,12.2086255259467041,20.2032109192666022,2826,3143,82,120
21155,Marion County,KY,Kentucky,"Marion County, KY",Expanded Medicaid in 2014,Remote rural,296,2701,11.00,39.10,12.2086255259467041,20.2032109192666022,2806,3143,75,120
21157,Marshall County,KY,Kentucky,"Marshall County, KY",Expanded Medicaid in 2014,Remote rural,372,3299,11.30,42.60,12.2086255259467041,20.2032109192666022,2732,3143,64,120
21159,Martin County,KY,Kentucky,"Martin County, KY",Expanded Medicaid in 2014,Remote rural,199,1849,10.80,33.20,12.2086255259467041,20.2032109192666022,2845,3143,86,120
21161,Mason County,KY,Kentucky,"Mason County, KY",Expanded Medicaid in 2014,"Rural, near a metro",236,2346,10.10,38.70,12.2086255259467041,20.2032109192666022,2968,3143,109,120
21165,Menifee County,KY,Kentucky,"Menifee County, KY",Expanded Medicaid in 2014,Remote rural,123,1135,10.80,41.20,12.2086255259467041,20.2032109192666022,2845,3143,86,120
21167,Mercer County,KY,Kentucky,"Mercer County, KY",Expanded Medicaid in 2014,"Rural, near a metro",354,2722,13.00,40.00,12.2086255259467041,20.2032109192666022,2325,3143,20,120
21169,Metcalfe County,KY,Kentucky,"Metcalfe County, KY",Expanded Medicaid in 2014,Remote rural,197,1921,10.30,42.30,12.2086255259467041,20.2032109192666022,2929,3143,100,120
21171,Monroe County,KY,Kentucky,"Monroe County, KY",Expanded Medicaid in 2014,"Rural, near a metro",214,1867,11.50,41.50,12.2086255259467041,20.2032109192666022,2684,3143,56,120
21173,Montgomery County,KY,Kentucky,"Montgomery County, KY",Expanded Medicaid in 2014,"Rural, near a metro",439,4094,10.70,41.20,12.2086255259467041,20.2032109192666022,2864,3143,90,120
21175,Morgan County,KY,Kentucky,"Morgan County, KY",Expanded Medicaid in 2014,Remote rural,240,2089,11.50,38.10,12.2086255259467041,20.2032109192666022,2684,3143,56,120
21177,Muhlenberg County,KY,Kentucky,"Muhlenberg County, KY",Expanded Medicaid in 2014,"Rural, near a metro",420,3795,11.10,42.10,12.2086255259467041,20.2032109192666022,2772,3143,71,120
21179,Nelson County,KY,Kentucky,"Nelson County, KY",Expanded Medicaid in 2014,"Rural, near a metro",492,4633,10.60,43.00,12.2086255259467041,20.2032109192666022,2881,3143,93,120
21181,Nicholas County,KY,Kentucky,"Nicholas County, KY",Expanded Medicaid in 2014,"Rural, near a metro",157,1300,12.10,43.80,12.2086255259467041,20.2032109192666022,2521,3143,32,120
21183,Ohio County,KY,Kentucky,"Ohio County, KY",Expanded Medicaid in 2014,"Rural, near a metro",438,3193,13.70,40.80,12.2086255259467041,20.2032109192666022,2176,3143,13,120
21185,Oldham County,KY,Kentucky,"Oldham County, KY",Expanded Medicaid in 2014,Metro,341,3104,11.00,51.40,12.2086255259467041,20.2032109192666022,2806,3143,75,120
21187,Owen County,KY,Kentucky,"Owen County, KY",Expanded Medicaid in 2014,"Rural, near a metro",160,1395,11.50,42.40,12.2086255259467041,20.2032109192666022,2684,3143,56,120
21189,Owsley County,KY,Kentucky,"Owsley County, KY",Expanded Medicaid in 2014,Remote rural,83,850,9.80,34.90,12.2086255259467041,20.2032109192666022,3004,3143,113,120
21191,Pendleton County,KY,Kentucky,"Pendleton County, KY",Expanded Medicaid in 2014,Metro,219,1861,11.80,40.80,12.2086255259467041,20.2032109192666022,2605,3143,48,120
21193,Perry County,KY,Kentucky,"Perry County, KY",Expanded Medicaid in 2014,Remote rural,480,5061,9.50,35.60,12.2086255259467041,20.2032109192666022,3041,3143,120,120
21195,Pike County,KY,Kentucky,"Pike County, KY",Expanded Medicaid in 2014,Remote rural,975,9575,10.20,35.90,12.2086255259467041,20.2032109192666022,2952,3143,106,120
21197,Powell County,KY,Kentucky,"Powell County, KY",Expanded Medicaid in 2014,"Rural, near a metro",260,2317,11.20,37.40,12.2086255259467041,20.2032109192666022,2753,3143,68,120
21199,Pulaski County,KY,Kentucky,"Pulaski County, KY",Expanded Medicaid in 2014,Remote rural,1231,10355,11.90,37.30,12.2086255259467041,20.2032109192666022,2586,3143,42,120
21201,Robertson County,KY,Kentucky,"Robertson County, KY",Expanded Medicaid in 2014,"Rural, near a metro",38,307,12.40,42.50,12.2086255259467041,20.2032109192666022,2449,3143,25,120
21203,Rockcastle County,KY,Kentucky,"Rockcastle County, KY",Expanded Medicaid in 2014,Remote rural,295,2691,11.00,38.10,12.2086255259467041,20.2032109192666022,2806,3143,75,120
21205,Rowan County,KY,Kentucky,"Rowan County, KY",Expanded Medicaid in 2014,Remote rural,402,4088,9.80,37.40,12.2086255259467041,20.2032109192666022,3004,3143,113,120
21207,Russell County,KY,Kentucky,"Russell County, KY",Expanded Medicaid in 2014,Remote rural,288,2800,10.30,42.10,12.2086255259467041,20.2032109192666022,2929,3143,100,120
21209,Scott County,KY,Kentucky,"Scott County, KY",Expanded Medicaid in 2014,Metro,561,4938,11.40,45.20,12.2086255259467041,20.2032109192666022,2715,3143,62,120
21211,Shelby County,KY,Kentucky,"Shelby County, KY",Expanded Medicaid in 2014,Metro,663,4130,16.10,52.00,12.2086255259467041,20.2032109192666022,1742,3143,2,120
21213,Simpson County,KY,Kentucky,"Simpson County, KY",Expanded Medicaid in 2014,"Rural, near a metro",299,2567,11.60,38.20,12.2086255259467041,20.2032109192666022,2655,3143,54,120
21215,Spencer County,KY,Kentucky,"Spencer County, KY",Expanded Medicaid in 2014,Metro,200,1444,13.90,47.60,12.2086255259467041,20.2032109192666022,2127,3143,11,120
21217,Taylor County,KY,Kentucky,"Taylor County, KY",Expanded Medicaid in 2014,Remote rural,335,3466,9.70,40.20,12.2086255259467041,20.2032109192666022,3016,3143,116,120
21219,Todd County,KY,Kentucky,"Todd County, KY",Expanded Medicaid in 2014,"Rural, near a metro",271,1664,16.30,50.00,12.2086255259467041,20.2032109192666022,1722,3143,1,120
21221,Trigg County,KY,Kentucky,"Trigg County, KY",Expanded Medicaid in 2014,Metro,268,1865,14.40,47.30,12.2086255259467041,20.2032109192666022,2007,3143,7,120
21223,Trimble County,KY,Kentucky,"Trimble County, KY",Expanded Medicaid in 2014,Metro,127,1033,12.30,43.90,12.2086255259467041,20.2032109192666022,2477,3143,28,120
21225,Union County,KY,Kentucky,"Union County, KY",Expanded Medicaid in 2014,"Rural, near a metro",187,1691,11.10,40.20,12.2086255259467041,20.2032109192666022,2772,3143,71,120
21227,Warren County,KY,Kentucky,"Warren County, KY",Expanded Medicaid in 2014,Metro,2983,21055,14.20,42.20,12.2086255259467041,20.2032109192666022,2058,3143,8,120
21229,Washington County,KY,Kentucky,"Washington County, KY",Expanded Medicaid in 2014,Remote rural,150,1528,9.80,43.80,12.2086255259467041,20.2032109192666022,3004,3143,113,120
21231,Wayne County,KY,Kentucky,"Wayne County, KY",Expanded Medicaid in 2014,Remote rural,406,3435,11.80,37.80,12.2086255259467041,20.2032109192666022,2605,3143,48,120
21233,Webster County,KY,Kentucky,"Webster County, KY",Expanded Medicaid in 2014,"Rural, near a metro",231,1561,14.80,42.20,12.2086255259467041,20.2032109192666022,1923,3143,6,120
21235,Whitley County,KY,Kentucky,"Whitley County, KY",Expanded Medicaid in 2014,Remote rural,645,6244,10.30,33.30,12.2086255259467041,20.2032109192666022,2929,3143,100,120
21237,Wolfe County,KY,Kentucky,"Wolfe County, KY",Expanded Medicaid in 2014,Remote rural,146,1295,11.30,31.30,12.2086255259467041,20.2032109192666022,2732,3143,64,120
21239,Woodford County,KY,Kentucky,"Woodford County, KY",Expanded Medicaid in 2014,Metro,349,2263,15.40,49.00,12.2086255259467041,20.2032109192666022,1838,3143,4,120
22001,Acadia Parish,LA,Louisiana,"Acadia Parish, LA",Expanded Medicaid in 2017,Metro,1387,9505,14.60,41.20,15.7076993857079910,20.2032109192666022,1960,3143,22,64
22003,Allen Parish,LA,Louisiana,"Allen Parish, LA",Expanded Medicaid in 2017,"Rural, near a metro",332,2735,12.10,41.50,15.7076993857079910,20.2032109192666022,2521,3143,60,64
22005,Ascension Parish,LA,Louisiana,"Ascension Parish, LA",Expanded Medicaid in 2017,Metro,1792,10586,16.90,49.90,15.7076993857079910,20.2032109192666022,1650,3143,5,64
22007,Assumption Parish,LA,Louisiana,"Assumption Parish, LA",Expanded Medicaid in 2017,"Rural, near a metro",430,2608,16.50,47.00,15.7076993857079910,20.2032109192666022,1702,3143,7,64
22009,Avoyelles Parish,LA,Louisiana,"Avoyelles Parish, LA",Expanded Medicaid in 2017,"Rural, near a metro",869,6298,13.80,41.30,15.7076993857079910,20.2032109192666022,2156,3143,37,64
22011,Beauregard Parish,LA,Louisiana,"Beauregard Parish, LA",Expanded Medicaid in 2017,"Rural, near a metro",524,3980,13.20,46.50,15.7076993857079910,20.2032109192666022,2283,3143,50,64
22013,Bienville Parish,LA,Louisiana,"Bienville Parish, LA",Expanded Medicaid in 2017,"Rural, near a metro",302,2221,13.60,41.80,15.7076993857079910,20.2032109192666022,2201,3143,44,64
22015,Bossier Parish,LA,Louisiana,"Bossier Parish, LA",Expanded Medicaid in 2017,Metro,2486,15983,15.60,44.60,15.7076993857079910,20.2032109192666022,1805,3143,13,64
22017,Caddo Parish,LA,Louisiana,"Caddo Parish, LA",Expanded Medicaid in 2017,Metro,5303,36119,14.70,41.30,15.7076993857079910,20.2032109192666022,1946,3143,19,64
22019,Calcasieu Parish,LA,Louisiana,"Calcasieu Parish, LA",Expanded Medicaid in 2017,Metro,3672,24712,14.90,44.60,15.7076993857079910,20.2032109192666022,1907,3143,17,64
22021,Caldwell Parish,LA,Louisiana,"Caldwell Parish, LA",Expanded Medicaid in 2017,"Rural, near a metro",206,1496,13.80,44.80,15.7076993857079910,20.2032109192666022,2156,3143,37,64
22023,Cameron Parish,LA,Louisiana,"Cameron Parish, LA",Expanded Medicaid in 2017,Metro,67,423,15.80,54.00,15.7076993857079910,20.2032109192666022,1787,3143,10,64
22025,Catahoula Parish,LA,Louisiana,"Catahoula Parish, LA",Expanded Medicaid in 2017,Remote rural,186,1355,13.70,46.90,15.7076993857079910,20.2032109192666022,2176,3143,41,64
22027,Claiborne Parish,LA,Louisiana,"Claiborne Parish, LA",Expanded Medicaid in 2017,"Rural, near a metro",288,2112,13.60,41.70,15.7076993857079910,20.2032109192666022,2201,3143,44,64
22029,Concordia Parish,LA,Louisiana,"Concordia Parish, LA",Expanded Medicaid in 2017,Remote rural,374,3181,11.80,44.40,15.7076993857079910,20.2032109192666022,2605,3143,63,64
22031,De Soto Parish,LA,Louisiana,"De Soto Parish, LA",Expanded Medicaid in 2017,Metro,495,3539,14.00,45.10,15.7076993857079910,20.2032109192666022,2103,3143,31,64
22033,East Baton Rouge Parish,LA,Louisiana,"East Baton Rouge Parish, LA",Expanded Medicaid in 2017,Metro,9676,61656,15.70,39.80,15.7076993857079910,20.2032109192666022,1798,3143,12,64
22035,East Carroll Parish,LA,Louisiana,"East Carroll Parish, LA",Expanded Medicaid in 2017,Remote rural,153,1259,12.20,36.00,15.7076993857079910,20.2032109192666022,2494,3143,59,64
22037,East Feliciana Parish,LA,Louisiana,"East Feliciana Parish, LA",Expanded Medicaid in 2017,Metro,263,2059,12.80,44.00,15.7076993857079910,20.2032109192666022,2369,3143,54,64
22039,Evangeline Parish,LA,Louisiana,"Evangeline Parish, LA",Expanded Medicaid in 2017,"Rural, near a metro",790,5550,14.20,36.50,15.7076993857079910,20.2032109192666022,2058,3143,29,64
22041,Franklin Parish,LA,Louisiana,"Franklin Parish, LA",Expanded Medicaid in 2017,Remote rural,488,3568,13.70,44.70,15.7076993857079910,20.2032109192666022,2176,3143,41,64
22043,Grant Parish,LA,Louisiana,"Grant Parish, LA",Expanded Medicaid in 2017,Metro,346,2498,13.90,43.40,15.7076993857079910,20.2032109192666022,2127,3143,34,64
22045,Iberia Parish,LA,Louisiana,"Iberia Parish, LA",Expanded Medicaid in 2017,Metro,1543,10686,14.40,44.70,15.7076993857079910,20.2032109192666022,2007,3143,26,64
22047,Iberville Parish,LA,Louisiana,"Iberville Parish, LA",Expanded Medicaid in 2017,Metro,507,3618,14.00,38.90,15.7076993857079910,20.2032109192666022,2103,3143,31,64
22049,Jackson Parish,LA,Louisiana,"Jackson Parish, LA",Expanded Medicaid in 2017,"Rural, near a metro",296,2037,14.50,41.10,15.7076993857079910,20.2032109192666022,1985,3143,25,64
22051,Jefferson Parish,LA,Louisiana,"Jefferson Parish, LA",Expanded Medicaid in 2017,Metro,12354,53437,23.10,47.60,15.7076993857079910,20.2032109192666022,929,3143,1,64
22053,Jefferson Davis Parish,LA,Louisiana,"Jefferson Davis Parish, LA",Expanded Medicaid in 2017,"Rural, near a metro",605,4237,14.30,44.80,15.7076993857079910,20.2032109192666022,2031,3143,28,64
22055,Lafayette Parish,LA,Louisiana,"Lafayette Parish, LA",Expanded Medicaid in 2017,Metro,6433,31244,20.60,45.60,15.7076993857079910,20.2032109192666022,1243,3143,2,64
22057,Lafourche Parish,LA,Louisiana,"Lafourche Parish, LA",Expanded Medicaid in 2017,Metro,1643,11802,13.90,46.40,15.7076993857079910,20.2032109192666022,2127,3143,34,64
22059,La Salle Parish,LA,Louisiana,"La Salle Parish, LA",Expanded Medicaid in 2017,"Rural, near a metro",218,1534,14.20,46.80,15.7076993857079910,20.2032109192666022,2058,3143,29,64
22061,Lincoln Parish,LA,Louisiana,"Lincoln Parish, LA",Expanded Medicaid in 2017,"Rural, near a metro",1234,8937,13.80,43.90,15.7076993857079910,20.2032109192666022,2156,3143,37,64
22063,Livingston Parish,LA,Louisiana,"Livingston Parish, LA",Expanded Medicaid in 2017,Metro,2840,15878,17.90,46.90,15.7076993857079910,20.2032109192666022,1535,3143,3,64
22065,Madison Parish,LA,Louisiana,"Madison Parish, LA",Expanded Medicaid in 2017,Remote rural,258,2145,12.00,41.40,15.7076993857079910,20.2032109192666022,2555,3143,62,64
22067,Morehouse Parish,LA,Louisiana,"Morehouse Parish, LA",Expanded Medicaid in 2017,"Rural, near a metro",528,4484,11.80,38.60,15.7076993857079910,20.2032109192666022,2605,3143,63,64
22069,Natchitoches Parish,LA,Louisiana,"Natchitoches Parish, LA",Expanded Medicaid in 2017,"Rural, near a metro",774,6375,12.10,39.40,15.7076993857079910,20.2032109192666022,2521,3143,60,64
22071,Orleans Parish,LA,Louisiana,"Orleans Parish, LA",Expanded Medicaid in 2017,Metro,7443,56225,13.20,36.50,15.7076993857079910,20.2032109192666022,2283,3143,50,64
22073,Ouachita Parish,LA,Louisiana,"Ouachita Parish, LA",Expanded Medicaid in 2017,Metro,3639,24974,14.60,40.40,15.7076993857079910,20.2032109192666022,1960,3143,22,64
22075,Plaquemines Parish,LA,Louisiana,"Plaquemines Parish, LA",Expanded Medicaid in 2017,Metro,387,2452,15.80,46.50,15.7076993857079910,20.2032109192666022,1787,3143,10,64
22077,Pointe Coupee Parish,LA,Louisiana,"Pointe Coupee Parish, LA",Expanded Medicaid in 2017,Metro,355,2384,14.90,45.40,15.7076993857079910,20.2032109192666022,1907,3143,17,64
22079,Rapides Parish,LA,Louisiana,"Rapides Parish, LA",Expanded Medicaid in 2017,Metro,2684,17370,15.50,39.00,15.7076993857079910,20.2032109192666022,1820,3143,14,64
22081,Red River Parish,LA,Louisiana,"Red River Parish, LA",Expanded Medicaid in 2017,"Rural, near a metro",146,1168,12.50,46.50,15.7076993857079910,20.2032109192666022,2428,3143,57,64
22083,Richland Parish,LA,Louisiana,"Richland Parish, LA",Expanded Medicaid in 2017,"Rural, near a metro",482,3440,14.00,42.30,15.7076993857079910,20.2032109192666022,2103,3143,31,64
22085,Sabine Parish,LA,Louisiana,"Sabine Parish, LA",Expanded Medicaid in 2017,"Rural, near a metro",464,3342,13.90,47.80,15.7076993857079910,20.2032109192666022,2127,3143,34,64
22087,St. Bernard Parish,LA,Louisiana,"St. Bernard Parish, LA",Expanded Medicaid in 2017,Metro,1195,7498,15.90,41.20,15.7076993857079910,20.2032109192666022,1769,3143,8,64
22089,St. Charles Parish,LA,Louisiana,"St. Charles Parish, LA",Expanded Medicaid in 2017,Metro,688,4122,16.70,49.40,15.7076993857079910,20.2032109192666022,1680,3143,6,64
22091,St. Helena Parish,LA,Louisiana,"St. Helena Parish, LA",Expanded Medicaid in 2017,Metro,304,1908,15.90,49.30,15.7076993857079910,20.2032109192666022,1769,3143,8,64
22093,St. James Parish,LA,Louisiana,"St. James Parish, LA",Expanded Medicaid in 2017,Metro,260,2006,13.00,47.30,15.7076993857079910,20.2032109192666022,2325,3143,53,64
22095,St. John the Baptist Parish,LA,Louisiana,"St. John the Baptist Parish, LA",Expanded Medicaid in 2017,Metro,777,5277,14.70,46.00,15.7076993857079910,20.2032109192666022,1946,3143,19,64
22097,St. Landry Parish,LA,Louisiana,"St. Landry Parish, LA",Expanded Medicaid in 2017,"Rural, near a metro",1957,14321,13.70,37.70,15.7076993857079910,20.2032109192666022,2176,3143,41,64
22099,St. Martin Parish,LA,Louisiana,"St. Martin Parish, LA",Expanded Medicaid in 2017,Metro,1079,7376,14.60,46.10,15.7076993857079910,20.2032109192666022,1960,3143,22,64
22101,St. Mary Parish,LA,Louisiana,"St. Mary Parish, LA",Expanded Medicaid in 2017,"Rural, near a metro",1037,7225,14.40,47.70,15.7076993857079910,20.2032109192666022,2007,3143,26,64
22103,St. Tammany Parish,LA,Louisiana,"St. Tammany Parish, LA",Expanded Medicaid in 2017,Metro,4425,24689,17.90,52.20,15.7076993857079910,20.2032109192666022,1535,3143,3,64
22105,Tangipahoa Parish,LA,Louisiana,"Tangipahoa Parish, LA",Expanded Medicaid in 2017,Metro,2899,19698,14.70,43.90,15.7076993857079910,20.2032109192666022,1946,3143,19,64
22107,Tensas Parish,LA,Louisiana,"Tensas Parish, LA",Expanded Medicaid in 2017,Remote rural,98,735,13.30,40.30,15.7076993857079910,20.2032109192666022,2263,3143,48,64
22109,Terrebonne Parish,LA,Louisiana,"Terrebonne Parish, LA",Expanded Medicaid in 2017,Metro,1725,13003,13.30,44.80,15.7076993857079910,20.2032109192666022,2263,3143,48,64
22111,Union Parish,LA,Louisiana,"Union Parish, LA",Expanded Medicaid in 2017,Metro,463,3013,15.40,46.30,15.7076993857079910,20.2032109192666022,1838,3143,15,64
22113,Vermilion Parish,LA,Louisiana,"Vermilion Parish, LA",Expanded Medicaid in 2017,Metro,1238,8052,15.40,48.20,15.7076993857079910,20.2032109192666022,1838,3143,15,64
22115,Vernon Parish,LA,Louisiana,"Vernon Parish, LA",Expanded Medicaid in 2017,Remote rural,805,6416,12.50,35.00,15.7076993857079910,20.2032109192666022,2428,3143,57,64
22117,Washington Parish,LA,Louisiana,"Washington Parish, LA",Expanded Medicaid in 2017,"Rural, near a metro",1007,7699,13.10,42.20,15.7076993857079910,20.2032109192666022,2304,3143,52,64
22119,Webster Parish,LA,Louisiana,"Webster Parish, LA",Expanded Medicaid in 2017,Metro,815,6026,13.50,45.00,15.7076993857079910,20.2032109192666022,2220,3143,46,64
22121,West Baton Rouge Parish,LA,Louisiana,"West Baton Rouge Parish, LA",Expanded Medicaid in 2017,Metro,380,2810,13.50,41.80,15.7076993857079910,20.2032109192666022,2220,3143,46,64
22123,West Carroll Parish,LA,Louisiana,"West Carroll Parish, LA",Expanded Medicaid in 2017,Remote rural,200,1450,13.80,46.10,15.7076993857079910,20.2032109192666022,2156,3143,37,64
22125,West Feliciana Parish,LA,Louisiana,"West Feliciana Parish, LA",Expanded Medicaid in 2017,Metro,125,990,12.60,42.60,15.7076993857079910,20.2032109192666022,2410,3143,56,64
22127,Winn Parish,LA,Louisiana,"Winn Parish, LA",Expanded Medicaid in 2017,"Rural, near a metro",224,1770,12.70,42.40,15.7076993857079910,20.2032109192666022,2387,3143,55,64
23001,Androscoggin County,ME,Maine,"Androscoggin County, ME",Expanded Medicaid in 2019,Metro,1467,11174,13.10,25.50,14.1460600199904111,20.2032109192666022,2304,3143,14,16
23003,Aroostook County,ME,Maine,"Aroostook County, ME",Expanded Medicaid in 2019,Remote rural,932,7483,12.50,26.60,14.1460600199904111,20.2032109192666022,2428,3143,16,16
23005,Cumberland County,ME,Maine,"Cumberland County, ME",Expanded Medicaid in 2019,Metro,2899,19128,15.20,28.80,14.1460600199904111,20.2032109192666022,1863,3143,3,16
23007,Franklin County,ME,Maine,"Franklin County, ME",Expanded Medicaid in 2019,"Rural, near a metro",470,3212,14.60,28.90,14.1460600199904111,20.2032109192666022,1960,3143,5,16
23009,Hancock County,ME,Maine,"Hancock County, ME",Expanded Medicaid in 2019,"Rural, near a metro",903,5137,17.60,33.40,14.1460600199904111,20.2032109192666022,1584,3143,1,16
23011,Kennebec County,ME,Maine,"Kennebec County, ME",Expanded Medicaid in 2019,"Rural, near a metro",1615,12461,13.00,27.00,14.1460600199904111,20.2032109192666022,2325,3143,15,16
23013,Knox County,ME,Maine,"Knox County, ME",Expanded Medicaid in 2019,Remote rural,558,3356,16.60,30.50,14.1460600199904111,20.2032109192666022,1693,3143,2,16
23015,Lincoln County,ME,Maine,"Lincoln County, ME",Expanded Medicaid in 2019,"Rural, near a metro",406,2827,14.40,34.70,14.1460600199904111,20.2032109192666022,2007,3143,6,16
23017,Oxford County,ME,Maine,"Oxford County, ME",Expanded Medicaid in 2019,"Rural, near a metro",1069,7047,15.20,28.30,14.1460600199904111,20.2032109192666022,1863,3143,3,16
23019,Penobscot County,ME,Maine,"Penobscot County, ME",Expanded Medicaid in 2019,Metro,2379,17386,13.70,26.70,14.1460600199904111,20.2032109192666022,2176,3143,11,16
23021,Piscataquis County,ME,Maine,"Piscataquis County, ME",Expanded Medicaid in 2019,"Rural, near a metro",279,2103,13.30,30.40,14.1460600199904111,20.2032109192666022,2263,3143,13,16
23023,Sagadahoc County,ME,Maine,"Sagadahoc County, ME",Expanded Medicaid in 2019,Metro,395,2859,13.80,27.20,14.1460600199904111,20.2032109192666022,2156,3143,9,16
23025,Somerset County,ME,Maine,"Somerset County, ME",Expanded Medicaid in 2019,"Rural, near a metro",959,6637,14.40,26.90,14.1460600199904111,20.2032109192666022,2007,3143,6,16
23027,Waldo County,ME,Maine,"Waldo County, ME",Expanded Medicaid in 2019,"Rural, near a metro",550,3908,14.10,28.20,14.1460600199904111,20.2032109192666022,2076,3143,8,16
23029,Washington County,ME,Maine,"Washington County, ME",Expanded Medicaid in 2019,Remote rural,563,4158,13.50,29.10,14.1460600199904111,20.2032109192666022,2220,3143,12,16
23031,York County,ME,Maine,"York County, ME",Expanded Medicaid in 2019,Metro,1964,14183,13.80,27.80,14.1460600199904111,20.2032109192666022,2156,3143,9,16
24001,Allegany County,MD,Maryland,"Allegany County, MD",Expanded Medicaid in 2014,Metro,863,8504,10.10,20.40,17.2213916245104885,20.2032109192666022,2968,3143,24,24
24003,Anne Arundel County,MD,Maryland,"Anne Arundel County, MD",Expanded Medicaid in 2014,Metro,4660,28444,16.40,28.00,17.2213916245104885,20.2032109192666022,1709,3143,5,24
24005,Baltimore County,MD,Maryland,"Baltimore County, MD",Expanded Medicaid in 2014,Metro,9921,64820,15.30,29.10,17.2213916245104885,20.2032109192666022,1851,3143,9,24
24009,Calvert County,MD,Maryland,"Calvert County, MD",Expanded Medicaid in 2014,Metro,481,3984,12.10,28.80,17.2213916245104885,20.2032109192666022,2521,3143,20,24
24011,Caroline County,MD,Maryland,"Caroline County, MD",Expanded Medicaid in 2014,"Rural, near a metro",627,3888,16.10,27.80,17.2213916245104885,20.2032109192666022,1742,3143,7,24
24013,Carroll County,MD,Maryland,"Carroll County, MD",Expanded Medicaid in 2014,Metro,993,7378,13.50,28.40,17.2213916245104885,20.2032109192666022,2220,3143,13,24
24015,Cecil County,MD,Maryland,"Cecil County, MD",Expanded Medicaid in 2014,Metro,1017,9164,11.10,24.50,17.2213916245104885,20.2032109192666022,2772,3143,22,24
24017,Charles County,MD,Maryland,"Charles County, MD",Expanded Medicaid in 2014,Metro,1433,9442,15.20,26.90,17.2213916245104885,20.2032109192666022,1863,3143,10,24
24019,Dorchester County,MD,Maryland,"Dorchester County, MD",Expanded Medicaid in 2014,"Rural, near a metro",541,4112,13.20,24.40,17.2213916245104885,20.2032109192666022,2283,3143,15,24
24021,Frederick County,MD,Maryland,"Frederick County, MD",Expanded Medicaid in 2014,Metro,2660,14180,18.80,30.90,17.2213916245104885,20.2032109192666022,1441,3143,3,24
24023,Garrett County,MD,Maryland,"Garrett County, MD",Expanded Medicaid in 2014,"Rural, near a metro",344,2749,12.50,24.40,17.2213916245104885,20.2032109192666022,2428,3143,18,24
24025,Harford County,MD,Maryland,"Harford County, MD",Expanded Medicaid in 2014,Metro,1863,14549,12.80,25.80,17.2213916245104885,20.2032109192666022,2369,3143,17,24
24027,Howard County,MD,Maryland,"Howard County, MD",Expanded Medicaid in 2014,Metro,2348,13865,16.90,35.10,17.2213916245104885,20.2032109192666022,1650,3143,4,24
24029,Kent County,MD,Maryland,"Kent County, MD",Expanded Medicaid in 2014,"Rural, near a metro",203,1623,12.50,29.20,17.2213916245104885,20.2032109192666022,2428,3143,18,24
24031,Montgomery County,MD,Maryland,"Montgomery County, MD",Expanded Medicaid in 2014,Metro,15153,62087,24.40,41.80,17.2213916245104885,20.2032109192666022,785,3143,2,24
24033,Prince George's County,MD,Maryland,"Prince George's County, MD",Expanded Medicaid in 2014,Metro,19497,76164,25.60,39.50,17.2213916245104885,20.2032109192666022,650,3143,1,24
24035,Queen Anne's County,MD,Maryland,"Queen Anne's County, MD",Expanded Medicaid in 2014,Metro,408,2524,16.20,29.90,17.2213916245104885,20.2032109192666022,1735,3143,6,24
24037,St. Mary's County,MD,Maryland,"St. Mary's County, MD",Expanded Medicaid in 2014,Metro,995,7267,13.70,24.60,17.2213916245104885,20.2032109192666022,2176,3143,12,24
24039,Somerset County,MD,Maryland,"Somerset County, MD",Expanded Medicaid in 2014,Metro,365,3192,11.40,25.10,17.2213916245104885,20.2032109192666022,2715,3143,21,24
24041,Talbot County,MD,Maryland,"Talbot County, MD",Expanded Medicaid in 2014,"Rural, near a metro",389,2596,15.00,29.90,17.2213916245104885,20.2032109192666022,1895,3143,11,24
24043,Washington County,MD,Maryland,"Washington County, MD",Expanded Medicaid in 2014,Metro,2042,15634,13.10,23.30,17.2213916245104885,20.2032109192666022,2304,3143,16,24
24045,Wicomico County,MD,Maryland,"Wicomico County, MD",Expanded Medicaid in 2014,Metro,1985,12925,15.40,27.60,17.2213916245104885,20.2032109192666022,1838,3143,8,24
24047,Worcester County,MD,Maryland,"Worcester County, MD",Expanded Medicaid in 2014,Metro,594,4397,13.50,30.00,17.2213916245104885,20.2032109192666022,2220,3143,13,24
24510,Baltimore city,MD,Maryland,"Baltimore city, MD",Expanded Medicaid in 2014,Metro,9291,83345,11.10,20.00,17.2213916245104885,20.2032109192666022,2772,3143,22,24
25001,Barnstable County,MA,Massachusetts,"Barnstable County, MA",Covered low-income adults before 2014,Metro,950,12793,7.40,12.10,7.0746902272257144,20.2032109192666022,3130,3143,4,14
25003,Berkshire County,MA,Massachusetts,"Berkshire County, MA",Covered low-income adults before 2014,Metro,597,11433,5.20,8.40,7.0746902272257144,20.2032109192666022,3142,3143,14,14
25005,Bristol County,MA,Massachusetts,"Bristol County, MA",Covered low-income adults before 2014,Metro,3784,52696,7.20,10.50,7.0746902272257144,20.2032109192666022,3132,3143,6,14
25007,Dukes County,MA,Massachusetts,"Dukes County, MA",Covered low-income adults before 2014,Remote rural,144,1578,9.10,11.80,7.0746902272257144,20.2032109192666022,3072,3143,1,14
25009,Essex County,MA,Massachusetts,"Essex County, MA",Covered low-income adults before 2014,Metro,4870,58905,8.30,12.20,7.0746902272257144,20.2032109192666022,3111,3143,2,14
25011,Franklin County,MA,Massachusetts,"Franklin County, MA",Covered low-income adults before 2014,"Rural, near a metro",394,7106,5.50,8.80,7.0746902272257144,20.2032109192666022,3140,3143,13,14
25013,Hampden County,MA,Massachusetts,"Hampden County, MA",Covered low-income adults before 2014,Metro,3377,54598,6.20,10.10,7.0746902272257144,20.2032109192666022,3138,3143,11,14
25015,Hampshire County,MA,Massachusetts,"Hampshire County, MA",Covered low-income adults before 2014,Metro,729,13059,5.60,9.90,7.0746902272257144,20.2032109192666022,3139,3143,12,14
25017,Middlesex County,MA,Massachusetts,"Middlesex County, MA",Covered low-income adults before 2014,Metro,7039,94907,7.40,12.50,7.0746902272257144,20.2032109192666022,3130,3143,4,14
25019,Nantucket County,MA,Massachusetts,"Nantucket County, MA",Covered low-income adults before 2014,Remote rural,75,927,8.10,14.20,7.0746902272257144,20.2032109192666022,3117,3143,3,14
25021,Norfolk County,MA,Massachusetts,"Norfolk County, MA",Covered low-income adults before 2014,Metro,2633,37464,7.00,10.60,7.0746902272257144,20.2032109192666022,3135,3143,9,14
25023,Plymouth County,MA,Massachusetts,"Plymouth County, MA",Covered low-income adults before 2014,Metro,2153,29818,7.20,12.30,7.0746902272257144,20.2032109192666022,3132,3143,6,14
25025,Suffolk County,MA,Massachusetts,"Suffolk County, MA",Covered low-income adults before 2014,Metro,6297,92378,6.80,9.20,7.0746902272257144,20.2032109192666022,3136,3143,10,14
25027,Worcester County,MA,Massachusetts,"Worcester County, MA",Covered low-income adults before 2014,Metro,4921,68941,7.10,10.70,7.0746902272257144,20.2032109192666022,3134,3143,8,14
26001,Alcona County,MI,Michigan,"Alcona County, MI",Expanded Medicaid in 2014,Remote rural,121,1179,10.30,39.60,11.3620120167655273,20.2032109192666022,2929,3143,48,83
26003,Alger County,MI,Michigan,"Alger County, MI",Expanded Medicaid in 2014,Remote rural,74,771,9.60,35.50,11.3620120167655273,20.2032109192666022,3027,3143,66,83
26005,Allegan County,MI,Michigan,"Allegan County, MI",Expanded Medicaid in 2014,"Rural, near a metro",1418,10028,14.10,35.80,11.3620120167655273,20.2032109192666022,2076,3143,3,83
26007,Alpena County,MI,Michigan,"Alpena County, MI",Expanded Medicaid in 2014,Remote rural,411,3874,10.60,30.10,11.3620120167655273,20.2032109192666022,2881,3143,39,83
26009,Antrim County,MI,Michigan,"Antrim County, MI",Expanded Medicaid in 2014,Remote rural,214,2049,10.40,35.70,11.3620120167655273,20.2032109192666022,2904,3143,43,83
26011,Arenac County,MI,Michigan,"Arenac County, MI",Expanded Medicaid in 2014,"Rural, near a metro",201,1788,11.20,32.70,11.3620120167655273,20.2032109192666022,2753,3143,31,83
26013,Baraga County,MI,Michigan,"Baraga County, MI",Expanded Medicaid in 2014,Remote rural,68,897,7.60,33.60,11.3620120167655273,20.2032109192666022,3127,3143,82,83
26015,Barry County,MI,Michigan,"Barry County, MI",Expanded Medicaid in 2014,Metro,578,4917,11.80,33.20,11.3620120167655273,20.2032109192666022,2605,3143,18,83
26017,Bay County,MI,Michigan,"Bay County, MI",Expanded Medicaid in 2014,Metro,1205,11363,10.60,30.20,11.3620120167655273,20.2032109192666022,2881,3143,39,83
26019,Benzie County,MI,Michigan,"Benzie County, MI",Expanded Medicaid in 2014,Remote rural,171,1603,10.70,35.30,11.3620120167655273,20.2032109192666022,2864,3143,37,83
26021,Berrien County,MI,Michigan,"Berrien County, MI",Expanded Medicaid in 2014,Metro,2336,16832,13.90,34.00,11.3620120167655273,20.2032109192666022,2127,3143,6,83
26023,Branch County,MI,Michigan,"Branch County, MI",Expanded Medicaid in 2014,"Rural, near a metro",750,5164,14.50,32.20,11.3620120167655273,20.2032109192666022,1985,3143,2,83
26025,Calhoun County,MI,Michigan,"Calhoun County, MI",Expanded Medicaid in 2014,Metro,1798,15381,11.70,30.20,11.3620120167655273,20.2032109192666022,2631,3143,22,83
26027,Cass County,MI,Michigan,"Cass County, MI",Expanded Medicaid in 2014,Metro,627,4812,13.00,33.40,11.3620120167655273,20.2032109192666022,2325,3143,11,83
26029,Charlevoix County,MI,Michigan,"Charlevoix County, MI",Expanded Medicaid in 2014,Remote rural,214,2069,10.30,33.90,11.3620120167655273,20.2032109192666022,2929,3143,48,83
26031,Cheboygan County,MI,Michigan,"Cheboygan County, MI",Expanded Medicaid in 2014,Remote rural,342,3044,11.20,34.20,11.3620120167655273,20.2032109192666022,2753,3143,31,83
26033,Chippewa County,MI,Michigan,"Chippewa County, MI",Expanded Medicaid in 2014,Remote rural,368,3982,9.20,32.60,11.3620120167655273,20.2032109192666022,3061,3143,73,83
26035,Clare County,MI,Michigan,"Clare County, MI",Expanded Medicaid in 2014,"Rural, near a metro",574,4907,11.70,28.40,11.3620120167655273,20.2032109192666022,2631,3143,22,83
26037,Clinton County,MI,Michigan,"Clinton County, MI",Expanded Medicaid in 2014,Metro,553,5827,9.50,30.90,11.3620120167655273,20.2032109192666022,3041,3143,67,83
26039,Crawford County,MI,Michigan,"Crawford County, MI",Expanded Medicaid in 2014,Remote rural,170,1681,10.10,31.00,11.3620120167655273,20.2032109192666022,2968,3143,51,83
26041,Delta County,MI,Michigan,"Delta County, MI",Expanded Medicaid in 2014,Remote rural,357,3817,9.40,29.30,11.3620120167655273,20.2032109192666022,3048,3143,68,83
26043,Dickinson County,MI,Michigan,"Dickinson County, MI",Expanded Medicaid in 2014,Remote rural,210,2450,8.60,32.40,11.3620120167655273,20.2032109192666022,3094,3143,79,83
26045,Eaton County,MI,Michigan,"Eaton County, MI",Expanded Medicaid in 2014,Metro,914,8528,10.70,30.00,11.3620120167655273,20.2032109192666022,2864,3143,37,83
26047,Emmet County,MI,Michigan,"Emmet County, MI",Expanded Medicaid in 2014,Remote rural,252,2755,9.10,32.50,11.3620120167655273,20.2032109192666022,3072,3143,75,83
26049,Genesee County,MI,Michigan,"Genesee County, MI",Expanded Medicaid in 2014,Metro,5225,52861,9.90,24.10,11.3620120167655273,20.2032109192666022,2990,3143,57,83
26051,Gladwin County,MI,Michigan,"Gladwin County, MI",Expanded Medicaid in 2014,"Rural, near a metro",374,3175,11.80,34.00,11.3620120167655273,20.2032109192666022,2605,3143,18,83
26053,Gogebic County,MI,Michigan,"Gogebic County, MI",Expanded Medicaid in 2014,Remote rural,167,1799,9.30,30.70,11.3620120167655273,20.2032109192666022,3053,3143,69,83
26055,Grand Traverse County,MI,Michigan,"Grand Traverse County, MI",Expanded Medicaid in 2014,Remote rural,754,7514,10.00,30.20,11.3620120167655273,20.2032109192666022,2980,3143,54,83
26057,Gratiot County,MI,Michigan,"Gratiot County, MI",Expanded Medicaid in 2014,"Rural, near a metro",365,4272,8.50,28.90,11.3620120167655273,20.2032109192666022,3103,3143,80,83
26059,Hillsdale County,MI,Michigan,"Hillsdale County, MI",Expanded Medicaid in 2014,"Rural, near a metro",653,5379,12.10,32.70,11.3620120167655273,20.2032109192666022,2521,3143,15,83
26061,Houghton County,MI,Michigan,"Houghton County, MI",Expanded Medicaid in 2014,Remote rural,589,5074,11.60,29.70,11.3620120167655273,20.2032109192666022,2655,3143,26,83
26063,Huron County,MI,Michigan,"Huron County, MI",Expanded Medicaid in 2014,Remote rural,366,3283,11.10,33.20,11.3620120167655273,20.2032109192666022,2772,3143,35,83
26065,Ingham County,MI,Michigan,"Ingham County, MI",Expanded Medicaid in 2014,Metro,4237,40058,10.60,23.80,11.3620120167655273,20.2032109192666022,2881,3143,39,83
26067,Ionia County,MI,Michigan,"Ionia County, MI",Expanded Medicaid in 2014,"Rural, near a metro",685,5948,11.50,27.40,11.3620120167655273,20.2032109192666022,2684,3143,29,83
26069,Iosco County,MI,Michigan,"Iosco County, MI",Expanded Medicaid in 2014,Remote rural,304,3150,9.70,32.30,11.3620120167655273,20.2032109192666022,3016,3143,64,83
26071,Iron County,MI,Michigan,"Iron County, MI",Expanded Medicaid in 2014,Remote rural,120,1343,8.90,30.60,11.3620120167655273,20.2032109192666022,3079,3143,77,83
26073,Isabella County,MI,Michigan,"Isabella County, MI",Expanded Medicaid in 2014,"Rural, near a metro",1258,12780,9.80,24.70,11.3620120167655273,20.2032109192666022,3004,3143,61,83
26075,Jackson County,MI,Michigan,"Jackson County, MI",Expanded Medicaid in 2014,Metro,1469,16095,9.10,28.50,11.3620120167655273,20.2032109192666022,3072,3143,75,83
26077,Kalamazoo County,MI,Michigan,"Kalamazoo County, MI",Expanded Medicaid in 2014,Metro,3343,29859,11.20,28.80,11.3620120167655273,20.2032109192666022,2753,3143,31,83
26079,Kalkaska County,MI,Michigan,"Kalkaska County, MI",Expanded Medicaid in 2014,Remote rural,266,2300,11.60,33.60,11.3620120167655273,20.2032109192666022,2655,3143,26,83
26081,Kent County,MI,Michigan,"Kent County, MI",Expanded Medicaid in 2014,Metro,7848,57537,13.60,31.40,11.3620120167655273,20.2032109192666022,2201,3143,8,83
26083,Keweenaw County,MI,Michigan,"Keweenaw County, MI",Expanded Medicaid in 2014,Remote rural,17,164,10.40,38.10,11.3620120167655273,20.2032109192666022,2904,3143,43,83
26085,Lake County,MI,Michigan,"Lake County, MI",Expanded Medicaid in 2014,Remote rural,217,1813,12.00,29.80,11.3620120167655273,20.2032109192666022,2555,3143,16,83
26087,Lapeer County,MI,Michigan,"Lapeer County, MI",Expanded Medicaid in 2014,Metro,1049,7690,13.60,33.20,11.3620120167655273,20.2032109192666022,2201,3143,8,83
26089,Leelanau County,MI,Michigan,"Leelanau County, MI",Expanded Medicaid in 2014,Remote rural,126,1161,10.90,39.60,11.3620120167655273,20.2032109192666022,2826,3143,36,83
26091,Lenawee County,MI,Michigan,"Lenawee County, MI",Expanded Medicaid in 2014,"Rural, near a metro",1050,9048,11.60,32.70,11.3620120167655273,20.2032109192666022,2655,3143,26,83
26093,Livingston County,MI,Michigan,"Livingston County, MI",Expanded Medicaid in 2014,Metro,1007,8979,11.20,35.90,11.3620120167655273,20.2032109192666022,2753,3143,31,83
26095,Luce County,MI,Michigan,"Luce County, MI",Expanded Medicaid in 2014,Remote rural,49,655,7.50,30.90,11.3620120167655273,20.2032109192666022,3129,3143,83,83
26097,Mackinac County,MI,Michigan,"Mackinac County, MI",Expanded Medicaid in 2014,Remote rural,169,1307,12.90,36.20,11.3620120167655273,20.2032109192666022,2351,3143,12,83
26099,Macomb County,MI,Michigan,"Macomb County, MI",Expanded Medicaid in 2014,Metro,8753,73958,11.80,34.00,11.3620120167655273,20.2032109192666022,2605,3143,18,83
26101,Manistee County,MI,Michigan,"Manistee County, MI",Expanded Medicaid in 2014,Remote rural,256,2568,10.00,33.10,11.3620120167655273,20.2032109192666022,2980,3143,54,83
26103,Marquette County,MI,Michigan,"Marquette County, MI",Expanded Medicaid in 2014,Remote rural,635,7693,8.30,29.40,11.3620120167655273,20.2032109192666022,3111,3143,81,83
26105,Mason County,MI,Michigan,"Mason County, MI",Expanded Medicaid in 2014,Remote rural,312,2997,10.40,31.00,11.3620120167655273,20.2032109192666022,2904,3143,43,83
26107,Mecosta County,MI,Michigan,"Mecosta County, MI",Expanded Medicaid in 2014,"Rural, near a metro",616,5963,10.30,26.10,11.3620120167655273,20.2032109192666022,2929,3143,48,83
26109,Menominee County,MI,Michigan,"Menominee County, MI",Expanded Medicaid in 2014,Remote rural,232,2384,9.70,32.20,11.3620120167655273,20.2032109192666022,3016,3143,64,83
26111,Midland County,MI,Michigan,"Midland County, MI",Expanded Medicaid in 2014,Metro,693,7458,9.30,32.10,11.3620120167655273,20.2032109192666022,3053,3143,69,83
26113,Missaukee County,MI,Michigan,"Missaukee County, MI",Expanded Medicaid in 2014,Remote rural,239,1723,13.90,31.40,11.3620120167655273,20.2032109192666022,2127,3143,6,83
26115,Monroe County,MI,Michigan,"Monroe County, MI",Expanded Medicaid in 2014,Metro,1414,13570,10.40,30.80,11.3620120167655273,20.2032109192666022,2904,3143,43,83
26117,Montcalm County,MI,Michigan,"Montcalm County, MI",Expanded Medicaid in 2014,Metro,865,7188,12.00,29.40,11.3620120167655273,20.2032109192666022,2555,3143,16,83
26119,Montmorency County,MI,Michigan,"Montmorency County, MI",Expanded Medicaid in 2014,Remote rural,135,1292,10.40,33.60,11.3620120167655273,20.2032109192666022,2904,3143,43,83
26121,Muskegon County,MI,Michigan,"Muskegon County, MI",Expanded Medicaid in 2014,Metro,1989,20078,9.90,26.70,11.3620120167655273,20.2032109192666022,2990,3143,57,83
26123,Newaygo County,MI,Michigan,"Newaygo County, MI",Expanded Medicaid in 2014,"Rural, near a metro",586,5892,9.90,32.60,11.3620120167655273,20.2032109192666022,2990,3143,57,83
26125,Oakland County,MI,Michigan,"Oakland County, MI",Expanded Medicaid in 2014,Metro,9893,79828,12.40,34.00,11.3620120167655273,20.2032109192666022,2449,3143,13,83
26127,Oceana County,MI,Michigan,"Oceana County, MI",Expanded Medicaid in 2014,"Rural, near a metro",439,3218,13.60,36.40,11.3620120167655273,20.2032109192666022,2201,3143,8,83
26129,Ogemaw County,MI,Michigan,"Ogemaw County, MI",Expanded Medicaid in 2014,Remote rural,288,2876,10.00,29.10,11.3620120167655273,20.2032109192666022,2980,3143,54,83
26131,Ontonagon County,MI,Michigan,"Ontonagon County, MI",Expanded Medicaid in 2014,Remote rural,59,586,10.10,36.60,11.3620120167655273,20.2032109192666022,2968,3143,51,83
26133,Osceola County,MI,Michigan,"Osceola County, MI",Expanded Medicaid in 2014,Remote rural,336,2973,11.30,30.30,11.3620120167655273,20.2032109192666022,2732,3143,30,83
26135,Oscoda County,MI,Michigan,"Oscoda County, MI",Expanded Medicaid in 2014,Remote rural,138,1119,12.30,33.90,11.3620120167655273,20.2032109192666022,2477,3143,14,83
26137,Otsego County,MI,Michigan,"Otsego County, MI",Expanded Medicaid in 2014,Remote rural,248,2660,9.30,32.10,11.3620120167655273,20.2032109192666022,3053,3143,69,83
26139,Ottawa County,MI,Michigan,"Ottawa County, MI",Expanded Medicaid in 2014,Metro,2448,20718,11.80,32.30,11.3620120167655273,20.2032109192666022,2605,3143,18,83
26141,Presque Isle County,MI,Michigan,"Presque Isle County, MI",Expanded Medicaid in 2014,Remote rural,171,1458,11.70,37.10,11.3620120167655273,20.2032109192666022,2631,3143,22,83
26143,Roscommon County,MI,Michigan,"Roscommon County, MI",Expanded Medicaid in 2014,Remote rural,278,3026,9.20,29.80,11.3620120167655273,20.2032109192666022,3061,3143,73,83
26145,Saginaw County,MI,Michigan,"Saginaw County, MI",Expanded Medicaid in 2014,Metro,2205,23659,9.30,26.70,11.3620120167655273,20.2032109192666022,3053,3143,69,83
26147,St. Clair County,MI,Michigan,"St. Clair County, MI",Expanded Medicaid in 2014,Metro,1645,16256,10.10,30.60,11.3620120167655273,20.2032109192666022,2968,3143,51,83
26149,St. Joseph County,MI,Michigan,"St. Joseph County, MI",Expanded Medicaid in 2014,"Rural, near a metro",884,6331,14.00,31.40,11.3620120167655273,20.2032109192666022,2103,3143,5,83
26151,Sanilac County,MI,Michigan,"Sanilac County, MI",Expanded Medicaid in 2014,"Rural, near a metro",659,4685,14.10,33.10,11.3620120167655273,20.2032109192666022,2076,3143,3,83
26153,Schoolcraft County,MI,Michigan,"Schoolcraft County, MI",Expanded Medicaid in 2014,Remote rural,82,920,8.90,33.70,11.3620120167655273,20.2032109192666022,3079,3143,77,83
26155,Shiawassee County,MI,Michigan,"Shiawassee County, MI",Expanded Medicaid in 2014,"Rural, near a metro",793,7453,10.60,30.60,11.3620120167655273,20.2032109192666022,2881,3143,39,83
26157,Tuscola County,MI,Michigan,"Tuscola County, MI",Expanded Medicaid in 2014,"Rural, near a metro",593,6054,9.80,33.80,11.3620120167655273,20.2032109192666022,3004,3143,61,83
26159,Van Buren County,MI,Michigan,"Van Buren County, MI",Expanded Medicaid in 2014,Metro,1235,8293,14.90,37.20,11.3620120167655273,20.2032109192666022,1907,3143,1,83
26161,Washtenaw County,MI,Michigan,"Washtenaw County, MI",Expanded Medicaid in 2014,Metro,3791,38815,9.80,26.10,11.3620120167655273,20.2032109192666022,3004,3143,61,83
26163,Wayne County,MI,Michigan,"Wayne County, MI",Expanded Medicaid in 2014,Metro,29485,251603,11.70,33.00,11.3620120167655273,20.2032109192666022,2631,3143,22,83
26165,Wexford County,MI,Michigan,"Wexford County, MI",Expanded Medicaid in 2014,Remote rural,407,4120,9.90,29.60,11.3620120167655273,20.2032109192666022,2990,3143,57,83
27001,Aitkin County,MN,Minnesota,"Aitkin County, MN",Expanded Medicaid in 2014,"Rural, near a metro",144,1433,10.00,21.90,11.7990522924782739,20.2032109192666022,2980,3143,69,87
27003,Anoka County,MN,Minnesota,"Anoka County, MN",Expanded Medicaid in 2014,Metro,2717,20755,13.10,27.00,11.7990522924782739,20.2032109192666022,2304,3143,17,87
27005,Becker County,MN,Minnesota,"Becker County, MN",Expanded Medicaid in 2014,"Rural, near a metro",269,2909,9.20,21.40,11.7990522924782739,20.2032109192666022,3061,3143,83,87
27007,Beltrami County,MN,Minnesota,"Beltrami County, MN",Expanded Medicaid in 2014,Remote rural,482,5500,8.80,22.00,11.7990522924782739,20.2032109192666022,3089,3143,84,87
27009,Benton County,MN,Minnesota,"Benton County, MN",Expanded Medicaid in 2014,Metro,436,3807,11.50,19.40,11.7990522924782739,20.2032109192666022,2684,3143,43,87
27011,Big Stone County,MN,Minnesota,"Big Stone County, MN",Expanded Medicaid in 2014,Remote rural,39,412,9.50,21.50,11.7990522924782739,20.2032109192666022,3041,3143,80,87
27013,Blue Earth County,MN,Minnesota,"Blue Earth County, MN",Expanded Medicaid in 2014,Metro,1311,9800,13.40,18.50,11.7990522924782739,20.2032109192666022,2249,3143,15,87
27015,Brown County,MN,Minnesota,"Brown County, MN",Expanded Medicaid in 2014,"Rural, near a metro",199,1722,11.60,20.00,11.7990522924782739,20.2032109192666022,2655,3143,39,87
27017,Carlton County,MN,Minnesota,"Carlton County, MN",Expanded Medicaid in 2014,Metro,285,2942,9.70,20.30,11.7990522924782739,20.2032109192666022,3016,3143,74,87
27019,Carver County,MN,Minnesota,"Carver County, MN",Expanded Medicaid in 2014,Metro,449,3546,12.70,27.50,11.7990522924782739,20.2032109192666022,2387,3143,22,87
27021,Cass County,MN,Minnesota,"Cass County, MN",Expanded Medicaid in 2014,Remote rural,289,2931,9.90,22.80,11.7990522924782739,20.2032109192666022,2990,3143,71,87
27023,Chippewa County,MN,Minnesota,"Chippewa County, MN",Expanded Medicaid in 2014,Remote rural,160,1097,14.60,23.10,11.7990522924782739,20.2032109192666022,1960,3143,9,87
27025,Chisago County,MN,Minnesota,"Chisago County, MN",Expanded Medicaid in 2014,Metro,334,3104,10.80,22.80,11.7990522924782739,20.2032109192666022,2845,3143,56,87
27027,Clay County,MN,Minnesota,"Clay County, MN",Expanded Medicaid in 2014,Metro,637,6644,9.60,19.20,11.7990522924782739,20.2032109192666022,3027,3143,76,87
27029,Clearwater County,MN,Minnesota,"Clearwater County, MN",Expanded Medicaid in 2014,"Rural, near a metro",90,887,10.10,22.00,11.7990522924782739,20.2032109192666022,2968,3143,67,87
27031,Cook County,MN,Minnesota,"Cook County, MN",Expanded Medicaid in 2014,Remote rural,45,456,9.90,25.40,11.7990522924782739,20.2032109192666022,2990,3143,71,87
27033,Cottonwood County,MN,Minnesota,"Cottonwood County, MN",Expanded Medicaid in 2014,Remote rural,131,953,13.70,21.30,11.7990522924782739,20.2032109192666022,2176,3143,14,87
27035,Crow Wing County,MN,Minnesota,"Crow Wing County, MN",Expanded Medicaid in 2014,"Rural, near a metro",578,5665,10.20,19.90,11.7990522924782739,20.2032109192666022,2952,3143,63,87
27037,Dakota County,MN,Minnesota,"Dakota County, MN",Expanded Medicaid in 2014,Metro,3275,22488,14.60,26.60,11.7990522924782739,20.2032109192666022,1960,3143,9,87
27039,Dodge County,MN,Minnesota,"Dodge County, MN",Expanded Medicaid in 2014,Metro,169,1141,14.80,22.60,11.7990522924782739,20.2032109192666022,1923,3143,8,87
27041,Douglas County,MN,Minnesota,"Douglas County, MN",Expanded Medicaid in 2014,"Rural, near a metro",319,2754,11.60,17.70,11.7990522924782739,20.2032109192666022,2655,3143,39,87
27043,Faribault County,MN,Minnesota,"Faribault County, MN",Expanded Medicaid in 2014,"Rural, near a metro",153,1261,12.10,21.60,11.7990522924782739,20.2032109192666022,2521,3143,31,87
27045,Fillmore County,MN,Minnesota,"Fillmore County, MN",Expanded Medicaid in 2014,Metro,251,1616,15.50,23.60,11.7990522924782739,20.2032109192666022,1820,3143,5,87
27047,Freeborn County,MN,Minnesota,"Freeborn County, MN",Expanded Medicaid in 2014,Remote rural,399,2684,14.90,23.80,11.7990522924782739,20.2032109192666022,1907,3143,7,87
27049,Goodhue County,MN,Minnesota,"Goodhue County, MN",Expanded Medicaid in 2014,"Rural, near a metro",401,3198,12.50,22.40,11.7990522924782739,20.2032109192666022,2428,3143,26,87
27051,Grant County,MN,Minnesota,"Grant County, MN",Expanded Medicaid in 2014,Remote rural,60,527,11.40,20.70,11.7990522924782739,20.2032109192666022,2715,3143,44,87
27053,Hennepin County,MN,Minnesota,"Hennepin County, MN",Expanded Medicaid in 2014,Metro,11222,100838,11.10,25.80,11.7990522924782739,20.2032109192666022,2772,3143,47,87
27055,Houston County,MN,Minnesota,"Houston County, MN",Expanded Medicaid in 2014,Metro,132,1207,10.90,20.80,11.7990522924782739,20.2032109192666022,2826,3143,53,87
27057,Hubbard County,MN,Minnesota,"Hubbard County, MN",Expanded Medicaid in 2014,Remote rural,200,1919,10.40,22.80,11.7990522924782739,20.2032109192666022,2904,3143,58,87
27059,Isanti County,MN,Minnesota,"Isanti County, MN",Expanded Medicaid in 2014,Metro,361,3032,11.90,21.30,11.7990522924782739,20.2032109192666022,2586,3143,36,87
27061,Itasca County,MN,Minnesota,"Itasca County, MN",Expanded Medicaid in 2014,"Rural, near a metro",409,3975,10.30,22.60,11.7990522924782739,20.2032109192666022,2929,3143,60,87
27063,Jackson County,MN,Minnesota,"Jackson County, MN",Expanded Medicaid in 2014,Remote rural,79,726,10.90,21.00,11.7990522924782739,20.2032109192666022,2826,3143,53,87
27065,Kanabec County,MN,Minnesota,"Kanabec County, MN",Expanded Medicaid in 2014,"Rural, near a metro",177,1615,11.00,20.70,11.7990522924782739,20.2032109192666022,2806,3143,50,87
27067,Kandiyohi County,MN,Minnesota,"Kandiyohi County, MN",Expanded Medicaid in 2014,"Rural, near a metro",623,3928,15.90,21.50,11.7990522924782739,20.2032109192666022,1769,3143,4,87
27069,Kittson County,MN,Minnesota,"Kittson County, MN",Expanded Medicaid in 2014,Remote rural,26,270,9.60,22.00,11.7990522924782739,20.2032109192666022,3027,3143,76,87
27071,Koochiching County,MN,Minnesota,"Koochiching County, MN",Expanded Medicaid in 2014,"Rural, near a metro",102,1043,9.80,24.10,11.7990522924782739,20.2032109192666022,3004,3143,73,87
27073,Lac qui Parle County,MN,Minnesota,"Lac qui Parle County, MN",Expanded Medicaid in 2014,Remote rural,56,459,12.20,21.90,11.7990522924782739,20.2032109192666022,2494,3143,29,87
27075,Lake County,MN,Minnesota,"Lake County, MN",Expanded Medicaid in 2014,"Rural, near a metro",89,798,11.20,21.00,11.7990522924782739,20.2032109192666022,2753,3143,45,87
27077,Lake of the Woods County,MN,Minnesota,"Lake of the Woods County, MN",Expanded Medicaid in 2014,Remote rural,32,315,10.20,24.60,11.7990522924782739,20.2032109192666022,2952,3143,63,87
27079,Le Sueur County,MN,Minnesota,"Le Sueur County, MN",Expanded Medicaid in 2014,Metro,244,1760,13.90,23.90,11.7990522924782739,20.2032109192666022,2127,3143,13,87
27081,Lincoln County,MN,Minnesota,"Lincoln County, MN",Expanded Medicaid in 2014,Remote rural,48,392,12.20,23.60,11.7990522924782739,20.2032109192666022,2494,3143,29,87
27083,Lyon County,MN,Minnesota,"Lyon County, MN",Expanded Medicaid in 2014,Remote rural,292,2256,12.90,21.30,11.7990522924782739,20.2032109192666022,2351,3143,19,87
27085,McLeod County,MN,Minnesota,"McLeod County, MN",Expanded Medicaid in 2014,"Rural, near a metro",296,2513,11.80,19.50,11.7990522924782739,20.2032109192666022,2605,3143,38,87
27087,Mahnomen County,MN,Minnesota,"Mahnomen County, MN",Expanded Medicaid in 2014,"Rural, near a metro",60,721,8.30,20.50,11.7990522924782739,20.2032109192666022,3111,3143,86,87
27089,Marshall County,MN,Minnesota,"Marshall County, MN",Expanded Medicaid in 2014,"Rural, near a metro",70,580,12.10,24.50,11.7990522924782739,20.2032109192666022,2521,3143,31,87
27091,Martin County,MN,Minnesota,"Martin County, MN",Expanded Medicaid in 2014,Remote rural,165,1778,9.30,19.70,11.7990522924782739,20.2032109192666022,3053,3143,82,87
27093,Meeker County,MN,Minnesota,"Meeker County, MN",Expanded Medicaid in 2014,"Rural, near a metro",184,1484,12.40,22.80,11.7990522924782739,20.2032109192666022,2449,3143,28,87
27095,Mille Lacs County,MN,Minnesota,"Mille Lacs County, MN",Expanded Medicaid in 2014,Metro,247,2566,9.60,21.00,11.7990522924782739,20.2032109192666022,3027,3143,76,87
27097,Morrison County,MN,Minnesota,"Morrison County, MN",Expanded Medicaid in 2014,"Rural, near a metro",318,2838,11.20,21.00,11.7990522924782739,20.2032109192666022,2753,3143,45,87
27099,Mower County,MN,Minnesota,"Mower County, MN",Expanded Medicaid in 2014,"Rural, near a metro",698,3700,18.90,28.90,11.7990522924782739,20.2032109192666022,1423,3143,3,87
27101,Murray County,MN,Minnesota,"Murray County, MN",Expanded Medicaid in 2014,Remote rural,71,548,13.00,23.10,11.7990522924782739,20.2032109192666022,2325,3143,18,87
27103,Nicollet County,MN,Minnesota,"Nicollet County, MN",Expanded Medicaid in 2014,Metro,305,2571,11.90,17.60,11.7990522924782739,20.2032109192666022,2586,3143,36,87
27105,Nobles County,MN,Minnesota,"Nobles County, MN",Expanded Medicaid in 2014,Remote rural,408,1923,21.20,34.30,11.7990522924782739,20.2032109192666022,1162,3143,1,87
27107,Norman County,MN,Minnesota,"Norman County, MN",Expanded Medicaid in 2014,"Rural, near a metro",59,538,11.00,21.00,11.7990522924782739,20.2032109192666022,2806,3143,50,87
27109,Olmsted County,MN,Minnesota,"Olmsted County, MN",Expanded Medicaid in 2014,Metro,1205,10835,11.10,23.90,11.7990522924782739,20.2032109192666022,2772,3143,47,87
27111,Otter Tail County,MN,Minnesota,"Otter Tail County, MN",Expanded Medicaid in 2014,"Rural, near a metro",536,4485,12.00,21.10,11.7990522924782739,20.2032109192666022,2555,3143,34,87
27113,Pennington County,MN,Minnesota,"Pennington County, MN",Expanded Medicaid in 2014,"Rural, near a metro",106,1104,9.60,17.00,11.7990522924782739,20.2032109192666022,3027,3143,76,87
27115,Pine County,MN,Minnesota,"Pine County, MN",Expanded Medicaid in 2014,"Rural, near a metro",277,2748,10.10,22.40,11.7990522924782739,20.2032109192666022,2968,3143,67,87
27117,Pipestone County,MN,Minnesota,"Pipestone County, MN",Expanded Medicaid in 2014,"Rural, near a metro",98,785,12.50,22.50,11.7990522924782739,20.2032109192666022,2428,3143,26,87
27119,Polk County,MN,Minnesota,"Polk County, MN",Expanded Medicaid in 2014,Metro,234,2682,8.70,19.70,11.7990522924782739,20.2032109192666022,3093,3143,85,87
27121,Pope County,MN,Minnesota,"Pope County, MN",Expanded Medicaid in 2014,"Rural, near a metro",78,766,10.20,20.10,11.7990522924782739,20.2032109192666022,2952,3143,63,87
27123,Ramsey County,MN,Minnesota,"Ramsey County, MN",Expanded Medicaid in 2014,Metro,6546,51643,12.70,25.00,11.7990522924782739,20.2032109192666022,2387,3143,22,87
27125,Red Lake County,MN,Minnesota,"Red Lake County, MN",Expanded Medicaid in 2014,"Rural, near a metro",27,287,9.40,22.30,11.7990522924782739,20.2032109192666022,3048,3143,81,87
27127,Redwood County,MN,Minnesota,"Redwood County, MN",Expanded Medicaid in 2014,Remote rural,124,1236,10.00,22.30,11.7990522924782739,20.2032109192666022,2980,3143,69,87
27129,Renville County,MN,Minnesota,"Renville County, MN",Expanded Medicaid in 2014,"Rural, near a metro",143,1179,12.10,22.60,11.7990522924782739,20.2032109192666022,2521,3143,31,87
27131,Rice County,MN,Minnesota,"Rice County, MN",Expanded Medicaid in 2014,"Rural, near a metro",683,4676,14.60,25.10,11.7990522924782739,20.2032109192666022,1960,3143,9,87
27133,Rock County,MN,Minnesota,"Rock County, MN",Expanded Medicaid in 2014,"Rural, near a metro",74,702,10.50,21.20,11.7990522924782739,20.2032109192666022,2897,3143,57,87
27135,Roseau County,MN,Minnesota,"Roseau County, MN",Expanded Medicaid in 2014,Remote rural,129,1169,11.00,21.70,11.7990522924782739,20.2032109192666022,2806,3143,50,87
27137,St. Louis County,MN,Minnesota,"St. Louis County, MN",Expanded Medicaid in 2014,Metro,1783,22249,8.00,18.00,11.7990522924782739,20.2032109192666022,3120,3143,87,87
27139,Scott County,MN,Minnesota,"Scott County, MN",Expanded Medicaid in 2014,Metro,907,6795,13.30,31.40,11.7990522924782739,20.2032109192666022,2263,3143,16,87
27141,Sherburne County,MN,Minnesota,"Sherburne County, MN",Expanded Medicaid in 2014,Metro,624,5215,12.00,19.60,11.7990522924782739,20.2032109192666022,2555,3143,34,87
27143,Sibley County,MN,Minnesota,"Sibley County, MN",Expanded Medicaid in 2014,Metro,134,1053,12.70,26.40,11.7990522924782739,20.2032109192666022,2387,3143,22,87
27145,Stearns County,MN,Minnesota,"Stearns County, MN",Expanded Medicaid in 2014,Metro,1999,15562,12.80,20.20,11.7990522924782739,20.2032109192666022,2369,3143,21,87
27147,Steele County,MN,Minnesota,"Steele County, MN",Expanded Medicaid in 2014,Remote rural,334,2587,12.90,19.50,11.7990522924782739,20.2032109192666022,2351,3143,19,87
27149,Stevens County,MN,Minnesota,"Stevens County, MN",Expanded Medicaid in 2014,Remote rural,104,822,12.70,22.00,11.7990522924782739,20.2032109192666022,2387,3143,22,87
27151,Swift County,MN,Minnesota,"Swift County, MN",Expanded Medicaid in 2014,Remote rural,121,852,14.20,19.20,11.7990522924782739,20.2032109192666022,2058,3143,12,87
27153,Todd County,MN,Minnesota,"Todd County, MN",Expanded Medicaid in 2014,"Rural, near a metro",354,2297,15.40,27.20,11.7990522924782739,20.2032109192666022,1838,3143,6,87
27155,Traverse County,MN,Minnesota,"Traverse County, MN",Expanded Medicaid in 2014,Remote rural,24,247,9.70,24.10,11.7990522924782739,20.2032109192666022,3016,3143,74,87
27157,Wabasha County,MN,Minnesota,"Wabasha County, MN",Expanded Medicaid in 2014,Metro,161,1384,11.60,20.90,11.7990522924782739,20.2032109192666022,2655,3143,39,87
27159,Wadena County,MN,Minnesota,"Wadena County, MN",Expanded Medicaid in 2014,Remote rural,165,1583,10.40,18.80,11.7990522924782739,20.2032109192666022,2904,3143,58,87
27161,Waseca County,MN,Minnesota,"Waseca County, MN",Expanded Medicaid in 2014,"Rural, near a metro",170,1470,11.60,22.50,11.7990522924782739,20.2032109192666022,2655,3143,39,87
27163,Washington County,MN,Minnesota,"Washington County, MN",Expanded Medicaid in 2014,Metro,1182,10894,10.90,23.20,11.7990522924782739,20.2032109192666022,2826,3143,53,87
27165,Watonwan County,MN,Minnesota,"Watonwan County, MN",Expanded Medicaid in 2014,"Rural, near a metro",168,878,19.10,33.80,11.7990522924782739,20.2032109192666022,1404,3143,2,87
27167,Wilkin County,MN,Minnesota,"Wilkin County, MN",Expanded Medicaid in 2014,"Rural, near a metro",53,517,10.30,20.70,11.7990522924782739,20.2032109192666022,2929,3143,60,87
27169,Winona County,MN,Minnesota,"Winona County, MN",Expanded Medicaid in 2014,"Rural, near a metro",533,4790,11.10,19.60,11.7990522924782739,20.2032109192666022,2772,3143,47,87
27171,Wright County,MN,Minnesota,"Wright County, MN",Expanded Medicaid in 2014,Metro,653,6404,10.20,23.30,11.7990522924782739,20.2032109192666022,2952,3143,63,87
27173,Yellow Medicine County,MN,Minnesota,"Yellow Medicine County, MN",Expanded Medicaid in 2014,Remote rural,74,715,10.30,22.40,11.7990522924782739,20.2032109192666022,2929,3143,60,87
28001,Adams County,MS,Mississippi,"Adams County, MS",Has not expanded Medicaid,Remote rural,1192,4742,25.10,40.50,25.7783673874231303,20.2032109192666022,703,3143,49,82
28003,Alcorn County,MS,Mississippi,"Alcorn County, MS",Has not expanded Medicaid,Remote rural,1168,5132,22.80,40.00,25.7783673874231303,20.2032109192666022,970,3143,63,82
28005,Amite County,MS,Mississippi,"Amite County, MS",Has not expanded Medicaid,"Rural, near a metro",483,1744,27.70,46.10,25.7783673874231303,20.2032109192666022,489,3143,24,82
28007,Attala County,MS,Mississippi,"Attala County, MS",Has not expanded Medicaid,"Rural, near a metro",612,2660,23.00,39.40,25.7783673874231303,20.2032109192666022,943,3143,62,82
28009,Benton County,MS,Mississippi,"Benton County, MS",Has not expanded Medicaid,Metro,376,1176,32.00,43.00,25.7783673874231303,20.2032109192666022,259,3143,3,82
28011,Bolivar County,MS,Mississippi,"Bolivar County, MS",Has not expanded Medicaid,Remote rural,1131,5624,20.10,35.50,25.7783673874231303,20.2032109192666022,1300,3143,78,82
28013,Calhoun County,MS,Mississippi,"Calhoun County, MS",Has not expanded Medicaid,Remote rural,584,1941,30.10,45.40,25.7783673874231303,20.2032109192666022,344,3143,8,82
28015,Carroll County,MS,Mississippi,"Carroll County, MS",Has not expanded Medicaid,Remote rural,330,1156,28.50,48.20,25.7783673874231303,20.2032109192666022,435,3143,16,82
28017,Chickasaw County,MS,Mississippi,"Chickasaw County, MS",Has not expanded Medicaid,Remote rural,739,2605,28.40,41.90,25.7783673874231303,20.2032109192666022,440,3143,18,82
28019,Choctaw County,MS,Mississippi,"Choctaw County, MS",Has not expanded Medicaid,Remote rural,272,1126,24.20,41.30,25.7783673874231303,20.2032109192666022,811,3143,55,82
28021,Claiborne County,MS,Mississippi,"Claiborne County, MS",Has not expanded Medicaid,"Rural, near a metro",337,1536,21.90,37.00,25.7783673874231303,20.2032109192666022,1069,3143,70,82
28023,Clarke County,MS,Mississippi,"Clarke County, MS",Has not expanded Medicaid,Remote rural,493,2101,23.50,44.30,25.7783673874231303,20.2032109192666022,885,3143,58,82
28025,Clay County,MS,Mississippi,"Clay County, MS",Has not expanded Medicaid,Remote rural,716,3046,23.50,41.00,25.7783673874231303,20.2032109192666022,885,3143,58,82
28027,Coahoma County,MS,Mississippi,"Coahoma County, MS",Has not expanded Medicaid,Remote rural,994,4382,22.70,33.80,25.7783673874231303,20.2032109192666022,984,3143,64,82
28029,Copiah County,MS,Mississippi,"Copiah County, MS",Has not expanded Medicaid,Metro,1034,4182,24.70,42.50,25.7783673874231303,20.2032109192666022,746,3143,52,82
28031,Covington County,MS,Mississippi,"Covington County, MS",Has not expanded Medicaid,"Rural, near a metro",781,2780,28.10,45.80,25.7783673874231303,20.2032109192666022,464,3143,20,82
28033,DeSoto County,MS,Mississippi,"DeSoto County, MS",Has not expanded Medicaid,Metro,5002,16768,29.80,48.50,25.7783673874231303,20.2032109192666022,360,3143,9,82
28035,Forrest County,MS,Mississippi,"Forrest County, MS",Has not expanded Medicaid,Metro,3164,12918,24.50,40.40,25.7783673874231303,20.2032109192666022,772,3143,54,82
28037,Franklin County,MS,Mississippi,"Franklin County, MS",Has not expanded Medicaid,Remote rural,298,1092,27.30,46.80,25.7783673874231303,20.2032109192666022,509,3143,26,82
28039,George County,MS,Mississippi,"George County, MS",Has not expanded Medicaid,"Rural, near a metro",1131,3448,32.80,48.90,25.7783673874231303,20.2032109192666022,229,3143,1,82
28041,Greene County,MS,Mississippi,"Greene County, MS",Has not expanded Medicaid,"Rural, near a metro",417,1527,27.30,49.10,25.7783673874231303,20.2032109192666022,509,3143,26,82
28043,Grenada County,MS,Mississippi,"Grenada County, MS",Has not expanded Medicaid,Remote rural,733,3326,22.00,37.70,25.7783673874231303,20.2032109192666022,1060,3143,69,82
28045,Hancock County,MS,Mississippi,"Hancock County, MS",Has not expanded Medicaid,Metro,1296,5146,25.20,50.90,25.7783673874231303,20.2032109192666022,688,3143,48,82
28047,Harrison County,MS,Mississippi,"Harrison County, MS",Has not expanded Medicaid,Metro,7830,28916,27.10,44.50,25.7783673874231303,20.2032109192666022,526,3143,29,82
28049,Hinds County,MS,Mississippi,"Hinds County, MS",Has not expanded Medicaid,Metro,8050,32074,25.10,39.40,25.7783673874231303,20.2032109192666022,703,3143,49,82
28051,Holmes County,MS,Mississippi,"Holmes County, MS",Has not expanded Medicaid,"Rural, near a metro",667,3353,19.90,37.00,25.7783673874231303,20.2032109192666022,1321,3143,80,82
28053,Humphreys County,MS,Mississippi,"Humphreys County, MS",Has not expanded Medicaid,"Rural, near a metro",360,1741,20.70,35.80,25.7783673874231303,20.2032109192666022,1227,3143,75,82
28055,Issaquena County,MS,Mississippi,"Issaquena County, MS",Has not expanded Medicaid,"Rural, near a metro",40,146,27.40,40.40,25.7783673874231303,20.2032109192666022,501,3143,25,82
28057,Itawamba County,MS,Mississippi,"Itawamba County, MS",Has not expanded Medicaid,Remote rural,741,2716,27.30,43.40,25.7783673874231303,20.2032109192666022,509,3143,26,82
28059,Jackson County,MS,Mississippi,"Jackson County, MS",Has not expanded Medicaid,Metro,5135,18392,27.90,48.70,25.7783673874231303,20.2032109192666022,475,3143,23,82
28061,Jasper County,MS,Mississippi,"Jasper County, MS",Has not expanded Medicaid,Remote rural,624,2329,26.80,45.50,25.7783673874231303,20.2032109192666022,543,3143,31,82
28063,Jefferson County,MS,Mississippi,"Jefferson County, MS",Has not expanded Medicaid,"Rural, near a metro",316,1351,23.40,38.20,25.7783673874231303,20.2032109192666022,895,3143,61,82
28065,Jefferson Davis County,MS,Mississippi,"Jefferson Davis County, MS",Has not expanded Medicaid,"Rural, near a metro",440,1773,24.80,45.40,25.7783673874231303,20.2032109192666022,736,3143,51,82
28067,Jones County,MS,Mississippi,"Jones County, MS",Has not expanded Medicaid,"Rural, near a metro",2575,9166,28.10,44.40,25.7783673874231303,20.2032109192666022,464,3143,20,82
28069,Kemper County,MS,Mississippi,"Kemper County, MS",Has not expanded Medicaid,Remote rural,289,1302,22.20,46.10,25.7783673874231303,20.2032109192666022,1030,3143,67,82
28071,Lafayette County,MS,Mississippi,"Lafayette County, MS",Has not expanded Medicaid,"Rural, near a metro",2327,8077,28.80,39.40,25.7783673874231303,20.2032109192666022,411,3143,13,82
28073,Lamar County,MS,Mississippi,"Lamar County, MS",Has not expanded Medicaid,Metro,2161,8079,26.70,43.60,25.7783673874231303,20.2032109192666022,556,3143,32,82
28075,Lauderdale County,MS,Mississippi,"Lauderdale County, MS",Has not expanded Medicaid,Remote rural,2497,10630,23.50,40.00,25.7783673874231303,20.2032109192666022,885,3143,58,82
28077,Lawrence County,MS,Mississippi,"Lawrence County, MS",Has not expanded Medicaid,"Rural, near a metro",495,1853,26.70,46.30,25.7783673874231303,20.2032109192666022,556,3143,32,82
28079,Leake County,MS,Mississippi,"Leake County, MS",Has not expanded Medicaid,"Rural, near a metro",879,3140,28.00,50.00,25.7783673874231303,20.2032109192666022,470,3143,22,82
28081,Lee County,MS,Mississippi,"Lee County, MS",Has not expanded Medicaid,Remote rural,2266,9456,24.00,39.10,25.7783673874231303,20.2032109192666022,830,3143,57,82
28083,Leflore County,MS,Mississippi,"Leflore County, MS",Has not expanded Medicaid,Remote rural,1155,5421,21.30,37.20,25.7783673874231303,20.2032109192666022,1153,3143,73,82
28085,Lincoln County,MS,Mississippi,"Lincoln County, MS",Has not expanded Medicaid,"Rural, near a metro",1250,4935,25.30,43.60,25.7783673874231303,20.2032109192666022,677,3143,46,82
28087,Lowndes County,MS,Mississippi,"Lowndes County, MS",Has not expanded Medicaid,Remote rural,2002,7849,25.50,38.90,25.7783673874231303,20.2032109192666022,654,3143,44,82
28089,Madison County,MS,Mississippi,"Madison County, MS",Has not expanded Medicaid,Metro,2400,8225,29.20,45.10,25.7783673874231303,20.2032109192666022,393,3143,12,82
28091,Marion County,MS,Mississippi,"Marion County, MS",Has not expanded Medicaid,"Rural, near a metro",1017,3824,26.60,43.00,25.7783673874231303,20.2032109192666022,566,3143,35,82
28093,Marshall County,MS,Mississippi,"Marshall County, MS",Has not expanded Medicaid,Metro,1185,4586,25.80,46.40,25.7783673874231303,20.2032109192666022,635,3143,41,82
28095,Monroe County,MS,Mississippi,"Monroe County, MS",Has not expanded Medicaid,Remote rural,1189,4503,26.40,42.80,25.7783673874231303,20.2032109192666022,581,3143,39,82
28097,Montgomery County,MS,Mississippi,"Montgomery County, MS",Has not expanded Medicaid,Remote rural,398,1544,25.80,40.10,25.7783673874231303,20.2032109192666022,635,3143,41,82
28099,Neshoba County,MS,Mississippi,"Neshoba County, MS",Has not expanded Medicaid,Remote rural,942,4382,21.50,45.00,25.7783673874231303,20.2032109192666022,1123,3143,72,82
28101,Newton County,MS,Mississippi,"Newton County, MS",Has not expanded Medicaid,Remote rural,648,2905,22.30,44.40,25.7783673874231303,20.2032109192666022,1020,3143,66,82
28103,Noxubee County,MS,Mississippi,"Noxubee County, MS",Has not expanded Medicaid,Remote rural,524,1978,26.50,41.30,25.7783673874231303,20.2032109192666022,575,3143,38,82
28105,Oktibbeha County,MS,Mississippi,"Oktibbeha County, MS",Has not expanded Medicaid,Remote rural,2137,10658,20.10,33.40,25.7783673874231303,20.2032109192666022,1300,3143,78,82
28107,Panola County,MS,Mississippi,"Panola County, MS",Has not expanded Medicaid,"Rural, near a metro",1492,5844,25.50,41.90,25.7783673874231303,20.2032109192666022,654,3143,44,82
28109,Pearl River County,MS,Mississippi,"Pearl River County, MS",Has not expanded Medicaid,"Rural, near a metro",2037,7182,28.40,45.40,25.7783673874231303,20.2032109192666022,440,3143,18,82
28111,Perry County,MS,Mississippi,"Perry County, MS",Has not expanded Medicaid,Metro,452,1694,26.70,46.20,25.7783673874231303,20.2032109192666022,556,3143,32,82
28113,Pike County,MS,Mississippi,"Pike County, MS",Has not expanded Medicaid,"Rural, near a metro",1767,6852,25.80,37.60,25.7783673874231303,20.2032109192666022,635,3143,41,82
28115,Pontotoc County,MS,Mississippi,"Pontotoc County, MS",Has not expanded Medicaid,Remote rural,1185,4116,28.80,47.70,25.7783673874231303,20.2032109192666022,411,3143,13,82
28117,Prentiss County,MS,Mississippi,"Prentiss County, MS",Has not expanded Medicaid,Remote rural,924,3468,26.60,44.20,25.7783673874231303,20.2032109192666022,566,3143,35,82
28119,Quitman County,MS,Mississippi,"Quitman County, MS",Has not expanded Medicaid,"Rural, near a metro",263,1269,20.70,39.10,25.7783673874231303,20.2032109192666022,1227,3143,75,82
28121,Rankin County,MS,Mississippi,"Rankin County, MS",Has not expanded Medicaid,Metro,3381,12734,26.60,45.80,25.7783673874231303,20.2032109192666022,566,3143,35,82
28123,Scott County,MS,Mississippi,"Scott County, MS",Has not expanded Medicaid,"Rural, near a metro",1428,4393,32.50,51.70,25.7783673874231303,20.2032109192666022,239,3143,2,82
28125,Sharkey County,MS,Mississippi,"Sharkey County, MS",Has not expanded Medicaid,"Rural, near a metro",133,633,21.00,35.40,25.7783673874231303,20.2032109192666022,1187,3143,74,82
28127,Simpson County,MS,Mississippi,"Simpson County, MS",Has not expanded Medicaid,Metro,951,3526,27.00,45.00,25.7783673874231303,20.2032109192666022,531,3143,30,82
28129,Smith County,MS,Mississippi,"Smith County, MS",Has not expanded Medicaid,"Rural, near a metro",520,1759,29.60,48.00,25.7783673874231303,20.2032109192666022,372,3143,10,82
28131,Stone County,MS,Mississippi,"Stone County, MS",Has not expanded Medicaid,"Rural, near a metro",769,2511,30.60,46.20,25.7783673874231303,20.2032109192666022,316,3143,6,82
28133,Sunflower County,MS,Mississippi,"Sunflower County, MS",Has not expanded Medicaid,Remote rural,845,4110,20.60,38.10,25.7783673874231303,20.2032109192666022,1243,3143,77,82
28135,Tallahatchie County,MS,Mississippi,"Tallahatchie County, MS",Has not expanded Medicaid,Remote rural,448,1862,24.10,40.10,25.7783673874231303,20.2032109192666022,822,3143,56,82
28137,Tate County,MS,Mississippi,"Tate County, MS",Has not expanded Medicaid,Metro,1042,3638,28.60,43.60,25.7783673874231303,20.2032109192666022,428,3143,15,82
28139,Tippah County,MS,Mississippi,"Tippah County, MS",Has not expanded Medicaid,"Rural, near a metro",926,3252,28.50,43.90,25.7783673874231303,20.2032109192666022,435,3143,16,82
28141,Tishomingo County,MS,Mississippi,"Tishomingo County, MS",Has not expanded Medicaid,"Rural, near a metro",775,2633,29.40,42.80,25.7783673874231303,20.2032109192666022,379,3143,11,82
28143,Tunica County,MS,Mississippi,"Tunica County, MS",Has not expanded Medicaid,Metro,423,2265,18.70,33.40,25.7783673874231303,20.2032109192666022,1449,3143,82,82
28145,Union County,MS,Mississippi,"Union County, MS",Has not expanded Medicaid,"Rural, near a metro",1136,3590,31.60,47.70,25.7783673874231303,20.2032109192666022,276,3143,4,82
28147,Walthall County,MS,Mississippi,"Walthall County, MS",Has not expanded Medicaid,Remote rural,658,2140,30.70,46.60,25.7783673874231303,20.2032109192666022,313,3143,5,82
28149,Warren County,MS,Mississippi,"Warren County, MS",Has not expanded Medicaid,"Rural, near a metro",1244,5609,22.20,41.50,25.7783673874231303,20.2032109192666022,1030,3143,67,82
28151,Washington County,MS,Mississippi,"Washington County, MS",Has not expanded Medicaid,Remote rural,1656,8321,19.90,35.30,25.7783673874231303,20.2032109192666022,1321,3143,80,82
28153,Wayne County,MS,Mississippi,"Wayne County, MS",Has not expanded Medicaid,Remote rural,989,3229,30.60,43.60,25.7783673874231303,20.2032109192666022,316,3143,6,82
28155,Webster County,MS,Mississippi,"Webster County, MS",Has not expanded Medicaid,Remote rural,345,1307,26.40,43.10,25.7783673874231303,20.2032109192666022,581,3143,39,82
28157,Wilkinson County,MS,Mississippi,"Wilkinson County, MS",Has not expanded Medicaid,"Rural, near a metro",307,1247,24.60,41.70,25.7783673874231303,20.2032109192666022,757,3143,53,82
28159,Winston County,MS,Mississippi,"Winston County, MS",Has not expanded Medicaid,Remote rural,591,2627,22.50,41.00,25.7783673874231303,20.2032109192666022,1000,3143,65,82
28161,Yalobusha County,MS,Mississippi,"Yalobusha County, MS",Has not expanded Medicaid,Remote rural,421,1935,21.80,37.80,25.7783673874231303,20.2032109192666022,1080,3143,71,82
28163,Yazoo County,MS,Mississippi,"Yazoo County, MS",Has not expanded Medicaid,Metro,1029,4072,25.30,36.20,25.7783673874231303,20.2032109192666022,677,3143,46,82
29001,Adair County,MO,Missouri,"Adair County, MO",Expanded Medicaid in 2022,Remote rural,921,4342,21.20,30.00,19.8039356506750934,20.2032109192666022,1162,3143,28,115
29003,Andrew County,MO,Missouri,"Andrew County, MO",Expanded Medicaid in 2022,Metro,251,1256,20.00,37.80,19.8039356506750934,20.2032109192666022,1308,3143,55,115
29005,Atchison County,MO,Missouri,"Atchison County, MO",Expanded Medicaid in 2022,Remote rural,106,506,20.90,36.90,19.8039356506750934,20.2032109192666022,1200,3143,33,115
29007,Audrain County,MO,Missouri,"Audrain County, MO",Expanded Medicaid in 2022,"Rural, near a metro",615,2976,20.70,35.70,19.8039356506750934,20.2032109192666022,1227,3143,38,115
29009,Barry County,MO,Missouri,"Barry County, MO",Expanded Medicaid in 2022,"Rural, near a metro",1102,4619,23.90,44.60,19.8039356506750934,20.2032109192666022,843,3143,7,115
29011,Barton County,MO,Missouri,"Barton County, MO",Expanded Medicaid in 2022,"Rural, near a metro",341,1791,19.00,37.40,19.8039356506750934,20.2032109192666022,1414,3143,81,115
29013,Bates County,MO,Missouri,"Bates County, MO",Expanded Medicaid in 2022,Metro,417,1913,21.80,38.20,19.8039356506750934,20.2032109192666022,1080,3143,19,115
29015,Benton County,MO,Missouri,"Benton County, MO",Expanded Medicaid in 2022,Remote rural,537,2595,20.70,40.80,19.8039356506750934,20.2032109192666022,1227,3143,38,115
29017,Bollinger County,MO,Missouri,"Bollinger County, MO",Expanded Medicaid in 2022,Metro,262,1365,19.20,36.50,19.8039356506750934,20.2032109192666022,1395,3143,76,115
29019,Boone County,MO,Missouri,"Boone County, MO",Expanded Medicaid in 2022,Metro,4349,24487,17.80,27.50,19.8039356506750934,20.2032109192666022,1561,3143,103,115
29021,Buchanan County,MO,Missouri,"Buchanan County, MO",Expanded Medicaid in 2022,Metro,1851,10038,18.40,36.40,19.8039356506750934,20.2032109192666022,1478,3143,93,115
29023,Butler County,MO,Missouri,"Butler County, MO",Expanded Medicaid in 2022,Remote rural,1246,6628,18.80,30.70,19.8039356506750934,20.2032109192666022,1441,3143,88,115
29025,Caldwell County,MO,Missouri,"Caldwell County, MO",Expanded Medicaid in 2022,Metro,205,978,21.00,38.10,19.8039356506750934,20.2032109192666022,1187,3143,31,115
29027,Callaway County,MO,Missouri,"Callaway County, MO",Expanded Medicaid in 2022,Metro,712,4132,17.20,34.90,19.8039356506750934,20.2032109192666022,1618,3143,111,115
29029,Camden County,MO,Missouri,"Camden County, MO",Expanded Medicaid in 2022,Remote rural,793,3883,20.40,41.90,19.8039356506750934,20.2032109192666022,1260,3143,47,115
29031,Cape Girardeau County,MO,Missouri,"Cape Girardeau County, MO",Expanded Medicaid in 2022,Metro,1781,8662,20.60,30.40,19.8039356506750934,20.2032109192666022,1243,3143,42,115
29033,Carroll County,MO,Missouri,"Carroll County, MO",Expanded Medicaid in 2022,"Rural, near a metro",168,889,18.90,38.00,19.8039356506750934,20.2032109192666022,1423,3143,84,115
29035,Carter County,MO,Missouri,"Carter County, MO",Expanded Medicaid in 2022,Remote rural,144,827,17.40,38.30,19.8039356506750934,20.2032109192666022,1597,3143,109,115
29037,Cass County,MO,Missouri,"Cass County, MO",Expanded Medicaid in 2022,Metro,1236,6814,18.10,38.00,19.8039356506750934,20.2032109192666022,1513,3143,95,115
29039,Cedar County,MO,Missouri,"Cedar County, MO",Expanded Medicaid in 2022,"Rural, near a metro",435,2103,20.70,34.80,19.8039356506750934,20.2032109192666022,1227,3143,38,115
29041,Chariton County,MO,Missouri,"Chariton County, MO",Expanded Medicaid in 2022,Remote rural,135,696,19.40,39.60,19.8039356506750934,20.2032109192666022,1377,3143,69,115
29043,Christian County,MO,Missouri,"Christian County, MO",Expanded Medicaid in 2022,Metro,1302,7013,18.60,39.10,19.8039356506750934,20.2032109192666022,1458,3143,89,115
29045,Clark County,MO,Missouri,"Clark County, MO",Expanded Medicaid in 2022,Remote rural,158,761,20.80,39.70,19.8039356506750934,20.2032109192666022,1216,3143,36,115
29047,Clay County,MO,Missouri,"Clay County, MO",Expanded Medicaid in 2022,Metro,3763,17921,21.00,39.40,19.8039356506750934,20.2032109192666022,1187,3143,31,115
29049,Clinton County,MO,Missouri,"Clinton County, MO",Expanded Medicaid in 2022,Metro,351,1823,19.30,40.90,19.8039356506750934,20.2032109192666022,1385,3143,73,115
29051,Cole County,MO,Missouri,"Cole County, MO",Expanded Medicaid in 2022,Metro,1156,6011,19.20,35.40,19.8039356506750934,20.2032109192666022,1395,3143,76,115
29053,Cooper County,MO,Missouri,"Cooper County, MO",Expanded Medicaid in 2022,"Rural, near a metro",299,1585,18.90,34.50,19.8039356506750934,20.2032109192666022,1423,3143,84,115
29055,Crawford County,MO,Missouri,"Crawford County, MO",Expanded Medicaid in 2022,"Rural, near a metro",597,2993,19.90,34.00,19.8039356506750934,20.2032109192666022,1321,3143,57,115
29057,Dade County,MO,Missouri,"Dade County, MO",Expanded Medicaid in 2022,"Rural, near a metro",220,985,22.30,38.80,19.8039356506750934,20.2032109192666022,1020,3143,13,115
29059,Dallas County,MO,Missouri,"Dallas County, MO",Expanded Medicaid in 2022,Metro,594,2553,23.30,39.30,19.8039356506750934,20.2032109192666022,907,3143,11,115
29061,Daviess County,MO,Missouri,"Daviess County, MO",Expanded Medicaid in 2022,"Rural, near a metro",231,982,23.50,44.10,19.8039356506750934,20.2032109192666022,885,3143,9,115
29063,DeKalb County,MO,Missouri,"DeKalb County, MO",Expanded Medicaid in 2022,Metro,193,915,21.10,37.20,19.8039356506750934,20.2032109192666022,1172,3143,29,115
29065,Dent County,MO,Missouri,"Dent County, MO",Expanded Medicaid in 2022,Remote rural,376,2029,18.50,36.30,19.8039356506750934,20.2032109192666022,1470,3143,91,115
29067,Douglas County,MO,Missouri,"Douglas County, MO",Expanded Medicaid in 2022,"Rural, near a metro",368,1793,20.50,39.40,19.8039356506750934,20.2032109192666022,1257,3143,46,115
29069,Dunklin County,MO,Missouri,"Dunklin County, MO",Expanded Medicaid in 2022,Remote rural,828,4246,19.50,31.90,19.8039356506750934,20.2032109192666022,1364,3143,64,115
29071,Franklin County,MO,Missouri,"Franklin County, MO",Expanded Medicaid in 2022,Metro,1745,8585,20.30,35.60,19.8039356506750934,20.2032109192666022,1281,3143,50,115
29073,Gasconade County,MO,Missouri,"Gasconade County, MO",Expanded Medicaid in 2022,"Rural, near a metro",288,1484,19.40,39.20,19.8039356506750934,20.2032109192666022,1377,3143,69,115
29075,Gentry County,MO,Missouri,"Gentry County, MO",Expanded Medicaid in 2022,"Rural, near a metro",174,796,21.90,37.40,19.8039356506750934,20.2032109192666022,1069,3143,16,115
29077,Greene County,MO,Missouri,"Greene County, MO",Expanded Medicaid in 2022,Metro,7390,38932,19.00,37.10,19.8039356506750934,20.2032109192666022,1414,3143,81,115
29079,Grundy County,MO,Missouri,"Grundy County, MO",Expanded Medicaid in 2022,Remote rural,261,1249,20.90,34.60,19.8039356506750934,20.2032109192666022,1200,3143,33,115
29081,Harrison County,MO,Missouri,"Harrison County, MO",Expanded Medicaid in 2022,Remote rural,229,1137,20.10,37.60,19.8039356506750934,20.2032109192666022,1300,3143,53,115
29083,Henry County,MO,Missouri,"Henry County, MO",Expanded Medicaid in 2022,"Rural, near a metro",530,2766,19.20,33.70,19.8039356506750934,20.2032109192666022,1395,3143,76,115
29085,Hickory County,MO,Missouri,"Hickory County, MO",Expanded Medicaid in 2022,"Rural, near a metro",217,1196,18.10,41.90,19.8039356506750934,20.2032109192666022,1513,3143,95,115
29087,Holt County,MO,Missouri,"Holt County, MO",Expanded Medicaid in 2022,"Rural, near a metro",82,428,19.20,38.60,19.8039356506750934,20.2032109192666022,1395,3143,76,115
29089,Howard County,MO,Missouri,"Howard County, MO",Expanded Medicaid in 2022,"Rural, near a metro",178,944,18.90,38.00,19.8039356506750934,20.2032109192666022,1423,3143,84,115
29091,Howell County,MO,Missouri,"Howell County, MO",Expanded Medicaid in 2022,Remote rural,1247,6393,19.50,32.80,19.8039356506750934,20.2032109192666022,1364,3143,64,115
29093,Iron County,MO,Missouri,"Iron County, MO",Expanded Medicaid in 2022,Remote rural,240,1357,17.70,32.50,19.8039356506750934,20.2032109192666022,1569,3143,105,115
29095,Jackson County,MO,Missouri,"Jackson County, MO",Expanded Medicaid in 2022,Metro,16167,73924,21.90,43.30,19.8039356506750934,20.2032109192666022,1069,3143,16,115
29097,Jasper County,MO,Missouri,"Jasper County, MO",Expanded Medicaid in 2022,Metro,3584,16758,21.40,36.90,19.8039356506750934,20.2032109192666022,1141,3143,26,115
29099,Jefferson County,MO,Missouri,"Jefferson County, MO",Expanded Medicaid in 2022,Metro,3179,16021,19.80,40.30,19.8039356506750934,20.2032109192666022,1331,3143,58,115
29101,Johnson County,MO,Missouri,"Johnson County, MO",Expanded Medicaid in 2022,"Rural, near a metro",1136,6338,17.90,30.00,19.8039356506750934,20.2032109192666022,1535,3143,102,115
29103,Knox County,MO,Missouri,"Knox County, MO",Expanded Medicaid in 2022,Remote rural,140,536,26.10,44.70,19.8039356506750934,20.2032109192666022,612,3143,3,115
29105,Laclede County,MO,Missouri,"Laclede County, MO",Expanded Medicaid in 2022,"Rural, near a metro",926,5129,18.10,33.10,19.8039356506750934,20.2032109192666022,1513,3143,95,115
29107,Lafayette County,MO,Missouri,"Lafayette County, MO",Expanded Medicaid in 2022,Metro,601,3098,19.40,37.00,19.8039356506750934,20.2032109192666022,1377,3143,69,115
29109,Lawrence County,MO,Missouri,"Lawrence County, MO",Expanded Medicaid in 2022,"Rural, near a metro",1131,4800,23.60,40.60,19.8039356506750934,20.2032109192666022,871,3143,8,115
29111,Lewis County,MO,Missouri,"Lewis County, MO",Expanded Medicaid in 2022,Remote rural,212,1040,20.40,37.60,19.8039356506750934,20.2032109192666022,1260,3143,47,115
29113,Lincoln County,MO,Missouri,"Lincoln County, MO",Expanded Medicaid in 2022,Metro,1089,5034,21.60,37.50,19.8039356506750934,20.2032109192666022,1115,3143,22,115
29115,Linn County,MO,Missouri,"Linn County, MO",Expanded Medicaid in 2022,Remote rural,284,1318,21.50,36.10,19.8039356506750934,20.2032109192666022,1123,3143,24,115
29117,Livingston County,MO,Missouri,"Livingston County, MO",Expanded Medicaid in 2022,"Rural, near a metro",280,1539,18.20,36.20,19.8039356506750934,20.2032109192666022,1498,3143,94,115
29119,McDonald County,MO,Missouri,"McDonald County, MO",Expanded Medicaid in 2022,Metro,1118,3702,30.20,43.90,19.8039356506750934,20.2032109192666022,341,3143,1,115
29121,Macon County,MO,Missouri,"Macon County, MO",Expanded Medicaid in 2022,Remote rural,331,1656,20.00,35.30,19.8039356506750934,20.2032109192666022,1308,3143,55,115
29123,Madison County,MO,Missouri,"Madison County, MO",Expanded Medicaid in 2022,"Rural, near a metro",277,1543,18.00,37.10,19.8039356506750934,20.2032109192666022,1527,3143,100,115
29125,Maries County,MO,Missouri,"Maries County, MO",Expanded Medicaid in 2022,"Rural, near a metro",201,952,21.10,40.50,19.8039356506750934,20.2032109192666022,1172,3143,29,115
29127,Marion County,MO,Missouri,"Marion County, MO",Expanded Medicaid in 2022,Remote rural,517,3135,16.50,31.50,19.8039356506750934,20.2032109192666022,1702,3143,114,115
29129,Mercer County,MO,Missouri,"Mercer County, MO",Expanded Medicaid in 2022,Remote rural,89,400,22.30,40.80,19.8039356506750934,20.2032109192666022,1020,3143,13,115
29131,Miller County,MO,Missouri,"Miller County, MO",Expanded Medicaid in 2022,"Rural, near a metro",634,3128,20.30,35.60,19.8039356506750934,20.2032109192666022,1281,3143,50,115
29133,Mississippi County,MO,Missouri,"Mississippi County, MO",Expanded Medicaid in 2022,"Rural, near a metro",360,1880,19.10,31.90,19.8039356506750934,20.2032109192666022,1404,3143,80,115
29135,Moniteau County,MO,Missouri,"Moniteau County, MO",Expanded Medicaid in 2022,Metro,376,1478,25.40,41.90,19.8039356506750934,20.2032109192666022,665,3143,4,115
29137,Monroe County,MO,Missouri,"Monroe County, MO",Expanded Medicaid in 2022,Remote rural,190,933,20.40,40.30,19.8039356506750934,20.2032109192666022,1260,3143,47,115
29139,Montgomery County,MO,Missouri,"Montgomery County, MO",Expanded Medicaid in 2022,"Rural, near a metro",304,1382,22.00,37.90,19.8039356506750934,20.2032109192666022,1060,3143,15,115
29141,Morgan County,MO,Missouri,"Morgan County, MO",Expanded Medicaid in 2022,"Rural, near a metro",681,2914,23.40,40.90,19.8039356506750934,20.2032109192666022,895,3143,10,115
29143,New Madrid County,MO,Missouri,"New Madrid County, MO",Expanded Medicaid in 2022,Remote rural,404,2282,17.70,32.00,19.8039356506750934,20.2032109192666022,1569,3143,105,115
29145,Newton County,MO,Missouri,"Newton County, MO",Expanded Medicaid in 2022,Metro,1552,7090,21.90,43.50,19.8039356506750934,20.2032109192666022,1069,3143,16,115
29147,Nodaway County,MO,Missouri,"Nodaway County, MO",Expanded Medicaid in 2022,"Rural, near a metro",535,2973,18.00,30.30,19.8039356506750934,20.2032109192666022,1527,3143,100,115
29149,Oregon County,MO,Missouri,"Oregon County, MO",Expanded Medicaid in 2022,Remote rural,258,1461,17.70,38.00,19.8039356506750934,20.2032109192666022,1569,3143,105,115
29151,Osage County,MO,Missouri,"Osage County, MO",Expanded Medicaid in 2022,Metro,206,1042,19.80,40.10,19.8039356506750934,20.2032109192666022,1331,3143,58,115
29153,Ozark County,MO,Missouri,"Ozark County, MO",Expanded Medicaid in 2022,Remote rural,301,1391,21.60,41.10,19.8039356506750934,20.2032109192666022,1115,3143,22,115
29155,Pemiscot County,MO,Missouri,"Pemiscot County, MO",Expanded Medicaid in 2022,Remote rural,471,2747,17.10,25.70,19.8039356506750934,20.2032109192666022,1633,3143,113,115
29157,Perry County,MO,Missouri,"Perry County, MO",Expanded Medicaid in 2022,"Rural, near a metro",363,1766,20.60,40.00,19.8039356506750934,20.2032109192666022,1243,3143,42,115
29159,Pettis County,MO,Missouri,"Pettis County, MO",Expanded Medicaid in 2022,"Rural, near a metro",1259,5167,24.40,43.20,19.8039356506750934,20.2032109192666022,785,3143,5,115
29161,Phelps County,MO,Missouri,"Phelps County, MO",Expanded Medicaid in 2022,Remote rural,1293,6707,19.30,35.20,19.8039356506750934,20.2032109192666022,1385,3143,73,115
29163,Pike County,MO,Missouri,"Pike County, MO",Expanded Medicaid in 2022,"Rural, near a metro",384,1994,19.30,36.10,19.8039356506750934,20.2032109192666022,1385,3143,73,115
29165,Platte County,MO,Missouri,"Platte County, MO",Expanded Medicaid in 2022,Metro,1349,6441,20.90,38.60,19.8039356506750934,20.2032109192666022,1200,3143,33,115
29167,Polk County,MO,Missouri,"Polk County, MO",Expanded Medicaid in 2022,Metro,916,4409,20.80,34.90,19.8039356506750934,20.2032109192666022,1216,3143,36,115
29169,Pulaski County,MO,Missouri,"Pulaski County, MO",Expanded Medicaid in 2022,Remote rural,923,5249,17.60,30.50,19.8039356506750934,20.2032109192666022,1584,3143,108,115
29171,Putnam County,MO,Missouri,"Putnam County, MO",Expanded Medicaid in 2022,Remote rural,104,549,18.90,40.10,19.8039356506750934,20.2032109192666022,1423,3143,84,115
29173,Ralls County,MO,Missouri,"Ralls County, MO",Expanded Medicaid in 2022,Remote rural,173,885,19.50,39.00,19.8039356506750934,20.2032109192666022,1364,3143,64,115
29175,Randolph County,MO,Missouri,"Randolph County, MO",Expanded Medicaid in 2022,"Rural, near a metro",542,2848,19.00,34.30,19.8039356506750934,20.2032109192666022,1414,3143,81,115
29177,Ray County,MO,Missouri,"Ray County, MO",Expanded Medicaid in 2022,Metro,425,2053,20.70,37.20,19.8039356506750934,20.2032109192666022,1227,3143,38,115
29179,Reynolds County,MO,Missouri,"Reynolds County, MO",Expanded Medicaid in 2022,Remote rural,157,869,18.10,35.30,19.8039356506750934,20.2032109192666022,1513,3143,95,115
29181,Ripley County,MO,Missouri,"Ripley County, MO",Expanded Medicaid in 2022,Remote rural,316,1835,17.20,32.60,19.8039356506750934,20.2032109192666022,1618,3143,111,115
29183,St. Charles County,MO,Missouri,"St. Charles County, MO",Expanded Medicaid in 2022,Metro,3269,16824,19.40,41.40,19.8039356506750934,20.2032109192666022,1377,3143,69,115
29185,St. Clair County,MO,Missouri,"St. Clair County, MO",Expanded Medicaid in 2022,"Rural, near a metro",251,1390,18.10,39.80,19.8039356506750934,20.2032109192666022,1513,3143,95,115
29186,Ste. Genevieve County,MO,Missouri,"Ste. Genevieve County, MO",Expanded Medicaid in 2022,"Rural, near a metro",266,1347,19.70,37.90,19.8039356506750934,20.2032109192666022,1346,3143,62,115
29187,St. Francois County,MO,Missouri,"St. Francois County, MO",Expanded Medicaid in 2022,"Rural, near a metro",1509,8709,17.30,31.80,19.8039356506750934,20.2032109192666022,1608,3143,110,115
29189,St. Louis County,MO,Missouri,"St. Louis County, MO",Expanded Medicaid in 2022,Metro,13150,67596,19.50,38.00,19.8039356506750934,20.2032109192666022,1364,3143,64,115
29195,Saline County,MO,Missouri,"Saline County, MO",Expanded Medicaid in 2022,"Rural, near a metro",474,2437,19.50,36.00,19.8039356506750934,20.2032109192666022,1364,3143,64,115
29197,Schuyler County,MO,Missouri,"Schuyler County, MO",Expanded Medicaid in 2022,Remote rural,109,550,19.80,41.80,19.8039356506750934,20.2032109192666022,1331,3143,58,115
29199,Scotland County,MO,Missouri,"Scotland County, MO",Expanded Medicaid in 2022,Remote rural,148,537,27.60,40.20,19.8039356506750934,20.2032109192666022,492,3143,2,115
29201,Scott County,MO,Missouri,"Scott County, MO",Expanded Medicaid in 2022,"Rural, near a metro",866,4681,18.50,30.90,19.8039356506750934,20.2032109192666022,1470,3143,91,115
29203,Shannon County,MO,Missouri,"Shannon County, MO",Expanded Medicaid in 2022,Remote rural,194,1088,17.80,37.60,19.8039356506750934,20.2032109192666022,1561,3143,103,115
29205,Shelby County,MO,Missouri,"Shelby County, MO",Expanded Medicaid in 2022,Remote rural,150,698,21.50,38.40,19.8039356506750934,20.2032109192666022,1123,3143,24,115
29207,Stoddard County,MO,Missouri,"Stoddard County, MO",Expanded Medicaid in 2022,"Rural, near a metro",744,3785,19.70,35.30,19.8039356506750934,20.2032109192666022,1346,3143,62,115
29209,Stone County,MO,Missouri,"Stone County, MO",Expanded Medicaid in 2022,"Rural, near a metro",691,3362,20.60,43.40,19.8039356506750934,20.2032109192666022,1243,3143,42,115
29211,Sullivan County,MO,Missouri,"Sullivan County, MO",Expanded Medicaid in 2022,Remote rural,183,754,24.30,44.60,19.8039356506750934,20.2032109192666022,800,3143,6,115
29213,Taney County,MO,Missouri,"Taney County, MO",Expanded Medicaid in 2022,"Rural, near a metro",1615,7395,21.80,44.30,19.8039356506750934,20.2032109192666022,1080,3143,19,115
29215,Texas County,MO,Missouri,"Texas County, MO",Expanded Medicaid in 2022,Remote rural,818,3814,21.40,37.10,19.8039356506750934,20.2032109192666022,1141,3143,26,115
29217,Vernon County,MO,Missouri,"Vernon County, MO",Expanded Medicaid in 2022,Remote rural,554,2724,20.30,36.10,19.8039356506750934,20.2032109192666022,1281,3143,50,115
29219,Warren County,MO,Missouri,"Warren County, MO",Expanded Medicaid in 2022,Metro,624,2881,21.70,40.10,19.8039356506750934,20.2032109192666022,1097,3143,21,115
29221,Washington County,MO,Missouri,"Washington County, MO",Expanded Medicaid in 2022,"Rural, near a metro",697,3472,20.10,33.00,19.8039356506750934,20.2032109192666022,1300,3143,53,115
29223,Wayne County,MO,Missouri,"Wayne County, MO",Expanded Medicaid in 2022,Remote rural,382,1852,20.60,34.80,19.8039356506750934,20.2032109192666022,1243,3143,42,115
29225,Webster County,MO,Missouri,"Webster County, MO",Expanded Medicaid in 2022,Metro,1105,4770,23.20,43.30,19.8039356506750934,20.2032109192666022,915,3143,12,115
29227,Worth County,MO,Missouri,"Worth County, MO",Expanded Medicaid in 2022,Remote rural,46,247,18.60,39.40,19.8039356506750934,20.2032109192666022,1458,3143,89,115
29229,Wright County,MO,Missouri,"Wright County, MO",Expanded Medicaid in 2022,"Rural, near a metro",594,3002,19.80,36.50,19.8039356506750934,20.2032109192666022,1331,3143,58,115
29510,St. Louis city,MO,Missouri,"St. Louis city, MO",Expanded Medicaid in 2022,Metro,6529,41968,15.60,33.90,19.8039356506750934,20.2032109192666022,1805,3143,115,115
30001,Beaverhead County,MT,Montana,"Beaverhead County, MT",Expanded Medicaid in 2016,Remote rural,237,1166,20.30,42.30,20.4288250557654664,20.2032109192666022,1281,3143,40,56
30003,Big Horn County,MT,Montana,"Big Horn County, MT",Expanded Medicaid in 2016,"Rural, near a metro",315,1872,16.80,47.30,20.4288250557654664,20.2032109192666022,1666,3143,54,56
30005,Blaine County,MT,Montana,"Blaine County, MT",Expanded Medicaid in 2016,Remote rural,172,960,17.90,45.10,20.4288250557654664,20.2032109192666022,1535,3143,50,56
30007,Broadwater County,MT,Montana,"Broadwater County, MT",Expanded Medicaid in 2016,Remote rural,150,625,24.00,47.20,20.4288250557654664,20.2032109192666022,830,3143,14,56
30009,Carbon County,MT,Montana,"Carbon County, MT",Expanded Medicaid in 2016,Metro,246,1060,23.20,51.20,20.4288250557654664,20.2032109192666022,915,3143,19,56
30011,Carter County,MT,Montana,"Carter County, MT",Expanded Medicaid in 2016,Remote rural,40,169,23.70,51.50,20.4288250557654664,20.2032109192666022,863,3143,16,56
30013,Cascade County,MT,Montana,"Cascade County, MT",Expanded Medicaid in 2016,Metro,1467,8549,17.20,37.00,20.4288250557654664,20.2032109192666022,1618,3143,52,56
30015,Chouteau County,MT,Montana,"Chouteau County, MT",Expanded Medicaid in 2016,"Rural, near a metro",165,748,22.10,45.40,20.4288250557654664,20.2032109192666022,1048,3143,30,56
30017,Custer County,MT,Montana,"Custer County, MT",Expanded Medicaid in 2016,Remote rural,269,1242,21.70,40.50,20.4288250557654664,20.2032109192666022,1097,3143,33,56
30019,Daniels County,MT,Montana,"Daniels County, MT",Expanded Medicaid in 2016,Remote rural,26,119,21.80,48.30,20.4288250557654664,20.2032109192666022,1080,3143,32,56
30021,Dawson County,MT,Montana,"Dawson County, MT",Expanded Medicaid in 2016,Remote rural,166,766,21.70,42.00,20.4288250557654664,20.2032109192666022,1097,3143,33,56
30023,Deer Lodge County,MT,Montana,"Deer Lodge County, MT",Expanded Medicaid in 2016,Remote rural,206,1044,19.70,40.60,20.4288250557654664,20.2032109192666022,1346,3143,44,56
30025,Fallon County,MT,Montana,"Fallon County, MT",Expanded Medicaid in 2016,Remote rural,60,268,22.40,43.90,20.4288250557654664,20.2032109192666022,1010,3143,25,56
30027,Fergus County,MT,Montana,"Fergus County, MT",Expanded Medicaid in 2016,Remote rural,293,1171,25.00,42.30,20.4288250557654664,20.2032109192666022,711,3143,7,56
30029,Flathead County,MT,Montana,"Flathead County, MT",Expanded Medicaid in 2016,Remote rural,2049,9449,21.70,44.70,20.4288250557654664,20.2032109192666022,1097,3143,33,56
30031,Gallatin County,MT,Montana,"Gallatin County, MT",Expanded Medicaid in 2016,Remote rural,2524,11875,21.30,34.90,20.4288250557654664,20.2032109192666022,1153,3143,36,56
30033,Garfield County,MT,Montana,"Garfield County, MT",Expanded Medicaid in 2016,Remote rural,51,190,26.80,54.00,20.4288250557654664,20.2032109192666022,543,3143,4,56
30035,Glacier County,MT,Montana,"Glacier County, MT",Expanded Medicaid in 2016,Remote rural,349,2310,15.10,46.10,20.4288250557654664,20.2032109192666022,1877,3143,55,56
30037,Golden Valley County,MT,Montana,"Golden Valley County, MT",Expanded Medicaid in 2016,Metro,30,135,22.20,51.00,20.4288250557654664,20.2032109192666022,1030,3143,28,56
30039,Granite County,MT,Montana,"Granite County, MT",Expanded Medicaid in 2016,"Rural, near a metro",111,351,31.60,48.70,20.4288250557654664,20.2032109192666022,276,3143,2,56
30041,Hill County,MT,Montana,"Hill County, MT",Expanded Medicaid in 2016,Remote rural,336,1958,17.20,43.40,20.4288250557654664,20.2032109192666022,1618,3143,52,56
30043,Jefferson County,MT,Montana,"Jefferson County, MT",Expanded Medicaid in 2016,Remote rural,195,801,24.30,47.60,20.4288250557654664,20.2032109192666022,800,3143,11,56
30045,Judith Basin County,MT,Montana,"Judith Basin County, MT",Expanded Medicaid in 2016,"Rural, near a metro",63,241,26.10,48.90,20.4288250557654664,20.2032109192666022,612,3143,5,56
30047,Lake County,MT,Montana,"Lake County, MT",Expanded Medicaid in 2016,"Rural, near a metro",739,3784,19.50,47.50,20.4288250557654664,20.2032109192666022,1364,3143,45,56
30049,Lewis and Clark County,MT,Montana,"Lewis and Clark County, MT",Expanded Medicaid in 2016,Remote rural,1310,5912,22.20,37.80,20.4288250557654664,20.2032109192666022,1030,3143,28,56
30051,Liberty County,MT,Montana,"Liberty County, MT",Expanded Medicaid in 2016,Remote rural,72,284,25.40,40.20,20.4288250557654664,20.2032109192666022,665,3143,6,56
30053,Lincoln County,MT,Montana,"Lincoln County, MT",Expanded Medicaid in 2016,Remote rural,636,2583,24.60,43.00,20.4288250557654664,20.2032109192666022,757,3143,10,56
30055,McCone County,MT,Montana,"McCone County, MT",Expanded Medicaid in 2016,Remote rural,44,181,24.30,55.10,20.4288250557654664,20.2032109192666022,800,3143,11,56
30057,Madison County,MT,Montana,"Madison County, MT",Expanded Medicaid in 2016,Remote rural,194,713,27.20,44.60,20.4288250557654664,20.2032109192666022,519,3143,3,56
30059,Meagher County,MT,Montana,"Meagher County, MT",Expanded Medicaid in 2016,Remote rural,49,220,22.30,45.40,20.4288250557654664,20.2032109192666022,1020,3143,26,56
30061,Mineral County,MT,Montana,"Mineral County, MT",Expanded Medicaid in 2016,"Rural, near a metro",123,559,22.00,43.90,20.4288250557654664,20.2032109192666022,1060,3143,31,56
30063,Missoula County,MT,Montana,"Missoula County, MT",Expanded Medicaid in 2016,Metro,2394,13298,18.00,36.20,20.4288250557654664,20.2032109192666022,1527,3143,49,56
30065,Musselshell County,MT,Montana,"Musselshell County, MT",Expanded Medicaid in 2016,"Rural, near a metro",146,612,23.90,47.30,20.4288250557654664,20.2032109192666022,843,3143,15,56
30067,Park County,MT,Montana,"Park County, MT",Expanded Medicaid in 2016,Remote rural,333,1663,20.00,42.30,20.4288250557654664,20.2032109192666022,1308,3143,42,56
30069,Petroleum County,MT,Montana,"Petroleum County, MT",Expanded Medicaid in 2016,Remote rural,14,69,20.30,47.40,20.4288250557654664,20.2032109192666022,1281,3143,40,56
30071,Phillips County,MT,Montana,"Phillips County, MT",Expanded Medicaid in 2016,Remote rural,110,524,21.00,46.40,20.4288250557654664,20.2032109192666022,1187,3143,37,56
30073,Pondera County,MT,Montana,"Pondera County, MT",Expanded Medicaid in 2016,Remote rural,175,927,18.90,48.30,20.4288250557654664,20.2032109192666022,1423,3143,46,56
30075,Powder River County,MT,Montana,"Powder River County, MT",Expanded Medicaid in 2016,Remote rural,43,188,22.90,48.70,20.4288250557654664,20.2032109192666022,960,3143,22,56
30077,Powell County,MT,Montana,"Powell County, MT",Expanded Medicaid in 2016,"Rural, near a metro",128,690,18.60,43.70,20.4288250557654664,20.2032109192666022,1458,3143,47,56
30079,Prairie County,MT,Montana,"Prairie County, MT",Expanded Medicaid in 2016,Remote rural,34,103,33.00,50.00,20.4288250557654664,20.2032109192666022,224,3143,1,56
30081,Ravalli County,MT,Montana,"Ravalli County, MT",Expanded Medicaid in 2016,"Rural, near a metro",943,3810,24.80,46.70,20.4288250557654664,20.2032109192666022,736,3143,8,56
30083,Richland County,MT,Montana,"Richland County, MT",Expanded Medicaid in 2016,Remote rural,208,898,23.20,45.90,20.4288250557654664,20.2032109192666022,915,3143,19,56
30085,Roosevelt County,MT,Montana,"Roosevelt County, MT",Expanded Medicaid in 2016,Remote rural,220,1506,14.60,43.50,20.4288250557654664,20.2032109192666022,1960,3143,56,56
30087,Rosebud County,MT,Montana,"Rosebud County, MT",Expanded Medicaid in 2016,Remote rural,168,925,18.20,44.00,20.4288250557654664,20.2032109192666022,1498,3143,48,56
30089,Sanders County,MT,Montana,"Sanders County, MT",Expanded Medicaid in 2016,"Rural, near a metro",397,1639,24.20,48.00,20.4288250557654664,20.2032109192666022,811,3143,13,56
30091,Sheridan County,MT,Montana,"Sheridan County, MT",Expanded Medicaid in 2016,Remote rural,74,321,23.10,46.80,20.4288250557654664,20.2032109192666022,929,3143,21,56
30093,Silver Bow County,MT,Montana,"Silver Bow County, MT",Expanded Medicaid in 2016,Remote rural,754,4221,17.90,36.70,20.4288250557654664,20.2032109192666022,1535,3143,50,56
30095,Stillwater County,MT,Montana,"Stillwater County, MT",Expanded Medicaid in 2016,"Rural, near a metro",144,583,24.70,42.80,20.4288250557654664,20.2032109192666022,746,3143,9,56
30097,Sweet Grass County,MT,Montana,"Sweet Grass County, MT",Expanded Medicaid in 2016,Remote rural,68,329,20.70,43.80,20.4288250557654664,20.2032109192666022,1227,3143,38,56
30099,Teton County,MT,Montana,"Teton County, MT",Expanded Medicaid in 2016,"Rural, near a metro",158,708,22.30,46.00,20.4288250557654664,20.2032109192666022,1020,3143,26,56
30101,Toole County,MT,Montana,"Toole County, MT",Expanded Medicaid in 2016,Remote rural,144,611,23.60,41.10,20.4288250557654664,20.2032109192666022,871,3143,18,56
30103,Treasure County,MT,Montana,"Treasure County, MT",Expanded Medicaid in 2016,"Rural, near a metro",18,79,22.80,48.60,20.4288250557654664,20.2032109192666022,970,3143,23,56
30105,Valley County,MT,Montana,"Valley County, MT",Expanded Medicaid in 2016,Remote rural,140,704,19.90,47.10,20.4288250557654664,20.2032109192666022,1321,3143,43,56
30107,Wheatland County,MT,Montana,"Wheatland County, MT",Expanded Medicaid in 2016,Remote rural,68,287,23.70,46.00,20.4288250557654664,20.2032109192666022,863,3143,16,56
30109,Wibaux County,MT,Montana,"Wibaux County, MT",Expanded Medicaid in 2016,Remote rural,23,102,22.50,49.10,20.4288250557654664,20.2032109192666022,1000,3143,24,56
30111,Yellowstone County,MT,Montana,"Yellowstone County, MT",Expanded Medicaid in 2016,Metro,2847,13733,20.70,40.60,20.4288250557654664,20.2032109192666022,1227,3143,38,56
31001,Adams County,NE,Nebraska,"Adams County, NE",Expanded Medicaid in 2021,"Rural, near a metro",458,2721,16.80,33.70,17.2215313554805472,20.2032109192666022,1666,3143,27,93
31003,Antelope County,NE,Nebraska,"Antelope County, NE",Expanded Medicaid in 2021,Remote rural,79,500,15.80,35.00,17.2215313554805472,20.2032109192666022,1787,3143,37,93
31005,Arthur County,NE,Nebraska,"Arthur County, NE",Expanded Medicaid in 2021,Remote rural,9,60,15.00,39.70,17.2215313554805472,20.2032109192666022,1895,3143,50,93
31007,Banner County,NE,Nebraska,"Banner County, NE",Expanded Medicaid in 2021,Remote rural,14,71,19.70,46.50,17.2215313554805472,20.2032109192666022,1346,3143,13,93
31009,Blaine County,NE,Nebraska,"Blaine County, NE",Expanded Medicaid in 2021,Remote rural,12,90,13.30,45.40,17.2215313554805472,20.2032109192666022,2263,3143,79,93
31011,Boone County,NE,Nebraska,"Boone County, NE",Expanded Medicaid in 2021,Remote rural,59,389,15.20,32.70,17.2215313554805472,20.2032109192666022,1863,3143,47,93
31013,Box Butte County,NE,Nebraska,"Box Butte County, NE",Expanded Medicaid in 2021,Remote rural,169,959,17.60,32.70,17.2215313554805472,20.2032109192666022,1584,3143,21,93
31015,Boyd County,NE,Nebraska,"Boyd County, NE",Expanded Medicaid in 2021,Remote rural,28,192,14.60,38.10,17.2215313554805472,20.2032109192666022,1960,3143,61,93
31017,Brown County,NE,Nebraska,"Brown County, NE",Expanded Medicaid in 2021,Remote rural,50,320,15.60,36.10,17.2215313554805472,20.2032109192666022,1805,3143,40,93
31019,Buffalo County,NE,Nebraska,"Buffalo County, NE",Expanded Medicaid in 2021,"Rural, near a metro",825,4538,18.20,29.90,17.2215313554805472,20.2032109192666022,1498,3143,18,93
31021,Burt County,NE,Nebraska,"Burt County, NE",Expanded Medicaid in 2021,"Rural, near a metro",74,536,13.80,34.40,17.2215313554805472,20.2032109192666022,2156,3143,76,93
31023,Butler County,NE,Nebraska,"Butler County, NE",Expanded Medicaid in 2021,"Rural, near a metro",101,590,17.10,34.50,17.2215313554805472,20.2032109192666022,1633,3143,24,93
31025,Cass County,NE,Nebraska,"Cass County, NE",Expanded Medicaid in 2021,Metro,227,1522,14.90,34.10,17.2215313554805472,20.2032109192666022,1907,3143,53,93
31027,Cedar County,NE,Nebraska,"Cedar County, NE",Expanded Medicaid in 2021,Remote rural,85,518,16.40,36.20,17.2215313554805472,20.2032109192666022,1709,3143,30,93
31029,Chase County,NE,Nebraska,"Chase County, NE",Expanded Medicaid in 2021,Remote rural,60,283,21.20,45.90,17.2215313554805472,20.2032109192666022,1162,3143,5,93
31031,Cherry County,NE,Nebraska,"Cherry County, NE",Expanded Medicaid in 2021,Remote rural,81,660,12.30,34.60,17.2215313554805472,20.2032109192666022,2477,3143,88,93
31033,Cheyenne County,NE,Nebraska,"Cheyenne County, NE",Expanded Medicaid in 2021,Remote rural,130,975,13.30,31.80,17.2215313554805472,20.2032109192666022,2263,3143,79,93
31035,Clay County,NE,Nebraska,"Clay County, NE",Expanded Medicaid in 2021,"Rural, near a metro",75,430,17.40,39.30,17.2215313554805472,20.2032109192666022,1597,3143,22,93
31037,Colfax County,NE,Nebraska,"Colfax County, NE",Expanded Medicaid in 2021,Remote rural,272,836,32.50,50.20,17.2215313554805472,20.2032109192666022,239,3143,1,93
31039,Cuming County,NE,Nebraska,"Cuming County, NE",Expanded Medicaid in 2021,Remote rural,138,664,20.80,40.90,17.2215313554805472,20.2032109192666022,1216,3143,7,93
31041,Custer County,NE,Nebraska,"Custer County, NE",Expanded Medicaid in 2021,Remote rural,153,1020,15.00,36.40,17.2215313554805472,20.2032109192666022,1895,3143,50,93
31043,Dakota County,NE,Nebraska,"Dakota County, NE",Expanded Medicaid in 2021,Metro,409,2059,19.90,44.60,17.2215313554805472,20.2032109192666022,1321,3143,11,93
31045,Dawes County,NE,Nebraska,"Dawes County, NE",Expanded Medicaid in 2021,Remote rural,129,993,13.00,32.30,17.2215313554805472,20.2032109192666022,2325,3143,83,93
31047,Dawson County,NE,Nebraska,"Dawson County, NE",Expanded Medicaid in 2021,Remote rural,458,2254,20.30,45.90,17.2215313554805472,20.2032109192666022,1281,3143,8,93
31049,Deuel County,NE,Nebraska,"Deuel County, NE",Expanded Medicaid in 2021,Remote rural,26,186,14.00,37.90,17.2215313554805472,20.2032109192666022,2103,3143,69,93
31051,Dixon County,NE,Nebraska,"Dixon County, NE",Expanded Medicaid in 2021,Metro,96,402,23.90,41.40,17.2215313554805472,20.2032109192666022,843,3143,3,93
31053,Dodge County,NE,Nebraska,"Dodge County, NE",Expanded Medicaid in 2021,"Rural, near a metro",569,3174,17.90,37.30,17.2215313554805472,20.2032109192666022,1535,3143,19,93
31055,Douglas County,NE,Nebraska,"Douglas County, NE",Expanded Medicaid in 2021,Metro,10568,52403,20.20,36.40,17.2215313554805472,20.2032109192666022,1292,3143,9,93
31057,Dundy County,NE,Nebraska,"Dundy County, NE",Expanded Medicaid in 2021,Remote rural,25,169,14.80,41.60,17.2215313554805472,20.2032109192666022,1923,3143,56,93
31059,Fillmore County,NE,Nebraska,"Fillmore County, NE",Expanded Medicaid in 2021,"Rural, near a metro",52,383,13.60,33.00,17.2215313554805472,20.2032109192666022,2201,3143,77,93
31061,Franklin County,NE,Nebraska,"Franklin County, NE",Expanded Medicaid in 2021,Remote rural,36,252,14.30,36.00,17.2215313554805472,20.2032109192666022,2031,3143,66,93
31063,Frontier County,NE,Nebraska,"Frontier County, NE",Expanded Medicaid in 2021,Remote rural,42,287,14.60,33.40,17.2215313554805472,20.2032109192666022,1960,3143,61,93
31065,Furnas County,NE,Nebraska,"Furnas County, NE",Expanded Medicaid in 2021,Remote rural,62,445,13.90,32.90,17.2215313554805472,20.2032109192666022,2127,3143,71,93
31067,Gage County,NE,Nebraska,"Gage County, NE",Expanded Medicaid in 2021,"Rural, near a metro",231,1936,11.90,27.80,17.2215313554805472,20.2032109192666022,2586,3143,91,93
31069,Garden County,NE,Nebraska,"Garden County, NE",Expanded Medicaid in 2021,Remote rural,38,274,13.90,37.80,17.2215313554805472,20.2032109192666022,2127,3143,71,93
31071,Garfield County,NE,Nebraska,"Garfield County, NE",Expanded Medicaid in 2021,Remote rural,28,213,13.10,36.50,17.2215313554805472,20.2032109192666022,2304,3143,81,93
31073,Gosper County,NE,Nebraska,"Gosper County, NE",Expanded Medicaid in 2021,Remote rural,25,146,17.10,36.10,17.2215313554805472,20.2032109192666022,1633,3143,24,93
31075,Grant County,NE,Nebraska,"Grant County, NE",Expanded Medicaid in 2021,Remote rural,9,63,14.30,37.90,17.2215313554805472,20.2032109192666022,2031,3143,66,93
31077,Greeley County,NE,Nebraska,"Greeley County, NE",Expanded Medicaid in 2021,"Rural, near a metro",35,210,16.70,43.10,17.2215313554805472,20.2032109192666022,1680,3143,28,93
31079,Hall County,NE,Nebraska,"Hall County, NE",Expanded Medicaid in 2021,Metro,1251,5740,21.80,42.60,17.2215313554805472,20.2032109192666022,1080,3143,4,93
31081,Hamilton County,NE,Nebraska,"Hamilton County, NE",Expanded Medicaid in 2021,Metro,78,560,13.90,31.70,17.2215313554805472,20.2032109192666022,2127,3143,71,93
31083,Harlan County,NE,Nebraska,"Harlan County, NE",Expanded Medicaid in 2021,Remote rural,48,254,18.90,35.70,17.2215313554805472,20.2032109192666022,1423,3143,14,93
31085,Hayes County,NE,Nebraska,"Hayes County, NE",Expanded Medicaid in 2021,Remote rural,17,86,19.80,53.60,17.2215313554805472,20.2032109192666022,1331,3143,12,93
31087,Hitchcock County,NE,Nebraska,"Hitchcock County, NE",Expanded Medicaid in 2021,Remote rural,42,271,15.50,36.80,17.2215313554805472,20.2032109192666022,1820,3143,42,93
31089,Holt County,NE,Nebraska,"Holt County, NE",Expanded Medicaid in 2021,Remote rural,158,922,17.10,33.10,17.2215313554805472,20.2032109192666022,1633,3143,24,93
31091,Hooker County,NE,Nebraska,"Hooker County, NE",Expanded Medicaid in 2021,Remote rural,12,80,15.00,36.90,17.2215313554805472,20.2032109192666022,1895,3143,50,93
31093,Howard County,NE,Nebraska,"Howard County, NE",Expanded Medicaid in 2021,Metro,75,506,14.80,36.30,17.2215313554805472,20.2032109192666022,1923,3143,56,93
31095,Jefferson County,NE,Nebraska,"Jefferson County, NE",Expanded Medicaid in 2021,Remote rural,79,601,13.10,31.80,17.2215313554805472,20.2032109192666022,2304,3143,81,93
31097,Johnson County,NE,Nebraska,"Johnson County, NE",Expanded Medicaid in 2021,"Rural, near a metro",51,375,13.60,36.00,17.2215313554805472,20.2032109192666022,2201,3143,77,93
31099,Kearney County,NE,Nebraska,"Kearney County, NE",Expanded Medicaid in 2021,Remote rural,81,453,17.90,34.30,17.2215313554805472,20.2032109192666022,1535,3143,19,93
31101,Keith County,NE,Nebraska,"Keith County, NE",Expanded Medicaid in 2021,Remote rural,112,731,15.30,34.90,17.2215313554805472,20.2032109192666022,1851,3143,45,93
31103,Keya Paha County,NE,Nebraska,"Keya Paha County, NE",Expanded Medicaid in 2021,Remote rural,22,120,18.30,45.00,17.2215313554805472,20.2032109192666022,1489,3143,16,93
31105,Kimball County,NE,Nebraska,"Kimball County, NE",Expanded Medicaid in 2021,"Rural, near a metro",52,323,16.10,36.50,17.2215313554805472,20.2032109192666022,1742,3143,32,93
31107,Knox County,NE,Nebraska,"Knox County, NE",Expanded Medicaid in 2021,Remote rural,99,762,13.00,38.40,17.2215313554805472,20.2032109192666022,2325,3143,83,93
31109,Lancaster County,NE,Nebraska,"Lancaster County, NE",Expanded Medicaid in 2021,Metro,4653,33472,13.90,32.80,17.2215313554805472,20.2032109192666022,2127,3143,71,93
31111,Lincoln County,NE,Nebraska,"Lincoln County, NE",Expanded Medicaid in 2021,Remote rural,444,3189,13.90,29.00,17.2215313554805472,20.2032109192666022,2127,3143,71,93
31113,Logan County,NE,Nebraska,"Logan County, NE",Expanded Medicaid in 2021,Remote rural,6,54,11.10,37.10,17.2215313554805472,20.2032109192666022,2772,3143,92,93
31115,Loup County,NE,Nebraska,"Loup County, NE",Expanded Medicaid in 2021,Remote rural,12,92,13.00,37.60,17.2215313554805472,20.2032109192666022,2325,3143,83,93
31117,McPherson County,NE,Nebraska,"McPherson County, NE",Expanded Medicaid in 2021,Remote rural,8,54,14.80,36.80,17.2215313554805472,20.2032109192666022,1923,3143,56,93
31119,Madison County,NE,Nebraska,"Madison County, NE",Expanded Medicaid in 2021,Remote rural,478,3026,15.80,35.80,17.2215313554805472,20.2032109192666022,1787,3143,37,93
31121,Merrick County,NE,Nebraska,"Merrick County, NE",Expanded Medicaid in 2021,Metro,108,679,15.90,34.90,17.2215313554805472,20.2032109192666022,1769,3143,34,93
31123,Morrill County,NE,Nebraska,"Morrill County, NE",Expanded Medicaid in 2021,Remote rural,76,490,15.50,37.30,17.2215313554805472,20.2032109192666022,1820,3143,42,93
31125,Nance County,NE,Nebraska,"Nance County, NE",Expanded Medicaid in 2021,"Rural, near a metro",44,305,14.40,34.90,17.2215313554805472,20.2032109192666022,2007,3143,64,93
31127,Nemaha County,NE,Nebraska,"Nemaha County, NE",Expanded Medicaid in 2021,Remote rural,93,592,15.70,32.30,17.2215313554805472,20.2032109192666022,1798,3143,39,93
31129,Nuckolls County,NE,Nebraska,"Nuckolls County, NE",Expanded Medicaid in 2021,Remote rural,51,320,15.90,36.50,17.2215313554805472,20.2032109192666022,1769,3143,34,93
31131,Otoe County,NE,Nebraska,"Otoe County, NE",Expanded Medicaid in 2021,"Rural, near a metro",208,1138,18.30,35.50,17.2215313554805472,20.2032109192666022,1489,3143,16,93
31133,Pawnee County,NE,Nebraska,"Pawnee County, NE",Expanded Medicaid in 2021,Remote rural,46,275,16.70,36.10,17.2215313554805472,20.2032109192666022,1680,3143,28,93
31135,Perkins County,NE,Nebraska,"Perkins County, NE",Expanded Medicaid in 2021,Remote rural,43,206,20.90,37.10,17.2215313554805472,20.2032109192666022,1200,3143,6,93
31137,Phelps County,NE,Nebraska,"Phelps County, NE",Expanded Medicaid in 2021,Remote rural,103,675,15.30,31.60,17.2215313554805472,20.2032109192666022,1851,3143,45,93
31139,Pierce County,NE,Nebraska,"Pierce County, NE",Expanded Medicaid in 2021,Remote rural,71,476,14.90,35.40,17.2215313554805472,20.2032109192666022,1907,3143,53,93
31141,Platte County,NE,Nebraska,"Platte County, NE",Expanded Medicaid in 2021,Remote rural,476,2376,20.00,41.90,17.2215313554805472,20.2032109192666022,1308,3143,10,93
31143,Polk County,NE,Nebraska,"Polk County, NE",Expanded Medicaid in 2021,Remote rural,63,335,18.80,34.50,17.2215313554805472,20.2032109192666022,1441,3143,15,93
31145,Red Willow County,NE,Nebraska,"Red Willow County, NE",Expanded Medicaid in 2021,Remote rural,150,917,16.40,29.80,17.2215313554805472,20.2032109192666022,1709,3143,30,93
31147,Richardson County,NE,Nebraska,"Richardson County, NE",Expanded Medicaid in 2021,Remote rural,83,654,12.70,33.70,17.2215313554805472,20.2032109192666022,2387,3143,86,93
31149,Rock County,NE,Nebraska,"Rock County, NE",Expanded Medicaid in 2021,Remote rural,20,130,15.40,42.40,17.2215313554805472,20.2032109192666022,1838,3143,44,93
31151,Saline County,NE,Nebraska,"Saline County, NE",Expanded Medicaid in 2021,"Rural, near a metro",301,1141,26.40,43.60,17.2215313554805472,20.2032109192666022,581,3143,2,93
31153,Sarpy County,NE,Nebraska,"Sarpy County, NE",Expanded Medicaid in 2021,Metro,1669,10487,15.90,34.60,17.2215313554805472,20.2032109192666022,1769,3143,34,93
31155,Saunders County,NE,Nebraska,"Saunders County, NE",Expanded Medicaid in 2021,Metro,182,1280,14.20,32.70,17.2215313554805472,20.2032109192666022,2058,3143,68,93
31157,Scotts Bluff County,NE,Nebraska,"Scotts Bluff County, NE",Expanded Medicaid in 2021,Remote rural,558,3573,15.60,31.70,17.2215313554805472,20.2032109192666022,1805,3143,40,93
31159,Seward County,NE,Nebraska,"Seward County, NE",Expanded Medicaid in 2021,Metro,147,1012,14.50,32.10,17.2215313554805472,20.2032109192666022,1985,3143,63,93
31161,Sheridan County,NE,Nebraska,"Sheridan County, NE",Expanded Medicaid in 2021,Remote rural,87,585,14.90,36.50,17.2215313554805472,20.2032109192666022,1907,3143,53,93
31163,Sherman County,NE,Nebraska,"Sherman County, NE",Expanded Medicaid in 2021,"Rural, near a metro",47,327,14.40,39.10,17.2215313554805472,20.2032109192666022,2007,3143,64,93
31165,Sioux County,NE,Nebraska,"Sioux County, NE",Expanded Medicaid in 2021,Remote rural,27,156,17.30,37.40,17.2215313554805472,20.2032109192666022,1608,3143,23,93
31167,Stanton County,NE,Nebraska,"Stanton County, NE",Expanded Medicaid in 2021,Remote rural,51,344,14.80,35.50,17.2215313554805472,20.2032109192666022,1923,3143,56,93
31169,Thayer County,NE,Nebraska,"Thayer County, NE",Expanded Medicaid in 2021,Remote rural,48,379,12.70,33.50,17.2215313554805472,20.2032109192666022,2387,3143,86,93
31171,Thomas County,NE,Nebraska,"Thomas County, NE",Expanded Medicaid in 2021,Remote rural,13,93,14.00,39.80,17.2215313554805472,20.2032109192666022,2103,3143,69,93
31173,Thurston County,NE,Nebraska,"Thurston County, NE",Expanded Medicaid in 2021,"Rural, near a metro",69,828,8.30,32.50,17.2215313554805472,20.2032109192666022,3111,3143,93,93
31175,Valley County,NE,Nebraska,"Valley County, NE",Expanded Medicaid in 2021,Remote rural,64,425,15.10,35.00,17.2215313554805472,20.2032109192666022,1877,3143,49,93
31177,Washington County,NE,Nebraska,"Washington County, NE",Expanded Medicaid in 2021,Metro,157,1059,14.80,33.10,17.2215313554805472,20.2032109192666022,1923,3143,56,93
31179,Wayne County,NE,Nebraska,"Wayne County, NE",Expanded Medicaid in 2021,"Rural, near a metro",136,847,16.10,34.30,17.2215313554805472,20.2032109192666022,1742,3143,32,93
31181,Webster County,NE,Nebraska,"Webster County, NE",Expanded Medicaid in 2021,Remote rural,44,289,15.20,34.90,17.2215313554805472,20.2032109192666022,1863,3143,47,93
31183,Wheeler County,NE,Nebraska,"Wheeler County, NE",Expanded Medicaid in 2021,Remote rural,11,92,12.00,39.60,17.2215313554805472,20.2032109192666022,2555,3143,90,93
31185,York County,NE,Nebraska,"York County, NE",Expanded Medicaid in 2021,"Rural, near a metro",121,991,12.20,33.50,17.2215313554805472,20.2032109192666022,2494,3143,89,93
32001,Churchill County,NV,Nevada,"Churchill County, NV",Expanded Medicaid in 2014,"Rural, near a metro",477,2454,19.40,41.70,24.9762132777948236,20.2032109192666022,1377,3143,13,17
32003,Clark County,NV,Nevada,"Clark County, NV",Expanded Medicaid in 2014,Metro,64885,249708,26.00,50.10,24.9762132777948236,20.2032109192666022,621,3143,2,17
32005,Douglas County,NV,Nevada,"Douglas County, NV",Expanded Medicaid in 2014,"Rural, near a metro",567,2759,20.60,49.20,24.9762132777948236,20.2032109192666022,1243,3143,10,17
32007,Elko County,NV,Nevada,"Elko County, NV",Expanded Medicaid in 2014,Remote rural,891,4214,21.10,49.50,24.9762132777948236,20.2032109192666022,1172,3143,8,17
32009,Esmeralda County,NV,Nevada,"Esmeralda County, NV",Expanded Medicaid in 2014,Remote rural,22,80,27.50,58.50,24.9762132777948236,20.2032109192666022,495,3143,1,17
32011,Eureka County,NV,Nevada,"Eureka County, NV",Expanded Medicaid in 2014,Remote rural,29,182,15.90,38.10,24.9762132777948236,20.2032109192666022,1769,3143,15,17
32013,Humboldt County,NV,Nevada,"Humboldt County, NV",Expanded Medicaid in 2014,Remote rural,300,1404,21.40,52.10,24.9762132777948236,20.2032109192666022,1141,3143,7,17
32015,Lander County,NV,Nevada,"Lander County, NV",Expanded Medicaid in 2014,Remote rural,94,438,21.50,51.50,24.9762132777948236,20.2032109192666022,1123,3143,6,17
32017,Lincoln County,NV,Nevada,"Lincoln County, NV",Expanded Medicaid in 2014,"Rural, near a metro",66,411,16.10,45.90,24.9762132777948236,20.2032109192666022,1742,3143,14,17
32019,Lyon County,NV,Nevada,"Lyon County, NV",Expanded Medicaid in 2014,"Rural, near a metro",1246,5520,22.60,47.50,24.9762132777948236,20.2032109192666022,991,3143,3,17
32021,Mineral County,NV,Nevada,"Mineral County, NV",Expanded Medicaid in 2014,Remote rural,69,528,13.10,39.70,24.9762132777948236,20.2032109192666022,2304,3143,17,17
32023,Nye County,NV,Nevada,"Nye County, NV",Expanded Medicaid in 2014,"Rural, near a metro",1357,6503,20.90,44.40,24.9762132777948236,20.2032109192666022,1200,3143,9,17
32027,Pershing County,NV,Nevada,"Pershing County, NV",Expanded Medicaid in 2014,Remote rural,111,544,20.40,51.20,24.9762132777948236,20.2032109192666022,1260,3143,11,17
32031,Washoe County,NV,Nevada,"Washoe County, NV",Expanded Medicaid in 2014,Metro,9196,41819,22.00,46.00,24.9762132777948236,20.2032109192666022,1060,3143,4,17
32033,White Pine County,NV,Nevada,"White Pine County, NV",Expanded Medicaid in 2014,Remote rural,97,686,14.10,39.00,24.9762132777948236,20.2032109192666022,2076,3143,16,17
32510,Carson City,NV,Nevada,"Carson City, NV",Expanded Medicaid in 2014,Metro,1134,5172,21.90,45.20,24.9762132777948236,20.2032109192666022,1069,3143,5,17
33001,Belknap County,NH,New Hampshire,"Belknap County, NH",Expanded Medicaid in 2015,"Rural, near a metro",593,4462,13.30,34.60,13.6223662884927066,20.2032109192666022,2263,3143,4,10
33003,Carroll County,NH,New Hampshire,"Carroll County, NH",Expanded Medicaid in 2015,"Rural, near a metro",499,3497,14.30,39.20,13.6223662884927066,20.2032109192666022,2031,3143,2,10
33005,Cheshire County,NH,New Hampshire,"Cheshire County, NH",Expanded Medicaid in 2015,"Rural, near a metro",678,5899,11.50,33.90,13.6223662884927066,20.2032109192666022,2684,3143,10,10
33007,Coos County,NH,New Hampshire,"Coos County, NH",Expanded Medicaid in 2015,Remote rural,452,3396,13.30,31.00,13.6223662884927066,20.2032109192666022,2263,3143,4,10
33009,Grafton County,NH,New Hampshire,"Grafton County, NH",Expanded Medicaid in 2015,Remote rural,859,6526,13.20,37.20,13.6223662884927066,20.2032109192666022,2283,3143,6,10
33011,Hillsborough County,NH,New Hampshire,"Hillsborough County, NH",Expanded Medicaid in 2015,Metro,4113,25589,16.10,36.40,13.6223662884927066,20.2032109192666022,1742,3143,1,10
33013,Merrimack County,NH,New Hampshire,"Merrimack County, NH",Expanded Medicaid in 2015,"Rural, near a metro",1233,10333,11.90,34.40,13.6223662884927066,20.2032109192666022,2586,3143,9,10
33015,Rockingham County,NH,New Hampshire,"Rockingham County, NH",Expanded Medicaid in 2015,Metro,1537,12619,12.20,37.40,13.6223662884927066,20.2032109192666022,2494,3143,8,10
33017,Strafford County,NH,New Hampshire,"Strafford County, NH",Expanded Medicaid in 2015,Metro,1298,10345,12.50,31.70,13.6223662884927066,20.2032109192666022,2428,3143,7,10
33019,Sullivan County,NH,New Hampshire,"Sullivan County, NH",Expanded Medicaid in 2015,Remote rural,505,3714,13.60,33.50,13.6223662884927066,20.2032109192666022,2201,3143,3,10
34001,Atlantic County,NJ,New Jersey,"Atlantic County, NJ",Expanded Medicaid in 2014,Metro,4806,27085,17.70,39.00,21.9608354433755539,20.2032109192666022,1569,3143,12,21
34003,Bergen County,NJ,New Jersey,"Bergen County, NJ",Expanded Medicaid in 2014,Metro,9734,47735,20.40,46.00,21.9608354433755539,20.2032109192666022,1260,3143,10,21
34005,Burlington County,NJ,New Jersey,"Burlington County, NJ",Expanded Medicaid in 2014,Metro,3436,23932,14.40,34.30,21.9608354433755539,20.2032109192666022,2007,3143,19,21
34007,Camden County,NJ,New Jersey,"Camden County, NJ",Expanded Medicaid in 2014,Metro,8002,48750,16.40,33.60,21.9608354433755539,20.2032109192666022,1709,3143,15,21
34009,Cape May County,NJ,New Jersey,"Cape May County, NJ",Expanded Medicaid in 2014,Metro,1002,6844,14.60,33.50,21.9608354433755539,20.2032109192666022,1960,3143,18,21
34011,Cumberland County,NJ,New Jersey,"Cumberland County, NJ",Expanded Medicaid in 2014,Metro,3784,18018,21.00,35.60,21.9608354433755539,20.2032109192666022,1187,3143,9,21
34013,Essex County,NJ,New Jersey,"Essex County, NJ",Expanded Medicaid in 2014,Metro,22584,94125,24.00,38.20,21.9608354433755539,20.2032109192666022,830,3143,6,21
34015,Gloucester County,NJ,New Jersey,"Gloucester County, NJ",Expanded Medicaid in 2014,Metro,2512,18433,13.60,33.40,21.9608354433755539,20.2032109192666022,2201,3143,20,21
34017,Hudson County,NJ,New Jersey,"Hudson County, NJ",Expanded Medicaid in 2014,Metro,20025,80748,24.80,43.60,21.9608354433755539,20.2032109192666022,736,3143,5,21
34019,Hunterdon County,NJ,New Jersey,"Hunterdon County, NJ",Expanded Medicaid in 2014,Metro,669,3945,17.00,40.50,21.9608354433755539,20.2032109192666022,1645,3143,13,21
34021,Mercer County,NJ,New Jersey,"Mercer County, NJ",Expanded Medicaid in 2014,Metro,7597,29843,25.50,40.20,21.9608354433755539,20.2032109192666022,654,3143,3,21
34023,Middlesex County,NJ,New Jersey,"Middlesex County, NJ",Expanded Medicaid in 2014,Metro,13822,53836,25.70,44.90,21.9608354433755539,20.2032109192666022,643,3143,2,21
34025,Monmouth County,NJ,New Jersey,"Monmouth County, NJ",Expanded Medicaid in 2014,Metro,6215,30460,20.40,42.70,21.9608354433755539,20.2032109192666022,1260,3143,10,21
34027,Morris County,NJ,New Jersey,"Morris County, NJ",Expanded Medicaid in 2014,Metro,3916,18266,21.40,44.90,21.9608354433755539,20.2032109192666022,1141,3143,8,21
34029,Ocean County,NJ,New Jersey,"Ocean County, NJ",Expanded Medicaid in 2014,Metro,7060,44179,16.00,37.90,21.9608354433755539,20.2032109192666022,1759,3143,16,21
34031,Passaic County,NJ,New Jersey,"Passaic County, NJ",Expanded Medicaid in 2014,Metro,13585,53590,25.30,42.50,21.9608354433755539,20.2032109192666022,677,3143,4,21
34033,Salem County,NJ,New Jersey,"Salem County, NJ",Expanded Medicaid in 2014,Metro,843,6194,13.60,31.90,21.9608354433755539,20.2032109192666022,2201,3143,20,21
34035,Somerset County,NJ,New Jersey,"Somerset County, NJ",Expanded Medicaid in 2014,Metro,2974,13374,22.20,47.70,21.9608354433755539,20.2032109192666022,1030,3143,7,21
34037,Sussex County,NJ,New Jersey,"Sussex County, NJ",Expanded Medicaid in 2014,Metro,1017,6377,15.90,40.20,21.9608354433755539,20.2032109192666022,1769,3143,17,21
34039,Union County,NJ,New Jersey,"Union County, NJ",Expanded Medicaid in 2014,Metro,13431,42061,31.90,48.10,21.9608354433755539,20.2032109192666022,263,3143,1,21
34041,Warren County,NJ,New Jersey,"Warren County, NJ",Expanded Medicaid in 2014,Metro,1210,7152,16.90,38.70,21.9608354433755539,20.2032109192666022,1650,3143,14,21
35001,Bernalillo County,NM,New Mexico,"Bernalillo County, NM",Expanded Medicaid in 2014,Metro,15681,80377,19.50,43.40,21.3023440747501401,20.2032109192666022,1364,3143,19,33
35003,Catron County,NM,New Mexico,"Catron County, NM",Expanded Medicaid in 2014,Remote rural,71,477,14.90,46.80,21.3023440747501401,20.2032109192666022,1907,3143,32,33
35005,Chaves County,NM,New Mexico,"Chaves County, NM",Expanded Medicaid in 2014,Remote rural,2508,9905,25.30,46.80,21.3023440747501401,20.2032109192666022,677,3143,3,33
35006,Cibola County,NM,New Mexico,"Cibola County, NM",Expanded Medicaid in 2014,"Rural, near a metro",561,3873,14.50,41.90,21.3023440747501401,20.2032109192666022,1985,3143,33,33
35007,Colfax County,NM,New Mexico,"Colfax County, NM",Expanded Medicaid in 2014,Remote rural,291,1610,18.10,38.60,21.3023440747501401,20.2032109192666022,1513,3143,23,33
35009,Curry County,NM,New Mexico,"Curry County, NM",Expanded Medicaid in 2014,Remote rural,1505,6959,21.60,42.80,21.3023440747501401,20.2032109192666022,1115,3143,15,33
35011,DeBaca County,NM,New Mexico,"DeBaca County, NM",Expanded Medicaid in 2014,Remote rural,55,244,22.50,48.00,21.3023440747501401,20.2032109192666022,1000,3143,12,33
35013,Dona Ana County,NM,New Mexico,"Dona Ana County, NM",Expanded Medicaid in 2014,Metro,9814,39807,24.70,49.20,21.3023440747501401,20.2032109192666022,746,3143,6,33
35015,Eddy County,NM,New Mexico,"Eddy County, NM",Expanded Medicaid in 2014,Remote rural,1485,6249,23.80,42.20,21.3023440747501401,20.2032109192666022,856,3143,8,33
35017,Grant County,NM,New Mexico,"Grant County, NM",Expanded Medicaid in 2014,Remote rural,656,3774,17.40,37.00,21.3023440747501401,20.2032109192666022,1597,3143,28,33
35019,Guadalupe County,NM,New Mexico,"Guadalupe County, NM",Expanded Medicaid in 2014,Remote rural,145,648,22.40,37.70,21.3023440747501401,20.2032109192666022,1010,3143,13,33
35021,Harding County,NM,New Mexico,"Harding County, NM",Expanded Medicaid in 2014,Remote rural,20,80,25.00,47.50,21.3023440747501401,20.2032109192666022,711,3143,4,33
35023,Hidalgo County,NM,New Mexico,"Hidalgo County, NM",Expanded Medicaid in 2014,Remote rural,142,623,22.80,41.90,21.3023440747501401,20.2032109192666022,970,3143,11,33
35025,Lea County,NM,New Mexico,"Lea County, NM",Expanded Medicaid in 2014,Remote rural,2915,9497,30.70,53.20,21.3023440747501401,20.2032109192666022,313,3143,1,33
35027,Lincoln County,NM,New Mexico,"Lincoln County, NM",Expanded Medicaid in 2014,Remote rural,505,2450,20.60,49.20,21.3023440747501401,20.2032109192666022,1243,3143,18,33
35028,Los Alamos County,NM,New Mexico,"Los Alamos County, NM",Expanded Medicaid in 2014,"Rural, near a metro",122,656,18.60,41.50,21.3023440747501401,20.2032109192666022,1458,3143,22,33
35029,Luna County,NM,New Mexico,"Luna County, NM",Expanded Medicaid in 2014,"Rural, near a metro",1104,4611,23.90,49.90,21.3023440747501401,20.2032109192666022,843,3143,7,33
35031,McKinley County,NM,New Mexico,"McKinley County, NM",Expanded Medicaid in 2014,Remote rural,2309,12077,19.10,48.00,21.3023440747501401,20.2032109192666022,1404,3143,20,33
35033,Mora County,NM,New Mexico,"Mora County, NM",Expanded Medicaid in 2014,Remote rural,97,580,16.70,42.80,21.3023440747501401,20.2032109192666022,1680,3143,30,33
35035,Otero County,NM,New Mexico,"Otero County, NM",Expanded Medicaid in 2014,"Rural, near a metro",2303,10028,23.00,44.30,21.3023440747501401,20.2032109192666022,943,3143,10,33
35037,Quay County,NM,New Mexico,"Quay County, NM",Expanded Medicaid in 2014,Remote rural,245,1389,17.60,34.60,21.3023440747501401,20.2032109192666022,1584,3143,27,33
35039,Rio Arriba County,NM,New Mexico,"Rio Arriba County, NM",Expanded Medicaid in 2014,"Rural, near a metro",1108,5256,21.10,47.90,21.3023440747501401,20.2032109192666022,1172,3143,16,33
35041,Roosevelt County,NM,New Mexico,"Roosevelt County, NM",Expanded Medicaid in 2014,Remote rural,682,3083,22.10,44.10,21.3023440747501401,20.2032109192666022,1048,3143,14,33
35043,Sandoval County,NM,New Mexico,"Sandoval County, NM",Expanded Medicaid in 2014,Metro,2169,12952,16.70,46.10,21.3023440747501401,20.2032109192666022,1680,3143,30,33
35045,San Juan County,NM,New Mexico,"San Juan County, NM",Expanded Medicaid in 2014,Metro,2980,16630,17.90,50.10,21.3023440747501401,20.2032109192666022,1535,3143,24,33
35047,San Miguel County,NM,New Mexico,"San Miguel County, NM",Expanded Medicaid in 2014,"Rural, near a metro",786,4437,17.70,38.30,21.3023440747501401,20.2032109192666022,1569,3143,26,33
35049,Santa Fe County,NM,New Mexico,"Santa Fe County, NM",Expanded Medicaid in 2014,Metro,3965,15886,25.00,51.40,21.3023440747501401,20.2032109192666022,711,3143,4,33
35051,Sierra County,NM,New Mexico,"Sierra County, NM",Expanded Medicaid in 2014,"Rural, near a metro",330,1913,17.30,39.50,21.3023440747501401,20.2032109192666022,1608,3143,29,33
35053,Socorro County,NM,New Mexico,"Socorro County, NM",Expanded Medicaid in 2014,"Rural, near a metro",482,2690,17.90,40.90,21.3023440747501401,20.2032109192666022,1535,3143,24,33
35055,Taos County,NM,New Mexico,"Taos County, NM",Expanded Medicaid in 2014,Remote rural,857,4586,18.70,42.80,21.3023440747501401,20.2032109192666022,1449,3143,21,33
35057,Torrance County,NM,New Mexico,"Torrance County, NM",Expanded Medicaid in 2014,Metro,556,2631,21.10,40.60,21.3023440747501401,20.2032109192666022,1172,3143,16,33
35059,Union County,NM,New Mexico,"Union County, NM",Expanded Medicaid in 2014,Remote rural,160,616,26.00,41.40,21.3023440747501401,20.2032109192666022,621,3143,2,33
35061,Valencia County,NM,New Mexico,"Valencia County, NM",Expanded Medicaid in 2014,Metro,2325,10061,23.10,48.10,21.3023440747501401,20.2032109192666022,929,3143,9,33
36001,Albany County,NY,New York,"Albany County, NY",Covered low-income adults before 2014,Metro,2925,29502,9.90,21.90,11.3405456114450314,20.2032109192666022,2990,3143,33,62
36003,Allegany County,NY,New York,"Allegany County, NY",Covered low-income adults before 2014,Remote rural,464,4904,9.50,23.50,11.3405456114450314,20.2032109192666022,3041,3143,38,62
36005,Bronx County,NY,New York,"Bronx County, NY",Covered low-income adults before 2014,Metro,28904,269447,10.70,21.60,11.3405456114450314,20.2032109192666022,2864,3143,21,62
36007,Broome County,NY,New York,"Broome County, NY",Covered low-income adults before 2014,Metro,2484,24727,10.00,20.40,11.3405456114450314,20.2032109192666022,2980,3143,31,62
36009,Cattaraugus County,NY,New York,"Cattaraugus County, NY",Covered low-income adults before 2014,"Rural, near a metro",774,9075,8.50,22.30,11.3405456114450314,20.2032109192666022,3103,3143,56,62
36011,Cayuga County,NY,New York,"Cayuga County, NY",Covered low-income adults before 2014,"Rural, near a metro",671,7501,8.90,22.80,11.3405456114450314,20.2032109192666022,3079,3143,46,62
36013,Chautauqua County,NY,New York,"Chautauqua County, NY",Covered low-income adults before 2014,"Rural, near a metro",1494,15615,9.60,19.60,11.3405456114450314,20.2032109192666022,3027,3143,37,62
36015,Chemung County,NY,New York,"Chemung County, NY",Covered low-income adults before 2014,Metro,871,9217,9.40,19.50,11.3405456114450314,20.2032109192666022,3048,3143,40,62
36017,Chenango County,NY,New York,"Chenango County, NY",Covered low-income adults before 2014,"Rural, near a metro",433,4874,8.90,20.10,11.3405456114450314,20.2032109192666022,3079,3143,46,62
36019,Clinton County,NY,New York,"Clinton County, NY",Covered low-income adults before 2014,Remote rural,691,8011,8.60,21.90,11.3405456114450314,20.2032109192666022,3094,3143,51,62
36021,Columbia County,NY,New York,"Columbia County, NY",Covered low-income adults before 2014,"Rural, near a metro",579,5233,11.10,25.20,11.3405456114450314,20.2032109192666022,2772,3143,15,62
36023,Cortland County,NY,New York,"Cortland County, NY",Covered low-income adults before 2014,"Rural, near a metro",440,5131,8.60,18.80,11.3405456114450314,20.2032109192666022,3094,3143,51,62
36025,Delaware County,NY,New York,"Delaware County, NY",Covered low-income adults before 2014,"Rural, near a metro",499,4918,10.10,24.90,11.3405456114450314,20.2032109192666022,2968,3143,30,62
36027,Dutchess County,NY,New York,"Dutchess County, NY",Covered low-income adults before 2014,Metro,2547,20347,12.50,27.60,11.3405456114450314,20.2032109192666022,2428,3143,10,62
36029,Erie County,NY,New York,"Erie County, NY",Covered low-income adults before 2014,Metro,7742,97178,8.00,18.70,11.3405456114450314,20.2032109192666022,3120,3143,61,62
36031,Essex County,NY,New York,"Essex County, NY",Covered low-income adults before 2014,"Rural, near a metro",358,3260,11.00,24.30,11.3405456114450314,20.2032109192666022,2806,3143,19,62
36033,Franklin County,NY,New York,"Franklin County, NY",Covered low-income adults before 2014,Remote rural,419,5077,8.30,23.40,11.3405456114450314,20.2032109192666022,3111,3143,59,62
36035,Fulton County,NY,New York,"Fulton County, NY",Covered low-income adults before 2014,"Rural, near a metro",540,6073,8.90,20.90,11.3405456114450314,20.2032109192666022,3079,3143,46,62
36037,Genesee County,NY,New York,"Genesee County, NY",Covered low-income adults before 2014,"Rural, near a metro",436,5119,8.50,23.10,11.3405456114450314,20.2032109192666022,3103,3143,56,62
36039,Greene County,NY,New York,"Greene County, NY",Covered low-income adults before 2014,"Rural, near a metro",390,4344,9.00,22.10,11.3405456114450314,20.2032109192666022,3076,3143,44,62
36041,Hamilton County,NY,New York,"Hamilton County, NY",Covered low-income adults before 2014,"Rural, near a metro",45,388,11.60,27.80,11.3405456114450314,20.2032109192666022,2655,3143,12,62
36043,Herkimer County,NY,New York,"Herkimer County, NY",Covered low-income adults before 2014,Metro,511,5923,8.60,22.90,11.3405456114450314,20.2032109192666022,3094,3143,51,62
36045,Jefferson County,NY,New York,"Jefferson County, NY",Covered low-income adults before 2014,Metro,1172,12388,9.50,19.90,11.3405456114450314,20.2032109192666022,3041,3143,38,62
36047,Kings County,NY,New York,"Kings County, NY",Covered low-income adults before 2014,Metro,36390,347878,10.50,23.90,11.3405456114450314,20.2032109192666022,2897,3143,24,62
36049,Lewis County,NY,New York,"Lewis County, NY",Covered low-income adults before 2014,"Rural, near a metro",264,2647,10.00,25.10,11.3405456114450314,20.2032109192666022,2980,3143,31,62
36051,Livingston County,NY,New York,"Livingston County, NY",Covered low-income adults before 2014,Metro,607,5465,11.10,21.80,11.3405456114450314,20.2032109192666022,2772,3143,15,62
36053,Madison County,NY,New York,"Madison County, NY",Covered low-income adults before 2014,Metro,481,5205,9.20,20.20,11.3405456114450314,20.2032109192666022,3061,3143,41,62
36055,Monroe County,NY,New York,"Monroe County, NY",Covered low-income adults before 2014,Metro,6294,71009,8.90,21.50,11.3405456114450314,20.2032109192666022,3079,3143,46,62
36057,Montgomery County,NY,New York,"Montgomery County, NY",Covered low-income adults before 2014,"Rural, near a metro",591,5816,10.20,22.70,11.3405456114450314,20.2032109192666022,2952,3143,28,62
36059,Nassau County,NY,New York,"Nassau County, NY",Covered low-income adults before 2014,Metro,8009,60770,13.20,37.70,11.3405456114450314,20.2032109192666022,2283,3143,8,62
36061,New York County,NY,New York,"New York County, NY",Covered low-income adults before 2014,Metro,19783,183190,10.80,22.00,11.3405456114450314,20.2032109192666022,2845,3143,20,62
36063,Niagara County,NY,New York,"Niagara County, NY",Covered low-income adults before 2014,Metro,1569,19685,8.00,22.80,11.3405456114450314,20.2032109192666022,3120,3143,61,62
36065,Oneida County,NY,New York,"Oneida County, NY",Covered low-income adults before 2014,Metro,2238,24209,9.20,21.50,11.3405456114450314,20.2032109192666022,3061,3143,41,62
36067,Onondaga County,NY,New York,"Onondaga County, NY",Covered low-income adults before 2014,Metro,3888,45062,8.60,24.60,11.3405456114450314,20.2032109192666022,3094,3143,51,62
36069,Ontario County,NY,New York,"Ontario County, NY",Covered low-income adults before 2014,Metro,889,8304,10.70,23.20,11.3405456114450314,20.2032109192666022,2864,3143,21,62
36071,Orange County,NY,New York,"Orange County, NY",Covered low-income adults before 2014,Metro,4479,34223,13.10,28.50,11.3405456114450314,20.2032109192666022,2304,3143,9,62
36073,Orleans County,NY,New York,"Orleans County, NY",Covered low-income adults before 2014,Metro,449,4055,11.10,25.00,11.3405456114450314,20.2032109192666022,2772,3143,15,62
36075,Oswego County,NY,New York,"Oswego County, NY",Covered low-income adults before 2014,Metro,1248,12864,9.70,20.90,11.3405456114450314,20.2032109192666022,3016,3143,35,62
36077,Otsego County,NY,New York,"Otsego County, NY",Covered low-income adults before 2014,Remote rural,575,5528,10.40,26.20,11.3405456114450314,20.2032109192666022,2904,3143,26,62
36079,Putnam County,NY,New York,"Putnam County, NY",Covered low-income adults before 2014,Metro,690,4740,14.60,37.90,11.3405456114450314,20.2032109192666022,1960,3143,5,62
36081,Queens County,NY,New York,"Queens County, NY",Covered low-income adults before 2014,Metro,37385,237061,15.80,35.80,11.3405456114450314,20.2032109192666022,1787,3143,3,62
36083,Rensselaer County,NY,New York,"Rensselaer County, NY",Covered low-income adults before 2014,Metro,1439,13885,10.40,20.40,11.3405456114450314,20.2032109192666022,2904,3143,26,62
36085,Richmond County,NY,New York,"Richmond County, NY",Covered low-income adults before 2014,Metro,4831,43561,11.10,26.50,11.3405456114450314,20.2032109192666022,2772,3143,15,62
36087,Rockland County,NY,New York,"Rockland County, NY",Covered low-income adults before 2014,Metro,4618,31471,14.70,31.70,11.3405456114450314,20.2032109192666022,1946,3143,4,62
36089,St. Lawrence County,NY,New York,"St. Lawrence County, NY",Covered low-income adults before 2014,"Rural, near a metro",1072,12610,8.50,24.10,11.3405456114450314,20.2032109192666022,3103,3143,56,62
36091,Saratoga County,NY,New York,"Saratoga County, NY",Covered low-income adults before 2014,Metro,1365,13404,10.20,23.90,11.3405456114450314,20.2032109192666022,2952,3143,28,62
36093,Schenectady County,NY,New York,"Schenectady County, NY",Covered low-income adults before 2014,Metro,1302,14627,8.90,24.20,11.3405456114450314,20.2032109192666022,3079,3143,46,62
36095,Schoharie County,NY,New York,"Schoharie County, NY",Covered low-income adults before 2014,Metro,286,2675,10.70,23.50,11.3405456114450314,20.2032109192666022,2864,3143,21,62
36097,Schuyler County,NY,New York,"Schuyler County, NY",Covered low-income adults before 2014,"Rural, near a metro",185,1906,9.70,24.80,11.3405456114450314,20.2032109192666022,3016,3143,35,62
36099,Seneca County,NY,New York,"Seneca County, NY",Covered low-income adults before 2014,"Rural, near a metro",381,3351,11.40,22.30,11.3405456114450314,20.2032109192666022,2715,3143,13,62
36101,Steuben County,NY,New York,"Steuben County, NY",Covered low-income adults before 2014,"Rural, near a metro",942,9622,9.80,23.80,11.3405456114450314,20.2032109192666022,3004,3143,34,62
36103,Suffolk County,NY,New York,"Suffolk County, NY",Covered low-income adults before 2014,Metro,11201,79643,14.10,35.20,11.3405456114450314,20.2032109192666022,2076,3143,7,62
36105,Sullivan County,NY,New York,"Sullivan County, NY",Covered low-income adults before 2014,"Rural, near a metro",1092,8958,12.20,29.80,11.3405456114450314,20.2032109192666022,2494,3143,11,62
36107,Tioga County,NY,New York,"Tioga County, NY",Covered low-income adults before 2014,Metro,354,4261,8.30,25.10,11.3405456114450314,20.2032109192666022,3111,3143,59,62
36109,Tompkins County,NY,New York,"Tompkins County, NY",Covered low-income adults before 2014,Metro,1290,12233,10.50,23.90,11.3405456114450314,20.2032109192666022,2897,3143,24,62
36111,Ulster County,NY,New York,"Ulster County, NY",Covered low-income adults before 2014,Metro,3007,18766,16.00,29.50,11.3405456114450314,20.2032109192666022,1759,3143,2,62
36113,Warren County,NY,New York,"Warren County, NY",Covered low-income adults before 2014,Metro,492,5487,9.00,23.40,11.3405456114450314,20.2032109192666022,3076,3143,44,62
36115,Washington County,NY,New York,"Washington County, NY",Covered low-income adults before 2014,Metro,488,5679,8.60,23.50,11.3405456114450314,20.2032109192666022,3094,3143,51,62
36117,Wayne County,NY,New York,"Wayne County, NY",Covered low-income adults before 2014,Metro,903,7993,11.30,24.40,11.3405456114450314,20.2032109192666022,2732,3143,14,62
36119,Westchester County,NY,New York,"Westchester County, NY",Covered low-income adults before 2014,Metro,9178,63974,14.30,37.50,11.3405456114450314,20.2032109192666022,2031,3143,6,62
36121,Wyoming County,NY,New York,"Wyoming County, NY",Covered low-income adults before 2014,"Rural, near a metro",301,3255,9.20,22.00,11.3405456114450314,20.2032109192666022,3061,3143,41,62
36123,Yates County,NY,New York,"Yates County, NY",Covered low-income adults before 2014,Metro,354,2162,16.40,28.10,11.3405456114450314,20.2032109192666022,1709,3143,1,62
37001,Alamance County,NC,North Carolina,"Alamance County, NC",Expanded Medicaid in late 2023,Metro,5076,18942,26.80,47.10,24.9068265767632944,20.2032109192666022,543,3143,25,100
37003,Alexander County,NC,North Carolina,"Alexander County, NC",Expanded Medicaid in late 2023,Metro,853,3658,23.30,40.50,24.9068265767632944,20.2032109192666022,907,3143,58,100
37005,Alleghany County,NC,North Carolina,"Alleghany County, NC",Expanded Medicaid in late 2023,Remote rural,467,1513,30.90,48.90,24.9068265767632944,20.2032109192666022,305,3143,5,100
37007,Anson County,NC,North Carolina,"Anson County, NC",Expanded Medicaid in late 2023,"Rural, near a metro",710,3247,21.90,38.20,24.9068265767632944,20.2032109192666022,1069,3143,71,100
37009,Ashe County,NC,North Carolina,"Ashe County, NC",Expanded Medicaid in late 2023,Remote rural,836,3331,25.10,49.00,24.9068265767632944,20.2032109192666022,703,3143,41,100
37011,Avery County,NC,North Carolina,"Avery County, NC",Expanded Medicaid in late 2023,"Rural, near a metro",509,1895,26.90,48.40,24.9068265767632944,20.2032109192666022,538,3143,24,100
37013,Beaufort County,NC,North Carolina,"Beaufort County, NC",Expanded Medicaid in late 2023,"Rural, near a metro",1141,5281,21.60,42.00,24.9068265767632944,20.2032109192666022,1115,3143,73,100
37015,Bertie County,NC,North Carolina,"Bertie County, NC",Expanded Medicaid in late 2023,Remote rural,442,2432,18.20,34.80,24.9068265767632944,20.2032109192666022,1498,3143,91,100
37017,Bladen County,NC,North Carolina,"Bladen County, NC",Expanded Medicaid in late 2023,"Rural, near a metro",780,4126,18.90,39.70,24.9068265767632944,20.2032109192666022,1423,3143,89,100
37019,Brunswick County,NC,North Carolina,"Brunswick County, NC",Expanded Medicaid in late 2023,Metro,2542,11694,21.70,45.20,24.9068265767632944,20.2032109192666022,1097,3143,72,100
37021,Buncombe County,NC,North Carolina,"Buncombe County, NC",Expanded Medicaid in late 2023,Metro,7964,27530,28.90,46.00,24.9068265767632944,20.2032109192666022,407,3143,12,100
37023,Burke County,NC,North Carolina,"Burke County, NC",Expanded Medicaid in late 2023,Metro,2627,10992,23.90,42.00,24.9068265767632944,20.2032109192666022,843,3143,50,100
37025,Cabarrus County,NC,North Carolina,"Cabarrus County, NC",Expanded Medicaid in late 2023,Metro,4302,18363,23.40,46.80,24.9068265767632944,20.2032109192666022,895,3143,55,100
37027,Caldwell County,NC,North Carolina,"Caldwell County, NC",Expanded Medicaid in late 2023,Metro,2425,9533,25.40,41.90,24.9068265767632944,20.2032109192666022,665,3143,35,100
37029,Camden County,NC,North Carolina,"Camden County, NC",Expanded Medicaid in late 2023,"Rural, near a metro",189,789,24.00,46.00,24.9068265767632944,20.2032109192666022,830,3143,48,100
37031,Carteret County,NC,North Carolina,"Carteret County, NC",Expanded Medicaid in late 2023,"Rural, near a metro",1251,5874,21.30,44.30,24.9068265767632944,20.2032109192666022,1153,3143,76,100
37033,Caswell County,NC,North Carolina,"Caswell County, NC",Expanded Medicaid in late 2023,"Rural, near a metro",582,2636,22.10,35.40,24.9068265767632944,20.2032109192666022,1048,3143,69,100
37035,Catawba County,NC,North Carolina,"Catawba County, NC",Expanded Medicaid in late 2023,Metro,4494,16155,27.80,44.90,24.9068265767632944,20.2032109192666022,483,3143,17,100
37037,Chatham County,NC,North Carolina,"Chatham County, NC",Expanded Medicaid in late 2023,Metro,1637,4755,34.40,56.10,24.9068265767632944,20.2032109192666022,187,3143,1,100
37039,Cherokee County,NC,North Carolina,"Cherokee County, NC",Expanded Medicaid in late 2023,Remote rural,784,3653,21.50,45.20,24.9068265767632944,20.2032109192666022,1123,3143,74,100
37041,Chowan County,NC,North Carolina,"Chowan County, NC",Expanded Medicaid in late 2023,"Rural, near a metro",351,1670,21.00,38.70,24.9068265767632944,20.2032109192666022,1187,3143,78,100
37043,Clay County,NC,North Carolina,"Clay County, NC",Expanded Medicaid in late 2023,Remote rural,299,1307,22.90,43.80,24.9068265767632944,20.2032109192666022,960,3143,62,100
37045,Cleveland County,NC,North Carolina,"Cleveland County, NC",Expanded Medicaid in late 2023,"Rural, near a metro",2340,12922,18.10,35.50,24.9068265767632944,20.2032109192666022,1513,3143,92,100
37047,Columbus County,NC,North Carolina,"Columbus County, NC",Expanded Medicaid in late 2023,"Rural, near a metro",1471,7218,20.40,39.40,24.9068265767632944,20.2032109192666022,1260,3143,83,100
37049,Craven County,NC,North Carolina,"Craven County, NC",Expanded Medicaid in late 2023,Metro,2431,10686,22.70,40.80,24.9068265767632944,20.2032109192666022,984,3143,66,100
37051,Cumberland County,NC,North Carolina,"Cumberland County, NC",Expanded Medicaid in late 2023,Metro,7509,42017,17.90,34.20,24.9068265767632944,20.2032109192666022,1535,3143,94,100
37053,Currituck County,NC,North Carolina,"Currituck County, NC",Expanded Medicaid in late 2023,Metro,532,2054,25.90,46.90,24.9068265767632944,20.2032109192666022,627,3143,33,100
37055,Dare County,NC,North Carolina,"Dare County, NC",Expanded Medicaid in late 2023,"Rural, near a metro",703,2536,27.70,48.60,24.9068265767632944,20.2032109192666022,489,3143,18,100
37057,Davidson County,NC,North Carolina,"Davidson County, NC",Expanded Medicaid in late 2023,Metro,4741,18798,25.20,41.70,24.9068265767632944,20.2032109192666022,688,3143,39,100
37059,Davie County,NC,North Carolina,"Davie County, NC",Expanded Medicaid in late 2023,Metro,887,3495,25.40,51.00,24.9068265767632944,20.2032109192666022,665,3143,35,100
37061,Duplin County,NC,North Carolina,"Duplin County, NC",Expanded Medicaid in late 2023,"Rural, near a metro",2231,6844,32.60,52.10,24.9068265767632944,20.2032109192666022,236,3143,2,100
37063,Durham County,NC,North Carolina,"Durham County, NC",Expanded Medicaid in late 2023,Metro,9030,32063,28.20,44.20,24.9068265767632944,20.2032109192666022,455,3143,15,100
37065,Edgecombe County,NC,North Carolina,"Edgecombe County, NC",Expanded Medicaid in late 2023,Metro,1519,7977,19.00,34.00,24.9068265767632944,20.2032109192666022,1414,3143,88,100
37067,Forsyth County,NC,North Carolina,"Forsyth County, NC",Expanded Medicaid in late 2023,Metro,11212,42431,26.40,43.80,24.9068265767632944,20.2032109192666022,581,3143,29,100
37069,Franklin County,NC,North Carolina,"Franklin County, NC",Expanded Medicaid in late 2023,Metro,1927,7097,27.20,44.20,24.9068265767632944,20.2032109192666022,519,3143,22,100
37071,Gaston County,NC,North Carolina,"Gaston County, NC",Expanded Medicaid in late 2023,Metro,6154,24935,24.70,41.10,24.9068265767632944,20.2032109192666022,746,3143,44,100
37073,Gates County,NC,North Carolina,"Gates County, NC",Expanded Medicaid in late 2023,Metro,234,1057,22.10,41.60,24.9068265767632944,20.2032109192666022,1048,3143,69,100
37075,Graham County,NC,North Carolina,"Graham County, NC",Expanded Medicaid in late 2023,Remote rural,204,947,21.50,42.80,24.9068265767632944,20.2032109192666022,1123,3143,74,100
37077,Granville County,NC,North Carolina,"Granville County, NC",Expanded Medicaid in late 2023,"Rural, near a metro",1552,5978,26.00,42.40,24.9068265767632944,20.2032109192666022,621,3143,32,100
37079,Greene County,NC,North Carolina,"Greene County, NC",Expanded Medicaid in late 2023,"Rural, near a metro",814,2728,29.80,44.70,24.9068265767632944,20.2032109192666022,360,3143,6,100
37081,Guilford County,NC,North Carolina,"Guilford County, NC",Expanded Medicaid in late 2023,Metro,13722,59792,22.90,44.00,24.9068265767632944,20.2032109192666022,960,3143,62,100
37083,Halifax County,NC,North Carolina,"Halifax County, NC",Expanded Medicaid in late 2023,"Rural, near a metro",1312,7304,18.00,30.20,24.9068265767632944,20.2032109192666022,1527,3143,93,100
37085,Harnett County,NC,North Carolina,"Harnett County, NC",Expanded Medicaid in late 2023,"Rural, near a metro",3987,15569,25.60,42.50,24.9068265767632944,20.2032109192666022,650,3143,34,100
37087,Haywood County,NC,North Carolina,"Haywood County, NC",Expanded Medicaid in late 2023,Metro,1497,6484,23.10,41.90,24.9068265767632944,20.2032109192666022,929,3143,60,100
37089,Henderson County,NC,North Carolina,"Henderson County, NC",Expanded Medicaid in late 2023,Metro,3066,10372,29.60,49.40,24.9068265767632944,20.2032109192666022,372,3143,8,100
37091,Hertford County,NC,North Carolina,"Hertford County, NC",Expanded Medicaid in late 2023,"Rural, near a metro",488,2813,17.30,33.90,24.9068265767632944,20.2032109192666022,1608,3143,96,100
37093,Hoke County,NC,North Carolina,"Hoke County, NC",Expanded Medicaid in late 2023,Metro,1649,7330,22.50,43.20,24.9068265767632944,20.2032109192666022,1000,3143,67,100
37095,Hyde County,NC,North Carolina,"Hyde County, NC",Expanded Medicaid in late 2023,Remote rural,164,582,28.20,47.30,24.9068265767632944,20.2032109192666022,455,3143,15,100
37097,Iredell County,NC,North Carolina,"Iredell County, NC",Expanded Medicaid in late 2023,Metro,4154,15643,26.60,46.90,24.9068265767632944,20.2032109192666022,566,3143,28,100
37099,Jackson County,NC,North Carolina,"Jackson County, NC",Expanded Medicaid in late 2023,"Rural, near a metro",1327,5436,24.40,44.20,24.9068265767632944,20.2032109192666022,785,3143,45,100
37101,Johnston County,NC,North Carolina,"Johnston County, NC",Expanded Medicaid in late 2023,Metro,6330,21328,29.70,50.40,24.9068265767632944,20.2032109192666022,366,3143,7,100
37103,Jones County,NC,North Carolina,"Jones County, NC",Expanded Medicaid in late 2023,Metro,320,1327,24.10,44.20,24.9068265767632944,20.2032109192666022,822,3143,46,100
37105,Lee County,NC,North Carolina,"Lee County, NC",Expanded Medicaid in late 2023,"Rural, near a metro",2369,8046,29.40,49.50,24.9068265767632944,20.2032109192666022,379,3143,9,100
37107,Lenoir County,NC,North Carolina,"Lenoir County, NC",Expanded Medicaid in late 2023,"Rural, near a metro",1838,8762,21.00,40.00,24.9068265767632944,20.2032109192666022,1187,3143,78,100
37109,Lincoln County,NC,North Carolina,"Lincoln County, NC",Expanded Medicaid in late 2023,Metro,2005,7472,26.80,48.20,24.9068265767632944,20.2032109192666022,543,3143,25,100
37111,McDowell County,NC,North Carolina,"McDowell County, NC",Expanded Medicaid in late 2023,"Rural, near a metro",1366,5859,23.30,39.30,24.9068265767632944,20.2032109192666022,907,3143,58,100
37113,Macon County,NC,North Carolina,"Macon County, NC",Expanded Medicaid in late 2023,Remote rural,1219,4236,28.80,51.00,24.9068265767632944,20.2032109192666022,411,3143,13,100
37115,Madison County,NC,North Carolina,"Madison County, NC",Expanded Medicaid in late 2023,Metro,516,2507,20.60,38.20,24.9068265767632944,20.2032109192666022,1243,3143,82,100
37117,Martin County,NC,North Carolina,"Martin County, NC",Expanded Medicaid in late 2023,"Rural, near a metro",553,2801,19.70,34.70,24.9068265767632944,20.2032109192666022,1346,3143,86,100
37119,Mecklenburg County,NC,North Carolina,"Mecklenburg County, NC",Expanded Medicaid in late 2023,Metro,30881,96223,32.10,50.20,24.9068265767632944,20.2032109192666022,249,3143,3,100
37121,Mitchell County,NC,North Carolina,"Mitchell County, NC",Expanded Medicaid in late 2023,Remote rural,408,1704,23.90,40.60,24.9068265767632944,20.2032109192666022,843,3143,50,100
37123,Montgomery County,NC,North Carolina,"Montgomery County, NC",Expanded Medicaid in late 2023,"Rural, near a metro",874,3087,28.30,48.80,24.9068265767632944,20.2032109192666022,450,3143,14,100
37125,Moore County,NC,North Carolina,"Moore County, NC",Expanded Medicaid in late 2023,"Rural, near a metro",1856,7703,24.10,45.30,24.9068265767632944,20.2032109192666022,822,3143,46,100
37127,Nash County,NC,North Carolina,"Nash County, NC",Expanded Medicaid in late 2023,Metro,2635,11153,23.60,40.70,24.9068265767632944,20.2032109192666022,871,3143,53,100
37129,New Hanover County,NC,North Carolina,"New Hanover County, NC",Expanded Medicaid in late 2023,Metro,5703,23716,24.00,43.70,24.9068265767632944,20.2032109192666022,830,3143,48,100
37131,Northampton County,NC,North Carolina,"Northampton County, NC",Expanded Medicaid in late 2023,Remote rural,381,2127,17.90,32.70,24.9068265767632944,20.2032109192666022,1535,3143,94,100
37133,Onslow County,NC,North Carolina,"Onslow County, NC",Expanded Medicaid in late 2023,Metro,3568,22118,16.10,33.70,24.9068265767632944,20.2032109192666022,1742,3143,99,100
37135,Orange County,NC,North Carolina,"Orange County, NC",Expanded Medicaid in late 2023,Metro,3385,13434,25.20,38.00,24.9068265767632944,20.2032109192666022,688,3143,39,100
37137,Pamlico County,NC,North Carolina,"Pamlico County, NC",Expanded Medicaid in late 2023,Metro,268,1144,23.40,45.50,24.9068265767632944,20.2032109192666022,895,3143,55,100
37139,Pasquotank County,NC,North Carolina,"Pasquotank County, NC",Expanded Medicaid in late 2023,"Rural, near a metro",884,4667,18.90,38.90,24.9068265767632944,20.2032109192666022,1423,3143,89,100
37141,Pender County,NC,North Carolina,"Pender County, NC",Expanded Medicaid in late 2023,Metro,1501,5561,27.00,47.10,24.9068265767632944,20.2032109192666022,531,3143,23,100
37143,Perquimans County,NC,North Carolina,"Perquimans County, NC",Expanded Medicaid in late 2023,"Rural, near a metro",326,1390,23.50,38.80,24.9068265767632944,20.2032109192666022,885,3143,54,100
37145,Person County,NC,North Carolina,"Person County, NC",Expanded Medicaid in late 2023,Metro,928,4348,21.30,39.60,24.9068265767632944,20.2032109192666022,1153,3143,76,100
37147,Pitt County,NC,North Carolina,"Pitt County, NC",Expanded Medicaid in late 2023,Metro,5717,27433,20.80,36.20,24.9068265767632944,20.2032109192666022,1216,3143,80,100
37149,Polk County,NC,North Carolina,"Polk County, NC",Expanded Medicaid in late 2023,"Rural, near a metro",500,1829,27.30,48.80,24.9068265767632944,20.2032109192666022,509,3143,20,100
37151,Randolph County,NC,North Carolina,"Randolph County, NC",Expanded Medicaid in late 2023,Metro,4692,17787,26.40,47.70,24.9068265767632944,20.2032109192666022,581,3143,29,100
37153,Richmond County,NC,North Carolina,"Richmond County, NC",Expanded Medicaid in late 2023,Remote rural,1147,6690,17.10,38.60,24.9068265767632944,20.2032109192666022,1633,3143,97,100
37155,Robeson County,NC,North Carolina,"Robeson County, NC",Expanded Medicaid in late 2023,"Rural, near a metro",3508,18411,19.10,41.40,24.9068265767632944,20.2032109192666022,1404,3143,87,100
37157,Rockingham County,NC,North Carolina,"Rockingham County, NC",Expanded Medicaid in late 2023,Metro,2922,11681,25.00,40.20,24.9068265767632944,20.2032109192666022,711,3143,42,100
37159,Rowan County,NC,North Carolina,"Rowan County, NC",Expanded Medicaid in late 2023,Metro,4166,17805,23.40,43.70,24.9068265767632944,20.2032109192666022,895,3143,55,100
37161,Rutherford County,NC,North Carolina,"Rutherford County, NC",Expanded Medicaid in late 2023,"Rural, near a metro",2086,8780,23.80,38.40,24.9068265767632944,20.2032109192666022,856,3143,52,100
37163,Sampson County,NC,North Carolina,"Sampson County, NC",Expanded Medicaid in late 2023,"Rural, near a metro",2594,8336,31.10,47.80,24.9068265767632944,20.2032109192666022,294,3143,4,100
37165,Scotland County,NC,North Carolina,"Scotland County, NC",Expanded Medicaid in late 2023,"Rural, near a metro",793,5127,15.50,32.50,24.9068265767632944,20.2032109192666022,1820,3143,100,100
37167,Stanly County,NC,North Carolina,"Stanly County, NC",Expanded Medicaid in late 2023,"Rural, near a metro",1335,6548,20.40,43.10,24.9068265767632944,20.2032109192666022,1260,3143,83,100
37169,Stokes County,NC,North Carolina,"Stokes County, NC",Expanded Medicaid in late 2023,Metro,1038,4551,22.80,40.30,24.9068265767632944,20.2032109192666022,970,3143,64,100
37171,Surry County,NC,North Carolina,"Surry County, NC",Expanded Medicaid in late 2023,"Rural, near a metro",2445,8957,27.30,44.70,24.9068265767632944,20.2032109192666022,509,3143,20,100
37173,Swain County,NC,North Carolina,"Swain County, NC",Expanded Medicaid in late 2023,"Rural, near a metro",352,1722,20.40,41.10,24.9068265767632944,20.2032109192666022,1260,3143,83,100
37175,Transylvania County,NC,North Carolina,"Transylvania County, NC",Expanded Medicaid in late 2023,"Rural, near a metro",719,3159,22.80,45.20,24.9068265767632944,20.2032109192666022,970,3143,64,100
37177,Tyrrell County,NC,North Carolina,"Tyrrell County, NC",Expanded Medicaid in late 2023,Remote rural,146,504,29.00,47.60,24.9068265767632944,20.2032109192666022,402,3143,11,100
37179,Union County,NC,North Carolina,"Union County, NC",Expanded Medicaid in late 2023,Metro,4206,14463,29.10,53.30,24.9068265767632944,20.2032109192666022,398,3143,10,100
37181,Vance County,NC,North Carolina,"Vance County, NC",Expanded Medicaid in late 2023,"Rural, near a metro",1379,6673,20.70,35.50,24.9068265767632944,20.2032109192666022,1227,3143,81,100
37183,Wake County,NC,North Carolina,"Wake County, NC",Expanded Medicaid in late 2023,Metro,19530,77227,25.30,46.30,24.9068265767632944,20.2032109192666022,677,3143,38,100
37185,Warren County,NC,North Carolina,"Warren County, NC",Expanded Medicaid in late 2023,"Rural, near a metro",565,2517,22.40,37.40,24.9068265767632944,20.2032109192666022,1010,3143,68,100
37187,Washington County,NC,North Carolina,"Washington County, NC",Expanded Medicaid in late 2023,Remote rural,278,1632,17.00,34.50,24.9068265767632944,20.2032109192666022,1645,3143,98,100
37189,Watauga County,NC,North Carolina,"Watauga County, NC",Expanded Medicaid in late 2023,Remote rural,2018,8778,23.00,32.60,24.9068265767632944,20.2032109192666022,943,3143,61,100
37191,Wayne County,NC,North Carolina,"Wayne County, NC",Expanded Medicaid in late 2023,Metro,4289,15650,27.40,39.40,24.9068265767632944,20.2032109192666022,501,3143,19,100
37193,Wilkes County,NC,North Carolina,"Wilkes County, NC",Expanded Medicaid in late 2023,"Rural, near a metro",2234,8362,26.70,42.20,24.9068265767632944,20.2032109192666022,556,3143,27,100
37195,Wilson County,NC,North Carolina,"Wilson County, NC",Expanded Medicaid in late 2023,"Rural, near a metro",2830,11368,24.90,43.30,24.9068265767632944,20.2032109192666022,726,3143,43,100
37197,Yadkin County,NC,North Carolina,"Yadkin County, NC",Expanded Medicaid in late 2023,Metro,1105,4202,26.30,48.20,24.9068265767632944,20.2032109192666022,597,3143,31,100
37199,Yancey County,NC,North Carolina,"Yancey County, NC",Expanded Medicaid in late 2023,"Rural, near a metro",565,2221,25.40,43.70,24.9068265767632944,20.2032109192666022,665,3143,35,100
38001,Adams County,ND,North Dakota,"Adams County, ND",Expanded Medicaid in 2014,Remote rural,32,191,16.80,33.20,11.7938217464207404,20.2032109192666022,1666,3143,3,53
38003,Barnes County,ND,North Dakota,"Barnes County, ND",Expanded Medicaid in 2014,"Rural, near a metro",98,809,12.10,29.50,11.7938217464207404,20.2032109192666022,2521,3143,37,53
38005,Benson County,ND,North Dakota,"Benson County, ND",Expanded Medicaid in 2014,Remote rural,53,678,7.80,29.90,11.7938217464207404,20.2032109192666022,3126,3143,52,53
38007,Billings County,ND,North Dakota,"Billings County, ND",Expanded Medicaid in 2014,Remote rural,16,98,16.30,47.10,11.7938217464207404,20.2032109192666022,1722,3143,5,53
38009,Bottineau County,ND,North Dakota,"Bottineau County, ND",Expanded Medicaid in 2014,Remote rural,51,364,14.00,40.80,11.7938217464207404,20.2032109192666022,2103,3143,20,53
38011,Bowman County,ND,North Dakota,"Bowman County, ND",Expanded Medicaid in 2014,Remote rural,26,184,14.10,35.60,11.7938217464207404,20.2032109192666022,2076,3143,18,53
38013,Burke County,ND,North Dakota,"Burke County, ND",Expanded Medicaid in 2014,Remote rural,15,105,14.30,39.00,11.7938217464207404,20.2032109192666022,2031,3143,16,53
38015,Burleigh County,ND,North Dakota,"Burleigh County, ND",Expanded Medicaid in 2014,Metro,677,5627,12.00,28.70,11.7938217464207404,20.2032109192666022,2555,3143,38,53
38017,Cass County,ND,North Dakota,"Cass County, ND",Expanded Medicaid in 2014,Metro,2024,17201,11.80,25.50,11.7938217464207404,20.2032109192666022,2605,3143,40,53
38019,Cavalier County,ND,North Dakota,"Cavalier County, ND",Expanded Medicaid in 2014,Remote rural,19,150,12.70,36.90,11.7938217464207404,20.2032109192666022,2387,3143,32,53
38021,Dickey County,ND,North Dakota,"Dickey County, ND",Expanded Medicaid in 2014,Remote rural,59,350,16.90,32.60,11.7938217464207404,20.2032109192666022,1650,3143,2,53
38023,Divide County,ND,North Dakota,"Divide County, ND",Expanded Medicaid in 2014,Remote rural,20,133,15.00,42.60,11.7938217464207404,20.2032109192666022,1895,3143,8,53
38025,Dunn County,ND,North Dakota,"Dunn County, ND",Expanded Medicaid in 2014,Remote rural,41,236,17.40,44.90,11.7938217464207404,20.2032109192666022,1597,3143,1,53
38027,Eddy County,ND,North Dakota,"Eddy County, ND",Expanded Medicaid in 2014,Remote rural,18,170,10.60,33.80,11.7938217464207404,20.2032109192666022,2881,3143,47,53
38029,Emmons County,ND,North Dakota,"Emmons County, ND",Expanded Medicaid in 2014,"Rural, near a metro",36,247,14.60,40.00,11.7938217464207404,20.2032109192666022,1960,3143,13,53
38031,Foster County,ND,North Dakota,"Foster County, ND",Expanded Medicaid in 2014,Remote rural,27,208,13.00,33.60,11.7938217464207404,20.2032109192666022,2325,3143,28,53
38033,Golden Valley County,ND,North Dakota,"Golden Valley County, ND",Expanded Medicaid in 2014,Remote rural,17,130,13.10,37.10,11.7938217464207404,20.2032109192666022,2304,3143,27,53
38035,Grand Forks County,ND,North Dakota,"Grand Forks County, ND",Expanded Medicaid in 2014,Metro,834,8180,10.20,23.70,11.7938217464207404,20.2032109192666022,2952,3143,48,53
38037,Grant County,ND,North Dakota,"Grant County, ND",Expanded Medicaid in 2014,"Rural, near a metro",37,240,15.40,42.30,11.7938217464207404,20.2032109192666022,1838,3143,7,53
38039,Griggs County,ND,North Dakota,"Griggs County, ND",Expanded Medicaid in 2014,Remote rural,19,155,12.30,34.70,11.7938217464207404,20.2032109192666022,2477,3143,35,53
38041,Hettinger County,ND,North Dakota,"Hettinger County, ND",Expanded Medicaid in 2014,Remote rural,25,174,14.40,40.60,11.7938217464207404,20.2032109192666022,2007,3143,14,53
38043,Kidder County,ND,North Dakota,"Kidder County, ND",Expanded Medicaid in 2014,"Rural, near a metro",30,223,13.50,38.00,11.7938217464207404,20.2032109192666022,2220,3143,24,53
38045,LaMoure County,ND,North Dakota,"LaMoure County, ND",Expanded Medicaid in 2014,Remote rural,34,229,14.80,37.50,11.7938217464207404,20.2032109192666022,1923,3143,9,53
38047,Logan County,ND,North Dakota,"Logan County, ND",Expanded Medicaid in 2014,Remote rural,27,202,13.40,43.50,11.7938217464207404,20.2032109192666022,2249,3143,25,53
38049,McHenry County,ND,North Dakota,"McHenry County, ND",Expanded Medicaid in 2014,Remote rural,50,360,13.90,38.90,11.7938217464207404,20.2032109192666022,2127,3143,21,53
38051,McIntosh County,ND,North Dakota,"McIntosh County, ND",Expanded Medicaid in 2014,Remote rural,29,196,14.80,36.60,11.7938217464207404,20.2032109192666022,1923,3143,9,53
38053,McKenzie County,ND,North Dakota,"McKenzie County, ND",Expanded Medicaid in 2014,Remote rural,117,1080,10.80,35.70,11.7938217464207404,20.2032109192666022,2845,3143,46,53
38055,McLean County,ND,North Dakota,"McLean County, ND",Expanded Medicaid in 2014,"Rural, near a metro",63,493,12.80,36.00,11.7938217464207404,20.2032109192666022,2369,3143,30,53
38057,Mercer County,ND,North Dakota,"Mercer County, ND",Expanded Medicaid in 2014,Remote rural,59,434,13.60,35.10,11.7938217464207404,20.2032109192666022,2201,3143,23,53
38059,Morton County,ND,North Dakota,"Morton County, ND",Expanded Medicaid in 2014,Metro,219,2286,9.60,31.80,11.7938217464207404,20.2032109192666022,3027,3143,49,53
38061,Mountrail County,ND,North Dakota,"Mountrail County, ND",Expanded Medicaid in 2014,Remote rural,95,791,12.00,37.30,11.7938217464207404,20.2032109192666022,2555,3143,38,53
38063,Nelson County,ND,North Dakota,"Nelson County, ND",Expanded Medicaid in 2014,"Rural, near a metro",23,173,13.30,34.20,11.7938217464207404,20.2032109192666022,2263,3143,26,53
38065,Oliver County,ND,North Dakota,"Oliver County, ND",Expanded Medicaid in 2014,Metro,13,113,11.50,42.70,11.7938217464207404,20.2032109192666022,2684,3143,44,53
38067,Pembina County,ND,North Dakota,"Pembina County, ND",Expanded Medicaid in 2014,Remote rural,52,362,14.40,35.80,11.7938217464207404,20.2032109192666022,2007,3143,14,53
38069,Pierce County,ND,North Dakota,"Pierce County, ND",Expanded Medicaid in 2014,Remote rural,34,294,11.60,34.40,11.7938217464207404,20.2032109192666022,2655,3143,43,53
38071,Ramsey County,ND,North Dakota,"Ramsey County, ND",Expanded Medicaid in 2014,Remote rural,83,895,9.30,28.50,11.7938217464207404,20.2032109192666022,3053,3143,50,53
38073,Ransom County,ND,North Dakota,"Ransom County, ND",Expanded Medicaid in 2014,"Rural, near a metro",53,385,13.80,30.00,11.7938217464207404,20.2032109192666022,2156,3143,22,53
38075,Renville County,ND,North Dakota,"Renville County, ND",Expanded Medicaid in 2014,Remote rural,20,136,14.70,34.10,11.7938217464207404,20.2032109192666022,1946,3143,11,53
38077,Richland County,ND,North Dakota,"Richland County, ND",Expanded Medicaid in 2014,"Rural, near a metro",133,1132,11.70,29.20,11.7938217464207404,20.2032109192666022,2631,3143,41,53
38079,Rolette County,ND,North Dakota,"Rolette County, ND",Expanded Medicaid in 2014,Remote rural,111,1376,8.10,29.70,11.7938217464207404,20.2032109192666022,3117,3143,51,53
38081,Sargent County,ND,North Dakota,"Sargent County, ND",Expanded Medicaid in 2014,Remote rural,24,219,11.00,30.80,11.7938217464207404,20.2032109192666022,2806,3143,45,53
38083,Sheridan County,ND,North Dakota,"Sheridan County, ND",Expanded Medicaid in 2014,Remote rural,15,102,14.70,43.00,11.7938217464207404,20.2032109192666022,1946,3143,11,53
38085,Sioux County,ND,North Dakota,"Sioux County, ND",Expanded Medicaid in 2014,Metro,53,694,7.60,25.40,11.7938217464207404,20.2032109192666022,3127,3143,53,53
38087,Slope County,ND,North Dakota,"Slope County, ND",Expanded Medicaid in 2014,Remote rural,11,66,16.70,42.90,11.7938217464207404,20.2032109192666022,1680,3143,4,53
38089,Stark County,ND,North Dakota,"Stark County, ND",Expanded Medicaid in 2014,Remote rural,321,2514,12.80,29.80,11.7938217464207404,20.2032109192666022,2369,3143,30,53
38091,Steele County,ND,North Dakota,"Steele County, ND",Expanded Medicaid in 2014,"Rural, near a metro",10,80,12.50,37.10,11.7938217464207404,20.2032109192666022,2428,3143,33,53
38093,Stutsman County,ND,North Dakota,"Stutsman County, ND",Expanded Medicaid in 2014,Remote rural,195,1662,11.70,29.20,11.7938217464207404,20.2032109192666022,2631,3143,41,53
38095,Towner County,ND,North Dakota,"Towner County, ND",Expanded Medicaid in 2014,Remote rural,19,120,15.80,34.80,11.7938217464207404,20.2032109192666022,1787,3143,6,53
38097,Traill County,ND,North Dakota,"Traill County, ND",Expanded Medicaid in 2014,"Rural, near a metro",55,449,12.20,28.90,11.7938217464207404,20.2032109192666022,2494,3143,36,53
38099,Walsh County,ND,North Dakota,"Walsh County, ND",Expanded Medicaid in 2014,"Rural, near a metro",104,731,14.20,32.80,11.7938217464207404,20.2032109192666022,2058,3143,17,53
38101,Ward County,ND,North Dakota,"Ward County, ND",Expanded Medicaid in 2014,Remote rural,672,5405,12.40,28.00,11.7938217464207404,20.2032109192666022,2449,3143,34,53
38103,Wells County,ND,North Dakota,"Wells County, ND",Expanded Medicaid in 2014,Remote rural,32,248,12.90,33.40,11.7938217464207404,20.2032109192666022,2351,3143,29,53
38105,Williams County,ND,North Dakota,"Williams County, ND",Expanded Medicaid in 2014,Remote rural,415,2944,14.10,32.30,11.7938217464207404,20.2032109192666022,2076,3143,18,53
39001,Adams County,OH,Ohio,"Adams County, OH",Expanded Medicaid in 2014,"Rural, near a metro",544,4048,13.40,28.40,14.5502253295708209,20.2032109192666022,2249,3143,54,88
39003,Allen County,OH,Ohio,"Allen County, OH",Expanded Medicaid in 2014,Metro,1303,10354,12.60,30.50,14.5502253295708209,20.2032109192666022,2410,3143,71,88
39005,Ashland County,OH,Ohio,"Ashland County, OH",Expanded Medicaid in 2014,"Rural, near a metro",729,5001,14.60,32.40,14.5502253295708209,20.2032109192666022,1960,3143,21,88
39007,Ashtabula County,OH,Ohio,"Ashtabula County, OH",Expanded Medicaid in 2014,"Rural, near a metro",1570,12332,12.70,30.80,14.5502253295708209,20.2032109192666022,2387,3143,68,88
39009,Athens County,OH,Ohio,"Athens County, OH",Expanded Medicaid in 2014,"Rural, near a metro",1491,12177,12.20,26.90,14.5502253295708209,20.2032109192666022,2494,3143,79,88
39011,Auglaize County,OH,Ohio,"Auglaize County, OH",Expanded Medicaid in 2014,"Rural, near a metro",386,3111,12.40,29.50,14.5502253295708209,20.2032109192666022,2449,3143,74,88
39013,Belmont County,OH,Ohio,"Belmont County, OH",Expanded Medicaid in 2014,Metro,823,6692,12.30,31.20,14.5502253295708209,20.2032109192666022,2477,3143,77,88
39015,Brown County,OH,Ohio,"Brown County, OH",Expanded Medicaid in 2014,Metro,765,5204,14.70,32.10,14.5502253295708209,20.2032109192666022,1946,3143,18,88
39017,Butler County,OH,Ohio,"Butler County, OH",Expanded Medicaid in 2014,Metro,6135,36529,16.80,32.90,14.5502253295708209,20.2032109192666022,1666,3143,9,88
39019,Carroll County,OH,Ohio,"Carroll County, OH",Expanded Medicaid in 2014,Metro,374,2612,14.30,34.70,14.5502253295708209,20.2032109192666022,2031,3143,32,88
39021,Champaign County,OH,Ohio,"Champaign County, OH",Expanded Medicaid in 2014,"Rural, near a metro",476,3254,14.60,29.90,14.5502253295708209,20.2032109192666022,1960,3143,21,88
39023,Clark County,OH,Ohio,"Clark County, OH",Expanded Medicaid in 2014,Metro,1998,15424,13.00,30.00,14.5502253295708209,20.2032109192666022,2325,3143,62,88
39025,Clermont County,OH,Ohio,"Clermont County, OH",Expanded Medicaid in 2014,Metro,2276,16139,14.10,30.20,14.5502253295708209,20.2032109192666022,2076,3143,34,88
39027,Clinton County,OH,Ohio,"Clinton County, OH",Expanded Medicaid in 2014,"Rural, near a metro",630,4355,14.50,29.20,14.5502253295708209,20.2032109192666022,1985,3143,24,88
39029,Columbiana County,OH,Ohio,"Columbiana County, OH",Expanded Medicaid in 2014,"Rural, near a metro",1542,11081,13.90,33.20,14.5502253295708209,20.2032109192666022,2127,3143,41,88
39031,Coshocton County,OH,Ohio,"Coshocton County, OH",Expanded Medicaid in 2014,"Rural, near a metro",661,4713,14.00,33.60,14.5502253295708209,20.2032109192666022,2103,3143,37,88
39033,Crawford County,OH,Ohio,"Crawford County, OH",Expanded Medicaid in 2014,"Rural, near a metro",674,4912,13.70,29.00,14.5502253295708209,20.2032109192666022,2176,3143,47,88
39035,Cuyahoga County,OH,Ohio,"Cuyahoga County, OH",Expanded Medicaid in 2014,Metro,18663,142557,13.10,30.70,14.5502253295708209,20.2032109192666022,2304,3143,60,88
39037,Darke County,OH,Ohio,"Darke County, OH",Expanded Medicaid in 2014,"Rural, near a metro",638,4733,13.50,32.40,14.5502253295708209,20.2032109192666022,2220,3143,49,88
39039,Defiance County,OH,Ohio,"Defiance County, OH",Expanded Medicaid in 2014,"Rural, near a metro",464,3330,13.90,33.20,14.5502253295708209,20.2032109192666022,2127,3143,41,88
39041,Delaware County,OH,Ohio,"Delaware County, OH",Expanded Medicaid in 2014,Metro,1605,7882,20.40,41.10,14.5502253295708209,20.2032109192666022,1260,3143,3,88
39043,Erie County,OH,Ohio,"Erie County, OH",Expanded Medicaid in 2014,"Rural, near a metro",844,7054,12.00,31.10,14.5502253295708209,20.2032109192666022,2555,3143,85,88
39045,Fairfield County,OH,Ohio,"Fairfield County, OH",Expanded Medicaid in 2014,Metro,1864,12412,15.00,30.00,14.5502253295708209,20.2032109192666022,1895,3143,16,88
39047,Fayette County,OH,Ohio,"Fayette County, OH",Expanded Medicaid in 2014,"Rural, near a metro",523,3576,14.60,27.90,14.5502253295708209,20.2032109192666022,1960,3143,21,88
39049,Franklin County,OH,Ohio,"Franklin County, OH",Expanded Medicaid in 2014,Metro,30059,151663,19.80,33.90,14.5502253295708209,20.2032109192666022,1331,3143,4,88
39051,Fulton County,OH,Ohio,"Fulton County, OH",Expanded Medicaid in 2014,Metro,421,3018,13.90,34.40,14.5502253295708209,20.2032109192666022,2127,3143,41,88
39053,Gallia County,OH,Ohio,"Gallia County, OH",Expanded Medicaid in 2014,"Rural, near a metro",516,3926,13.10,29.20,14.5502253295708209,20.2032109192666022,2304,3143,60,88
39055,Geauga County,OH,Ohio,"Geauga County, OH",Expanded Medicaid in 2014,Metro,994,4240,23.40,45.20,14.5502253295708209,20.2032109192666022,895,3143,2,88
39057,Greene County,OH,Ohio,"Greene County, OH",Expanded Medicaid in 2014,Metro,1958,13489,14.50,32.20,14.5502253295708209,20.2032109192666022,1985,3143,24,88
39059,Guernsey County,OH,Ohio,"Guernsey County, OH",Expanded Medicaid in 2014,"Rural, near a metro",840,4878,17.20,29.50,14.5502253295708209,20.2032109192666022,1618,3143,8,88
39061,Hamilton County,OH,Ohio,"Hamilton County, OH",Expanded Medicaid in 2014,Metro,11992,86062,13.90,32.30,14.5502253295708209,20.2032109192666022,2127,3143,41,88
39063,Hancock County,OH,Ohio,"Hancock County, OH",Expanded Medicaid in 2014,"Rural, near a metro",832,6381,13.00,31.30,14.5502253295708209,20.2032109192666022,2325,3143,62,88
39065,Hardin County,OH,Ohio,"Hardin County, OH",Expanded Medicaid in 2014,"Rural, near a metro",464,3489,13.30,30.30,14.5502253295708209,20.2032109192666022,2263,3143,56,88
39067,Harrison County,OH,Ohio,"Harrison County, OH",Expanded Medicaid in 2014,"Rural, near a metro",219,1627,13.50,31.40,14.5502253295708209,20.2032109192666022,2220,3143,49,88
39069,Henry County,OH,Ohio,"Henry County, OH",Expanded Medicaid in 2014,"Rural, near a metro",275,2021,13.60,32.30,14.5502253295708209,20.2032109192666022,2201,3143,48,88
39071,Highland County,OH,Ohio,"Highland County, OH",Expanded Medicaid in 2014,"Rural, near a metro",775,5096,15.20,29.90,14.5502253295708209,20.2032109192666022,1863,3143,15,88
39073,Hocking County,OH,Ohio,"Hocking County, OH",Expanded Medicaid in 2014,Metro,428,3425,12.50,30.30,14.5502253295708209,20.2032109192666022,2428,3143,73,88
39075,Holmes County,OH,Ohio,"Holmes County, OH",Expanded Medicaid in 2014,Remote rural,1123,3531,31.80,43.60,14.5502253295708209,20.2032109192666022,269,3143,1,88
39077,Huron County,OH,Ohio,"Huron County, OH",Expanded Medicaid in 2014,"Rural, near a metro",735,5828,12.60,34.30,14.5502253295708209,20.2032109192666022,2410,3143,71,88
39079,Jackson County,OH,Ohio,"Jackson County, OH",Expanded Medicaid in 2014,Remote rural,585,4365,13.40,27.40,14.5502253295708209,20.2032109192666022,2249,3143,54,88
39081,Jefferson County,OH,Ohio,"Jefferson County, OH",Expanded Medicaid in 2014,Metro,996,7657,13.00,29.70,14.5502253295708209,20.2032109192666022,2325,3143,62,88
39083,Knox County,OH,Ohio,"Knox County, OH",Expanded Medicaid in 2014,"Rural, near a metro",898,5582,16.10,33.30,14.5502253295708209,20.2032109192666022,1742,3143,11,88
39085,Lake County,OH,Ohio,"Lake County, OH",Expanded Medicaid in 2014,Metro,2335,15851,14.70,35.20,14.5502253295708209,20.2032109192666022,1946,3143,18,88
39087,Lawrence County,OH,Ohio,"Lawrence County, OH",Expanded Medicaid in 2014,Metro,922,7638,12.10,28.50,14.5502253295708209,20.2032109192666022,2521,3143,82,88
39089,Licking County,OH,Ohio,"Licking County, OH",Expanded Medicaid in 2014,Metro,2059,14168,14.50,32.10,14.5502253295708209,20.2032109192666022,1985,3143,24,88
39091,Logan County,OH,Ohio,"Logan County, OH",Expanded Medicaid in 2014,"Rural, near a metro",575,4084,14.10,33.50,14.5502253295708209,20.2032109192666022,2076,3143,34,88
39093,Lorain County,OH,Ohio,"Lorain County, OH",Expanded Medicaid in 2014,Metro,3694,28045,13.20,31.90,14.5502253295708209,20.2032109192666022,2283,3143,58,88
39095,Lucas County,OH,Ohio,"Lucas County, OH",Expanded Medicaid in 2014,Metro,6616,54357,12.20,30.30,14.5502253295708209,20.2032109192666022,2494,3143,79,88
39097,Madison County,OH,Ohio,"Madison County, OH",Expanded Medicaid in 2014,Metro,517,3366,15.40,32.00,14.5502253295708209,20.2032109192666022,1838,3143,13,88
39099,Mahoning County,OH,Ohio,"Mahoning County, OH",Expanded Medicaid in 2014,Metro,3250,27807,11.70,27.90,14.5502253295708209,20.2032109192666022,2631,3143,87,88
39101,Marion County,OH,Ohio,"Marion County, OH",Expanded Medicaid in 2014,"Rural, near a metro",929,7503,12.40,30.40,14.5502253295708209,20.2032109192666022,2449,3143,74,88
39103,Medina County,OH,Ohio,"Medina County, OH",Expanded Medicaid in 2014,Metro,1550,10135,15.30,36.00,14.5502253295708209,20.2032109192666022,1851,3143,14,88
39105,Meigs County,OH,Ohio,"Meigs County, OH",Expanded Medicaid in 2014,"Rural, near a metro",422,3298,12.80,29.90,14.5502253295708209,20.2032109192666022,2369,3143,67,88
39107,Mercer County,OH,Ohio,"Mercer County, OH",Expanded Medicaid in 2014,Remote rural,370,2645,14.00,33.30,14.5502253295708209,20.2032109192666022,2103,3143,37,88
39109,Miami County,OH,Ohio,"Miami County, OH",Expanded Medicaid in 2014,Metro,1065,8897,12.00,31.40,14.5502253295708209,20.2032109192666022,2555,3143,85,88
39111,Monroe County,OH,Ohio,"Monroe County, OH",Expanded Medicaid in 2014,"Rural, near a metro",218,1505,14.50,34.30,14.5502253295708209,20.2032109192666022,1985,3143,24,88
39113,Montgomery County,OH,Ohio,"Montgomery County, OH",Expanded Medicaid in 2014,Metro,8749,60634,14.40,31.10,14.5502253295708209,20.2032109192666022,2007,3143,31,88
39115,Morgan County,OH,Ohio,"Morgan County, OH",Expanded Medicaid in 2014,"Rural, near a metro",238,1803,13.20,32.10,14.5502253295708209,20.2032109192666022,2283,3143,58,88
39117,Morrow County,OH,Ohio,"Morrow County, OH",Expanded Medicaid in 2014,Metro,575,3216,17.90,33.00,14.5502253295708209,20.2032109192666022,1535,3143,6,88
39119,Muskingum County,OH,Ohio,"Muskingum County, OH",Expanded Medicaid in 2014,"Rural, near a metro",1312,10769,12.20,28.30,14.5502253295708209,20.2032109192666022,2494,3143,79,88
39121,Noble County,OH,Ohio,"Noble County, OH",Expanded Medicaid in 2014,Remote rural,171,1166,14.70,33.10,14.5502253295708209,20.2032109192666022,1946,3143,18,88
39123,Ottawa County,OH,Ohio,"Ottawa County, OH",Expanded Medicaid in 2014,"Rural, near a metro",363,2503,14.50,36.20,14.5502253295708209,20.2032109192666022,1985,3143,24,88
39125,Paulding County,OH,Ohio,"Paulding County, OH",Expanded Medicaid in 2014,"Rural, near a metro",222,1601,13.90,33.30,14.5502253295708209,20.2032109192666022,2127,3143,41,88
39127,Perry County,OH,Ohio,"Perry County, OH",Expanded Medicaid in 2014,Metro,591,4130,14.30,31.70,14.5502253295708209,20.2032109192666022,2031,3143,32,88
39129,Pickaway County,OH,Ohio,"Pickaway County, OH",Expanded Medicaid in 2014,Metro,751,5323,14.10,31.80,14.5502253295708209,20.2032109192666022,2076,3143,34,88
39131,Pike County,OH,Ohio,"Pike County, OH",Expanded Medicaid in 2014,Remote rural,604,4670,12.90,26.90,14.5502253295708209,20.2032109192666022,2351,3143,65,88
39133,Portage County,OH,Ohio,"Portage County, OH",Expanded Medicaid in 2014,Metro,2048,16862,12.10,29.40,14.5502253295708209,20.2032109192666022,2521,3143,82,88
39135,Preble County,OH,Ohio,"Preble County, OH",Expanded Medicaid in 2014,"Rural, near a metro",489,3489,14.00,31.90,14.5502253295708209,20.2032109192666022,2103,3143,37,88
39137,Putnam County,OH,Ohio,"Putnam County, OH",Expanded Medicaid in 2014,"Rural, near a metro",245,1692,14.50,33.30,14.5502253295708209,20.2032109192666022,1985,3143,24,88
39139,Richland County,OH,Ohio,"Richland County, OH",Expanded Medicaid in 2014,Metro,1900,13627,13.90,30.60,14.5502253295708209,20.2032109192666022,2127,3143,41,88
39141,Ross County,OH,Ohio,"Ross County, OH",Expanded Medicaid in 2014,"Rural, near a metro",1129,9137,12.40,28.20,14.5502253295708209,20.2032109192666022,2449,3143,74,88
39143,Sandusky County,OH,Ohio,"Sandusky County, OH",Expanded Medicaid in 2014,"Rural, near a metro",739,5569,13.30,32.90,14.5502253295708209,20.2032109192666022,2263,3143,56,88
39145,Scioto County,OH,Ohio,"Scioto County, OH",Expanded Medicaid in 2014,"Rural, near a metro",1280,11499,11.10,28.40,14.5502253295708209,20.2032109192666022,2772,3143,88,88
39147,Seneca County,OH,Ohio,"Seneca County, OH",Expanded Medicaid in 2014,"Rural, near a metro",696,5487,12.70,31.10,14.5502253295708209,20.2032109192666022,2387,3143,68,88
39149,Shelby County,OH,Ohio,"Shelby County, OH",Expanded Medicaid in 2014,"Rural, near a metro",554,4102,13.50,30.30,14.5502253295708209,20.2032109192666022,2220,3143,49,88
39151,Stark County,OH,Ohio,"Stark County, OH",Expanded Medicaid in 2014,Metro,4628,37617,12.30,29.10,14.5502253295708209,20.2032109192666022,2477,3143,77,88
39153,Summit County,OH,Ohio,"Summit County, OH",Expanded Medicaid in 2014,Metro,7281,52129,14.00,31.00,14.5502253295708209,20.2032109192666022,2103,3143,37,88
39155,Trumbull County,OH,Ohio,"Trumbull County, OH",Expanded Medicaid in 2014,Metro,3337,24756,13.50,33.20,14.5502253295708209,20.2032109192666022,2220,3143,49,88
39157,Tuscarawas County,OH,Ohio,"Tuscarawas County, OH",Expanded Medicaid in 2014,"Rural, near a metro",1390,8959,15.50,32.90,14.5502253295708209,20.2032109192666022,1820,3143,12,88
39159,Union County,OH,Ohio,"Union County, OH",Expanded Medicaid in 2014,Metro,480,2945,16.30,35.00,14.5502253295708209,20.2032109192666022,1722,3143,10,88
39161,Van Wert County,OH,Ohio,"Van Wert County, OH",Expanded Medicaid in 2014,"Rural, near a metro",314,2480,12.70,33.20,14.5502253295708209,20.2032109192666022,2387,3143,68,88
39163,Vinton County,OH,Ohio,"Vinton County, OH",Expanded Medicaid in 2014,"Rural, near a metro",282,1909,14.80,27.70,14.5502253295708209,20.2032109192666022,1923,3143,17,88
39165,Warren County,OH,Ohio,"Warren County, OH",Expanded Medicaid in 2014,Metro,2088,11030,18.90,38.60,14.5502253295708209,20.2032109192666022,1423,3143,5,88
39167,Washington County,OH,Ohio,"Washington County, OH",Expanded Medicaid in 2014,"Rural, near a metro",910,6282,14.50,32.90,14.5502253295708209,20.2032109192666022,1985,3143,24,88
39169,Wayne County,OH,Ohio,"Wayne County, OH",Expanded Medicaid in 2014,"Rural, near a metro",1551,8950,17.30,34.30,14.5502253295708209,20.2032109192666022,1608,3143,7,88
39171,Williams County,OH,Ohio,"Williams County, OH",Expanded Medicaid in 2014,"Rural, near a metro",479,3561,13.50,29.10,14.5502253295708209,20.2032109192666022,2220,3143,49,88
39173,Wood County,OH,Ohio,"Wood County, OH",Expanded Medicaid in 2014,Metro,1501,12448,12.10,29.30,14.5502253295708209,20.2032109192666022,2521,3143,82,88
39175,Wyandot County,OH,Ohio,"Wyandot County, OH",Expanded Medicaid in 2014,Remote rural,226,1746,12.90,31.70,14.5502253295708209,20.2032109192666022,2351,3143,65,88
40001,Adair County,OK,Oklahoma,"Adair County, OK",Expanded Medicaid in 2022,"Rural, near a metro",629,3226,19.50,45.10,26.5232249741588609,20.2032109192666022,1364,3143,75,77
40003,Alfalfa County,OK,Oklahoma,"Alfalfa County, OK",Expanded Medicaid in 2022,Remote rural,157,534,29.40,44.50,26.5232249741588609,20.2032109192666022,379,3143,14,77
40005,Atoka County,OK,Oklahoma,"Atoka County, OK",Expanded Medicaid in 2022,Remote rural,542,2000,27.10,45.20,26.5232249741588609,20.2032109192666022,526,3143,24,77
40007,Beaver County,OK,Oklahoma,"Beaver County, OK",Expanded Medicaid in 2022,Remote rural,212,537,39.50,55.50,26.5232249741588609,20.2032109192666022,72,3143,3,77
40009,Beckham County,OK,Oklahoma,"Beckham County, OK",Expanded Medicaid in 2022,Remote rural,843,2894,29.10,44.50,26.5232249741588609,20.2032109192666022,398,3143,17,77
40011,Blaine County,OK,Oklahoma,"Blaine County, OK",Expanded Medicaid in 2022,"Rural, near a metro",230,960,24.00,48.60,26.5232249741588609,20.2032109192666022,830,3143,43,77
40013,Bryan County,OK,Oklahoma,"Bryan County, OK",Expanded Medicaid in 2022,"Rural, near a metro",1913,7210,26.50,42.20,26.5232249741588609,20.2032109192666022,575,3143,28,77
40015,Caddo County,OK,Oklahoma,"Caddo County, OK",Expanded Medicaid in 2022,"Rural, near a metro",680,3198,21.30,46.70,26.5232249741588609,20.2032109192666022,1153,3143,71,77
40017,Canadian County,OK,Oklahoma,"Canadian County, OK",Expanded Medicaid in 2022,Metro,3826,13066,29.30,46.60,26.5232249741588609,20.2032109192666022,387,3143,15,77
40019,Carter County,OK,Oklahoma,"Carter County, OK",Expanded Medicaid in 2022,Remote rural,1586,6616,24.00,40.60,26.5232249741588609,20.2032109192666022,830,3143,43,77
40021,Cherokee County,OK,Oklahoma,"Cherokee County, OK",Expanded Medicaid in 2022,"Rural, near a metro",1958,7397,26.50,45.80,26.5232249741588609,20.2032109192666022,575,3143,28,77
40023,Choctaw County,OK,Oklahoma,"Choctaw County, OK",Expanded Medicaid in 2022,Remote rural,532,2403,22.10,38.40,26.5232249741588609,20.2032109192666022,1048,3143,62,77
40025,Cimarron County,OK,Oklahoma,"Cimarron County, OK",Expanded Medicaid in 2022,Remote rural,90,286,31.50,57.10,26.5232249741588609,20.2032109192666022,280,3143,7,77
40027,Cleveland County,OK,Oklahoma,"Cleveland County, OK",Expanded Medicaid in 2022,Metro,8030,34814,23.10,38.20,26.5232249741588609,20.2032109192666022,929,3143,51,77
40029,Coal County,OK,Oklahoma,"Coal County, OK",Expanded Medicaid in 2022,Remote rural,219,899,24.40,45.30,26.5232249741588609,20.2032109192666022,785,3143,41,77
40031,Comanche County,OK,Oklahoma,"Comanche County, OK",Expanded Medicaid in 2022,Metro,3604,16556,21.80,38.30,26.5232249741588609,20.2032109192666022,1080,3143,65,77
40033,Cotton County,OK,Oklahoma,"Cotton County, OK",Expanded Medicaid in 2022,Metro,174,775,22.50,44.30,26.5232249741588609,20.2032109192666022,1000,3143,58,77
40035,Craig County,OK,Oklahoma,"Craig County, OK",Expanded Medicaid in 2022,"Rural, near a metro",476,2213,21.50,40.00,26.5232249741588609,20.2032109192666022,1123,3143,68,77
40037,Creek County,OK,Oklahoma,"Creek County, OK",Expanded Medicaid in 2022,Metro,1987,8476,23.40,41.70,26.5232249741588609,20.2032109192666022,895,3143,48,77
40039,Custer County,OK,Oklahoma,"Custer County, OK",Expanded Medicaid in 2022,Remote rural,1216,4216,28.80,46.40,26.5232249741588609,20.2032109192666022,411,3143,18,77
40041,Delaware County,OK,Oklahoma,"Delaware County, OK",Expanded Medicaid in 2022,"Rural, near a metro",1427,6019,23.70,45.40,26.5232249741588609,20.2032109192666022,863,3143,45,77
40043,Dewey County,OK,Oklahoma,"Dewey County, OK",Expanded Medicaid in 2022,Remote rural,135,490,27.60,47.00,26.5232249741588609,20.2032109192666022,492,3143,23,77
40045,Ellis County,OK,Oklahoma,"Ellis County, OK",Expanded Medicaid in 2022,Remote rural,127,409,31.10,44.80,26.5232249741588609,20.2032109192666022,294,3143,8,77
40047,Garfield County,OK,Oklahoma,"Garfield County, OK",Expanded Medicaid in 2022,Remote rural,2372,7389,32.10,43.20,26.5232249741588609,20.2032109192666022,249,3143,4,77
40049,Garvin County,OK,Oklahoma,"Garvin County, OK",Expanded Medicaid in 2022,"Rural, near a metro",916,3592,25.50,44.20,26.5232249741588609,20.2032109192666022,654,3143,32,77
40051,Grady County,OK,Oklahoma,"Grady County, OK",Expanded Medicaid in 2022,Metro,1342,5493,24.40,43.30,26.5232249741588609,20.2032109192666022,785,3143,41,77
40053,Grant County,OK,Oklahoma,"Grant County, OK",Expanded Medicaid in 2022,Remote rural,114,448,25.40,44.70,26.5232249741588609,20.2032109192666022,665,3143,34,77
40055,Greer County,OK,Oklahoma,"Greer County, OK",Expanded Medicaid in 2022,Remote rural,201,800,25.10,38.90,26.5232249741588609,20.2032109192666022,703,3143,35,77
40057,Harmon County,OK,Oklahoma,"Harmon County, OK",Expanded Medicaid in 2022,Remote rural,123,402,30.60,43.20,26.5232249741588609,20.2032109192666022,316,3143,10,77
40059,Harper County,OK,Oklahoma,"Harper County, OK",Expanded Medicaid in 2022,Remote rural,156,375,41.60,57.10,26.5232249741588609,20.2032109192666022,43,3143,2,77
40061,Haskell County,OK,Oklahoma,"Haskell County, OK",Expanded Medicaid in 2022,"Rural, near a metro",454,1919,23.70,44.90,26.5232249741588609,20.2032109192666022,863,3143,45,77
40063,Hughes County,OK,Oklahoma,"Hughes County, OK",Expanded Medicaid in 2022,Remote rural,484,1934,25.00,47.50,26.5232249741588609,20.2032109192666022,711,3143,37,77
40065,Jackson County,OK,Oklahoma,"Jackson County, OK",Expanded Medicaid in 2022,Remote rural,823,3096,26.60,41.70,26.5232249741588609,20.2032109192666022,566,3143,26,77
40067,Jefferson County,OK,Oklahoma,"Jefferson County, OK",Expanded Medicaid in 2022,"Rural, near a metro",217,851,25.50,44.70,26.5232249741588609,20.2032109192666022,654,3143,32,77
40069,Johnston County,OK,Oklahoma,"Johnston County, OK",Expanded Medicaid in 2022,Remote rural,300,1559,19.20,42.00,26.5232249741588609,20.2032109192666022,1395,3143,76,77
40071,Kay County,OK,Oklahoma,"Kay County, OK",Expanded Medicaid in 2022,Remote rural,1335,5916,22.60,43.70,26.5232249741588609,20.2032109192666022,991,3143,57,77
40073,Kingfisher County,OK,Oklahoma,"Kingfisher County, OK",Expanded Medicaid in 2022,"Rural, near a metro",463,1442,32.10,55.90,26.5232249741588609,20.2032109192666022,249,3143,4,77
40075,Kiowa County,OK,Oklahoma,"Kiowa County, OK",Expanded Medicaid in 2022,"Rural, near a metro",316,1408,22.40,42.30,26.5232249741588609,20.2032109192666022,1010,3143,60,77
40077,Latimer County,OK,Oklahoma,"Latimer County, OK",Expanded Medicaid in 2022,Remote rural,287,1510,19.00,43.40,26.5232249741588609,20.2032109192666022,1414,3143,77,77
40079,Le Flore County,OK,Oklahoma,"Le Flore County, OK",Expanded Medicaid in 2022,Metro,2106,7787,27.00,48.50,26.5232249741588609,20.2032109192666022,531,3143,25,77
40081,Lincoln County,OK,Oklahoma,"Lincoln County, OK",Expanded Medicaid in 2022,Metro,969,4465,21.70,43.20,26.5232249741588609,20.2032109192666022,1097,3143,66,77
40083,Logan County,OK,Oklahoma,"Logan County, OK",Expanded Medicaid in 2022,Metro,1403,4720,29.70,45.40,26.5232249741588609,20.2032109192666022,366,3143,13,77
40085,Love County,OK,Oklahoma,"Love County, OK",Expanded Medicaid in 2022,Remote rural,374,1342,27.90,49.70,26.5232249741588609,20.2032109192666022,475,3143,21,77
40087,McClain County,OK,Oklahoma,"McClain County, OK",Expanded Medicaid in 2022,Metro,1048,3773,27.80,47.80,26.5232249741588609,20.2032109192666022,483,3143,22,77
40089,McCurtain County,OK,Oklahoma,"McCurtain County, OK",Expanded Medicaid in 2022,Remote rural,1054,4766,22.10,39.90,26.5232249741588609,20.2032109192666022,1048,3143,62,77
40091,McIntosh County,OK,Oklahoma,"McIntosh County, OK",Expanded Medicaid in 2022,"Rural, near a metro",727,3179,22.90,43.00,26.5232249741588609,20.2032109192666022,960,3143,54,77
40093,Major County,OK,Oklahoma,"Major County, OK",Expanded Medicaid in 2022,Remote rural,229,765,29.90,47.50,26.5232249741588609,20.2032109192666022,352,3143,12,77
40095,Marshall County,OK,Oklahoma,"Marshall County, OK",Expanded Medicaid in 2022,"Rural, near a metro",699,2197,31.80,48.60,26.5232249741588609,20.2032109192666022,269,3143,6,77
40097,Mayes County,OK,Oklahoma,"Mayes County, OK",Expanded Medicaid in 2022,"Rural, near a metro",1169,5333,21.90,42.90,26.5232249741588609,20.2032109192666022,1069,3143,64,77
40099,Murray County,OK,Oklahoma,"Murray County, OK",Expanded Medicaid in 2022,Remote rural,356,1556,22.90,42.10,26.5232249741588609,20.2032109192666022,960,3143,54,77
40101,Muskogee County,OK,Oklahoma,"Muskogee County, OK",Expanded Medicaid in 2022,"Rural, near a metro",2010,9597,20.90,44.50,26.5232249741588609,20.2032109192666022,1200,3143,72,77
40103,Noble County,OK,Oklahoma,"Noble County, OK",Expanded Medicaid in 2022,"Rural, near a metro",248,1103,22.50,39.70,26.5232249741588609,20.2032109192666022,1000,3143,58,77
40105,Nowata County,OK,Oklahoma,"Nowata County, OK",Expanded Medicaid in 2022,"Rural, near a metro",276,1319,20.90,44.00,26.5232249741588609,20.2032109192666022,1200,3143,72,77
40107,Okfuskee County,OK,Oklahoma,"Okfuskee County, OK",Expanded Medicaid in 2022,"Rural, near a metro",407,1892,21.50,43.80,26.5232249741588609,20.2032109192666022,1123,3143,68,77
40109,Oklahoma County,OK,Oklahoma,"Oklahoma County, OK",Expanded Medicaid in 2022,Metro,31439,101020,31.10,48.00,26.5232249741588609,20.2032109192666022,294,3143,8,77
40111,Okmulgee County,OK,Oklahoma,"Okmulgee County, OK",Expanded Medicaid in 2022,Metro,1257,5433,23.10,41.00,26.5232249741588609,20.2032109192666022,929,3143,51,77
40113,Osage County,OK,Oklahoma,"Osage County, OK",Expanded Medicaid in 2022,Metro,1277,4837,26.40,43.90,26.5232249741588609,20.2032109192666022,581,3143,30,77
40115,Ottawa County,OK,Oklahoma,"Ottawa County, OK",Expanded Medicaid in 2022,"Rural, near a metro",1059,4734,22.40,41.20,26.5232249741588609,20.2032109192666022,1010,3143,60,77
40117,Pawnee County,OK,Oklahoma,"Pawnee County, OK",Expanded Medicaid in 2022,Metro,474,2047,23.20,41.40,26.5232249741588609,20.2032109192666022,915,3143,50,77
40119,Payne County,OK,Oklahoma,"Payne County, OK",Expanded Medicaid in 2022,"Rural, near a metro",3577,15680,22.80,36.40,26.5232249741588609,20.2032109192666022,970,3143,56,77
40121,Pittsburg County,OK,Oklahoma,"Pittsburg County, OK",Expanded Medicaid in 2022,Remote rural,1357,5783,23.50,45.00,26.5232249741588609,20.2032109192666022,885,3143,47,77
40123,Pontotoc County,OK,Oklahoma,"Pontotoc County, OK",Expanded Medicaid in 2022,Remote rural,980,4551,21.50,40.40,26.5232249741588609,20.2032109192666022,1123,3143,68,77
40125,Pottawatomie County,OK,Oklahoma,"Pottawatomie County, OK",Expanded Medicaid in 2022,"Rural, near a metro",2085,9617,21.70,39.80,26.5232249741588609,20.2032109192666022,1097,3143,66,77
40127,Pushmataha County,OK,Oklahoma,"Pushmataha County, OK",Expanded Medicaid in 2022,Remote rural,449,1817,24.70,44.60,26.5232249741588609,20.2032109192666022,746,3143,39,77
40129,Roger Mills County,OK,Oklahoma,"Roger Mills County, OK",Expanded Medicaid in 2022,Remote rural,122,417,29.30,50.00,26.5232249741588609,20.2032109192666022,387,3143,15,77
40131,Rogers County,OK,Oklahoma,"Rogers County, OK",Expanded Medicaid in 2022,Metro,2073,8243,25.10,44.20,26.5232249741588609,20.2032109192666022,703,3143,35,77
40133,Seminole County,OK,Oklahoma,"Seminole County, OK",Expanded Medicaid in 2022,Remote rural,922,3939,23.40,41.30,26.5232249741588609,20.2032109192666022,895,3143,48,77
40135,Sequoyah County,OK,Oklahoma,"Sequoyah County, OK",Expanded Medicaid in 2022,Metro,1350,6460,20.90,44.30,26.5232249741588609,20.2032109192666022,1200,3143,72,77
40137,Stephens County,OK,Oklahoma,"Stephens County, OK",Expanded Medicaid in 2022,"Rural, near a metro",1437,5753,25.00,43.40,26.5232249741588609,20.2032109192666022,711,3143,37,77
40139,Texas County,OK,Oklahoma,"Texas County, OK",Expanded Medicaid in 2022,Remote rural,1120,2505,44.70,55.70,26.5232249741588609,20.2032109192666022,21,3143,1,77
40141,Tillman County,OK,Oklahoma,"Tillman County, OK",Expanded Medicaid in 2022,"Rural, near a metro",296,1041,28.40,46.20,26.5232249741588609,20.2032109192666022,440,3143,19,77
40143,Tulsa County,OK,Oklahoma,"Tulsa County, OK",Expanded Medicaid in 2022,Metro,22494,79509,28.30,45.50,26.5232249741588609,20.2032109192666022,450,3143,20,77
40145,Wagoner County,OK,Oklahoma,"Wagoner County, OK",Expanded Medicaid in 2022,Metro,2276,7587,30.00,49.50,26.5232249741588609,20.2032109192666022,350,3143,11,77
40147,Washington County,OK,Oklahoma,"Washington County, OK",Expanded Medicaid in 2022,"Rural, near a metro",1539,6256,24.60,48.20,26.5232249741588609,20.2032109192666022,757,3143,40,77
40149,Washita County,OK,Oklahoma,"Washita County, OK",Expanded Medicaid in 2022,Remote rural,409,1538,26.60,44.10,26.5232249741588609,20.2032109192666022,566,3143,26,77
40151,Woods County,OK,Oklahoma,"Woods County, OK",Expanded Medicaid in 2022,Remote rural,218,946,23.00,41.10,26.5232249741588609,20.2032109192666022,943,3143,53,77
40153,Woodward County,OK,Oklahoma,"Woodward County, OK",Expanded Medicaid in 2022,Remote rural,624,2369,26.30,46.90,26.5232249741588609,20.2032109192666022,597,3143,31,77
41001,Baker County,OR,Oregon,"Baker County, OR",Expanded Medicaid in 2014,Remote rural,198,1931,10.30,32.00,13.3563139469437419,20.2032109192666022,2929,3143,34,36
41003,Benton County,OR,Oregon,"Benton County, OR",Expanded Medicaid in 2014,Metro,1618,14279,11.30,26.00,13.3563139469437419,20.2032109192666022,2732,3143,24,36
41005,Clackamas County,OR,Oregon,"Clackamas County, OR",Expanded Medicaid in 2014,Metro,3435,26533,12.90,39.30,13.3563139469437419,20.2032109192666022,2351,3143,12,36
41007,Clatsop County,OR,Oregon,"Clatsop County, OR",Expanded Medicaid in 2014,"Rural, near a metro",496,4252,11.70,37.30,13.3563139469437419,20.2032109192666022,2631,3143,19,36
41009,Columbia County,OR,Oregon,"Columbia County, OR",Expanded Medicaid in 2014,Metro,460,4115,11.20,35.10,13.3563139469437419,20.2032109192666022,2753,3143,27,36
41011,Coos County,OR,Oregon,"Coos County, OR",Expanded Medicaid in 2014,Remote rural,882,8211,10.70,32.80,13.3563139469437419,20.2032109192666022,2864,3143,30,36
41013,Crook County,OR,Oregon,"Crook County, OR",Expanded Medicaid in 2014,"Rural, near a metro",262,2458,10.70,34.30,13.3563139469437419,20.2032109192666022,2864,3143,30,36
41015,Curry County,OR,Oregon,"Curry County, OR",Expanded Medicaid in 2014,Remote rural,294,2613,11.30,32.90,13.3563139469437419,20.2032109192666022,2732,3143,24,36
41017,Deschutes County,OR,Oregon,"Deschutes County, OR",Expanded Medicaid in 2014,Metro,2179,16436,13.30,41.50,13.3563139469437419,20.2032109192666022,2263,3143,11,36
41019,Douglas County,OR,Oregon,"Douglas County, OR",Expanded Medicaid in 2014,"Rural, near a metro",1188,13390,8.90,32.50,13.3563139469437419,20.2032109192666022,3079,3143,36,36
41021,Gilliam County,OR,Oregon,"Gilliam County, OR",Expanded Medicaid in 2014,Remote rural,24,190,12.60,37.60,13.3563139469437419,20.2032109192666022,2410,3143,14,36
41023,Grant County,OR,Oregon,"Grant County, OR",Expanded Medicaid in 2014,Remote rural,95,789,12.00,36.20,13.3563139469437419,20.2032109192666022,2555,3143,17,36
41025,Harney County,OR,Oregon,"Harney County, OR",Expanded Medicaid in 2014,Remote rural,117,1003,11.70,36.70,13.3563139469437419,20.2032109192666022,2631,3143,19,36
41027,Hood River County,OR,Oregon,"Hood River County, OR",Expanded Medicaid in 2014,"Rural, near a metro",400,2049,19.50,49.10,13.3563139469437419,20.2032109192666022,1364,3143,1,36
41029,Jackson County,OR,Oregon,"Jackson County, OR",Expanded Medicaid in 2014,Metro,3276,24250,13.50,39.50,13.3563139469437419,20.2032109192666022,2220,3143,10,36
41031,Jefferson County,OR,Oregon,"Jefferson County, OR",Expanded Medicaid in 2014,"Rural, near a metro",286,2759,10.40,41.60,13.3563139469437419,20.2032109192666022,2904,3143,32,36
41033,Josephine County,OR,Oregon,"Josephine County, OR",Expanded Medicaid in 2014,Metro,1295,11888,10.90,31.10,13.3563139469437419,20.2032109192666022,2826,3143,29,36
41035,Klamath County,OR,Oregon,"Klamath County, OR",Expanded Medicaid in 2014,Remote rural,988,9563,10.30,37.80,13.3563139469437419,20.2032109192666022,2929,3143,34,36
41037,Lake County,OR,Oregon,"Lake County, OR",Expanded Medicaid in 2014,Remote rural,148,1026,14.40,39.40,13.3563139469437419,20.2032109192666022,2007,3143,8,36
41039,Lane County,OR,Oregon,"Lane County, OR",Expanded Medicaid in 2014,Metro,5886,51739,11.40,35.00,13.3563139469437419,20.2032109192666022,2715,3143,23,36
41041,Lincoln County,OR,Oregon,"Lincoln County, OR",Expanded Medicaid in 2014,Remote rural,703,5661,12.40,37.80,13.3563139469437419,20.2032109192666022,2449,3143,15,36
41043,Linn County,OR,Oregon,"Linn County, OR",Expanded Medicaid in 2014,Metro,1617,14626,11.10,33.30,13.3563139469437419,20.2032109192666022,2772,3143,28,36
41045,Malheur County,OR,Oregon,"Malheur County, OR",Expanded Medicaid in 2014,"Rural, near a metro",673,4341,15.50,41.60,13.3563139469437419,20.2032109192666022,1820,3143,5,36
41047,Marion County,OR,Oregon,"Marion County, OR",Expanded Medicaid in 2014,Metro,7069,37061,19.10,39.40,13.3563139469437419,20.2032109192666022,1404,3143,3,36
41049,Morrow County,OR,Oregon,"Morrow County, OR",Expanded Medicaid in 2014,"Rural, near a metro",269,1396,19.30,46.40,13.3563139469437419,20.2032109192666022,1385,3143,2,36
41051,Multnomah County,OR,Oregon,"Multnomah County, OR",Expanded Medicaid in 2014,Metro,10866,87660,12.40,37.60,13.3563139469437419,20.2032109192666022,2449,3143,15,36
41053,Polk County,OR,Oregon,"Polk County, OR",Expanded Medicaid in 2014,Metro,1031,8603,12.00,37.50,13.3563139469437419,20.2032109192666022,2555,3143,17,36
41055,Sherman County,OR,Oregon,"Sherman County, OR",Expanded Medicaid in 2014,Remote rural,24,213,11.30,41.80,13.3563139469437419,20.2032109192666022,2732,3143,24,36
41057,Tillamook County,OR,Oregon,"Tillamook County, OR",Expanded Medicaid in 2014,"Rural, near a metro",341,2667,12.80,42.80,13.3563139469437419,20.2032109192666022,2369,3143,13,36
41059,Umatilla County,OR,Oregon,"Umatilla County, OR",Expanded Medicaid in 2014,"Rural, near a metro",1307,8429,15.50,40.90,13.3563139469437419,20.2032109192666022,1820,3143,5,36
41061,Union County,OR,Oregon,"Union County, OR",Expanded Medicaid in 2014,Remote rural,365,3160,11.60,35.10,13.3563139469437419,20.2032109192666022,2655,3143,21,36
41063,Wallowa County,OR,Oregon,"Wallowa County, OR",Expanded Medicaid in 2014,Remote rural,90,776,11.60,35.50,13.3563139469437419,20.2032109192666022,2655,3143,21,36
41065,Wasco County,OR,Oregon,"Wasco County, OR",Expanded Medicaid in 2014,"Rural, near a metro",448,3021,14.80,41.50,13.3563139469437419,20.2032109192666022,1923,3143,7,36
41067,Washington County,OR,Oregon,"Washington County, OR",Expanded Medicaid in 2014,Metro,7571,41768,18.10,43.90,13.3563139469437419,20.2032109192666022,1513,3143,4,36
41069,Wheeler County,OR,Oregon,"Wheeler County, OR",Expanded Medicaid in 2014,Remote rural,22,212,10.40,36.40,13.3563139469437419,20.2032109192666022,2904,3143,32,36
41071,Yamhill County,OR,Oregon,"Yamhill County, OR",Expanded Medicaid in 2014,Metro,1267,9119,13.90,40.60,13.3563139469437419,20.2032109192666022,2127,3143,9,36
42001,Adams County,PA,Pennsylvania,"Adams County, PA",Expanded Medicaid in 2015,Metro,1036,7100,14.60,36.30,12.9646502469111555,20.2032109192666022,1960,3143,16,67
42003,Allegheny County,PA,Pennsylvania,"Allegheny County, PA",Expanded Medicaid in 2015,Metro,11598,103453,11.20,25.60,12.9646502469111555,20.2032109192666022,2753,3143,42,67
42005,Armstrong County,PA,Pennsylvania,"Armstrong County, PA",Expanded Medicaid in 2015,Metro,624,6096,10.20,28.50,12.9646502469111555,20.2032109192666022,2952,3143,59,67
42007,Beaver County,PA,Pennsylvania,"Beaver County, PA",Expanded Medicaid in 2015,Metro,1487,13981,10.60,25.50,12.9646502469111555,20.2032109192666022,2881,3143,53,67
42009,Bedford County,PA,Pennsylvania,"Bedford County, PA",Expanded Medicaid in 2015,"Rural, near a metro",608,4725,12.90,28.90,12.9646502469111555,20.2032109192666022,2351,3143,29,67
42011,Berks County,PA,Pennsylvania,"Berks County, PA",Expanded Medicaid in 2015,Metro,6704,38852,17.30,31.50,12.9646502469111555,20.2032109192666022,1608,3143,3,67
42013,Blair County,PA,Pennsylvania,"Blair County, PA",Expanded Medicaid in 2015,Metro,1465,13355,11.00,24.90,12.9646502469111555,20.2032109192666022,2806,3143,49,67
42015,Bradford County,PA,Pennsylvania,"Bradford County, PA",Expanded Medicaid in 2015,"Rural, near a metro",708,5934,11.90,29.20,12.9646502469111555,20.2032109192666022,2586,3143,38,67
42017,Bucks County,PA,Pennsylvania,"Bucks County, PA",Expanded Medicaid in 2015,Metro,3931,30282,13.00,32.90,12.9646502469111555,20.2032109192666022,2325,3143,27,67
42019,Butler County,PA,Pennsylvania,"Butler County, PA",Expanded Medicaid in 2015,Metro,1299,12615,10.30,27.30,12.9646502469111555,20.2032109192666022,2929,3143,58,67
42021,Cambria County,PA,Pennsylvania,"Cambria County, PA",Expanded Medicaid in 2015,Metro,1286,13267,9.70,24.90,12.9646502469111555,20.2032109192666022,3016,3143,64,67
42023,Cameron County,PA,Pennsylvania,"Cameron County, PA",Expanded Medicaid in 2015,Remote rural,59,591,10.00,26.20,12.9646502469111555,20.2032109192666022,2980,3143,61,67
42025,Carbon County,PA,Pennsylvania,"Carbon County, PA",Expanded Medicaid in 2015,Metro,775,6312,12.30,29.90,12.9646502469111555,20.2032109192666022,2477,3143,32,67
42027,Centre County,PA,Pennsylvania,"Centre County, PA",Expanded Medicaid in 2015,Metro,2580,21136,12.20,22.50,12.9646502469111555,20.2032109192666022,2494,3143,33,67
42029,Chester County,PA,Pennsylvania,"Chester County, PA",Expanded Medicaid in 2015,Metro,4129,25363,16.30,36.10,12.9646502469111555,20.2032109192666022,1722,3143,5,67
42031,Clarion County,PA,Pennsylvania,"Clarion County, PA",Expanded Medicaid in 2015,"Rural, near a metro",429,4215,10.20,24.70,12.9646502469111555,20.2032109192666022,2952,3143,59,67
42033,Clearfield County,PA,Pennsylvania,"Clearfield County, PA",Expanded Medicaid in 2015,"Rural, near a metro",919,8268,11.10,28.80,12.9646502469111555,20.2032109192666022,2772,3143,46,67
42035,Clinton County,PA,Pennsylvania,"Clinton County, PA",Expanded Medicaid in 2015,"Rural, near a metro",459,4102,11.20,29.00,12.9646502469111555,20.2032109192666022,2753,3143,42,67
42037,Columbia County,PA,Pennsylvania,"Columbia County, PA",Expanded Medicaid in 2015,Metro,759,7322,10.40,24.60,12.9646502469111555,20.2032109192666022,2904,3143,56,67
42039,Crawford County,PA,Pennsylvania,"Crawford County, PA",Expanded Medicaid in 2015,"Rural, near a metro",1204,9268,13.00,27.90,12.9646502469111555,20.2032109192666022,2325,3143,27,67
42041,Cumberland County,PA,Pennsylvania,"Cumberland County, PA",Expanded Medicaid in 2015,Metro,2515,17541,14.30,30.20,12.9646502469111555,20.2032109192666022,2031,3143,18,67
42043,Dauphin County,PA,Pennsylvania,"Dauphin County, PA",Expanded Medicaid in 2015,Metro,3805,28071,13.60,32.00,12.9646502469111555,20.2032109192666022,2201,3143,22,67
42045,Delaware County,PA,Pennsylvania,"Delaware County, PA",Expanded Medicaid in 2015,Metro,5615,42604,13.20,32.10,12.9646502469111555,20.2032109192666022,2283,3143,24,67
42047,Elk County,PA,Pennsylvania,"Elk County, PA",Expanded Medicaid in 2015,Remote rural,276,2593,10.60,25.50,12.9646502469111555,20.2032109192666022,2881,3143,53,67
42049,Erie County,PA,Pennsylvania,"Erie County, PA",Expanded Medicaid in 2015,Metro,2894,31267,9.30,24.70,12.9646502469111555,20.2032109192666022,3053,3143,65,67
42051,Fayette County,PA,Pennsylvania,"Fayette County, PA",Expanded Medicaid in 2015,Metro,1423,15926,8.90,26.00,12.9646502469111555,20.2032109192666022,3079,3143,67,67
42053,Forest County,PA,Pennsylvania,"Forest County, PA",Expanded Medicaid in 2015,Remote rural,126,673,18.70,32.20,12.9646502469111555,20.2032109192666022,1449,3143,1,67
42055,Franklin County,PA,Pennsylvania,"Franklin County, PA",Expanded Medicaid in 2015,Metro,2065,12590,16.40,34.40,12.9646502469111555,20.2032109192666022,1709,3143,4,67
42057,Fulton County,PA,Pennsylvania,"Fulton County, PA",Expanded Medicaid in 2015,"Rural, near a metro",159,1439,11.00,28.10,12.9646502469111555,20.2032109192666022,2806,3143,49,67
42059,Greene County,PA,Pennsylvania,"Greene County, PA",Expanded Medicaid in 2015,"Rural, near a metro",362,3451,10.50,24.00,12.9646502469111555,20.2032109192666022,2897,3143,55,67
42061,Huntingdon County,PA,Pennsylvania,"Huntingdon County, PA",Expanded Medicaid in 2015,"Rural, near a metro",450,3986,11.30,26.80,12.9646502469111555,20.2032109192666022,2732,3143,41,67
42063,Indiana County,PA,Pennsylvania,"Indiana County, PA",Expanded Medicaid in 2015,"Rural, near a metro",1378,10277,13.40,27.30,12.9646502469111555,20.2032109192666022,2249,3143,23,67
42065,Jefferson County,PA,Pennsylvania,"Jefferson County, PA",Expanded Medicaid in 2015,Remote rural,702,5128,13.70,28.50,12.9646502469111555,20.2032109192666022,2176,3143,21,67
42067,Juniata County,PA,Pennsylvania,"Juniata County, PA",Expanded Medicaid in 2015,"Rural, near a metro",380,2144,17.70,31.20,12.9646502469111555,20.2032109192666022,1569,3143,2,67
42069,Lackawanna County,PA,Pennsylvania,"Lackawanna County, PA",Expanded Medicaid in 2015,Metro,2944,23227,12.70,25.70,12.9646502469111555,20.2032109192666022,2387,3143,30,67
42071,Lancaster County,PA,Pennsylvania,"Lancaster County, PA",Expanded Medicaid in 2015,Metro,6209,38502,16.10,31.10,12.9646502469111555,20.2032109192666022,1742,3143,6,67
42073,Lawrence County,PA,Pennsylvania,"Lawrence County, PA",Expanded Medicaid in 2015,"Rural, near a metro",845,8522,9.90,26.50,12.9646502469111555,20.2032109192666022,2990,3143,62,67
42075,Lebanon County,PA,Pennsylvania,"Lebanon County, PA",Expanded Medicaid in 2015,Metro,1770,11817,15.00,32.10,12.9646502469111555,20.2032109192666022,1895,3143,12,67
42077,Lehigh County,PA,Pennsylvania,"Lehigh County, PA",Expanded Medicaid in 2015,Metro,5420,35834,15.10,34.00,12.9646502469111555,20.2032109192666022,1877,3143,11,67
42079,Luzerne County,PA,Pennsylvania,"Luzerne County, PA",Expanded Medicaid in 2015,Metro,5653,37774,15.00,30.00,12.9646502469111555,20.2032109192666022,1895,3143,12,67
42081,Lycoming County,PA,Pennsylvania,"Lycoming County, PA",Expanded Medicaid in 2015,Metro,1178,11340,10.40,25.10,12.9646502469111555,20.2032109192666022,2904,3143,56,67
42083,Mc Kean County,PA,Pennsylvania,"Mc Kean County, PA",Expanded Medicaid in 2015,Remote rural,495,4457,11.10,24.60,12.9646502469111555,20.2032109192666022,2772,3143,46,67
42085,Mercer County,PA,Pennsylvania,"Mercer County, PA",Expanded Medicaid in 2015,Metro,1339,10950,12.20,27.10,12.9646502469111555,20.2032109192666022,2494,3143,33,67
42087,Mifflin County,PA,Pennsylvania,"Mifflin County, PA",Expanded Medicaid in 2015,"Rural, near a metro",847,5383,15.70,26.70,12.9646502469111555,20.2032109192666022,1798,3143,9,67
42089,Monroe County,PA,Pennsylvania,"Monroe County, PA",Expanded Medicaid in 2015,Metro,2339,15373,15.20,36.90,12.9646502469111555,20.2032109192666022,1863,3143,10,67
42091,Montgomery County,PA,Pennsylvania,"Montgomery County, PA",Expanded Medicaid in 2015,Metro,6851,43211,15.90,34.00,12.9646502469111555,20.2032109192666022,1769,3143,7,67
42093,Montour County,PA,Pennsylvania,"Montour County, PA",Expanded Medicaid in 2015,Metro,164,1342,12.20,28.30,12.9646502469111555,20.2032109192666022,2494,3143,33,67
42095,Northampton County,PA,Pennsylvania,"Northampton County, PA",Expanded Medicaid in 2015,Metro,3151,22734,13.90,33.40,12.9646502469111555,20.2032109192666022,2127,3143,19,67
42097,Northumberland County,PA,Pennsylvania,"Northumberland County, PA",Expanded Medicaid in 2015,"Rural, near a metro",1046,9411,11.10,27.60,12.9646502469111555,20.2032109192666022,2772,3143,46,67
42099,Perry County,PA,Pennsylvania,"Perry County, PA",Expanded Medicaid in 2015,Metro,520,3523,14.80,32.90,12.9646502469111555,20.2032109192666022,1923,3143,14,67
42101,Philadelphia County,PA,Pennsylvania,"Philadelphia County, PA",Expanded Medicaid in 2015,Metro,31433,240775,13.10,29.50,12.9646502469111555,20.2032109192666022,2304,3143,26,67
42103,Pike County,PA,Pennsylvania,"Pike County, PA",Expanded Medicaid in 2015,Metro,751,5076,14.80,37.10,12.9646502469111555,20.2032109192666022,1923,3143,14,67
42105,Potter County,PA,Pennsylvania,"Potter County, PA",Expanded Medicaid in 2015,Remote rural,195,1740,11.20,31.00,12.9646502469111555,20.2032109192666022,2753,3143,42,67
42107,Schuylkill County,PA,Pennsylvania,"Schuylkill County, PA",Expanded Medicaid in 2015,"Rural, near a metro",1646,14009,11.70,28.60,12.9646502469111555,20.2032109192666022,2631,3143,39,67
42109,Snyder County,PA,Pennsylvania,"Snyder County, PA",Expanded Medicaid in 2015,Remote rural,478,3293,14.50,31.20,12.9646502469111555,20.2032109192666022,1985,3143,17,67
42111,Somerset County,PA,Pennsylvania,"Somerset County, PA",Expanded Medicaid in 2015,"Rural, near a metro",749,6668,11.20,30.60,12.9646502469111555,20.2032109192666022,2753,3143,42,67
42113,Sullivan County,PA,Pennsylvania,"Sullivan County, PA",Expanded Medicaid in 2015,"Rural, near a metro",71,510,13.90,35.40,12.9646502469111555,20.2032109192666022,2127,3143,19,67
42115,Susquehanna County,PA,Pennsylvania,"Susquehanna County, PA",Expanded Medicaid in 2015,"Rural, near a metro",419,3478,12.00,32.40,12.9646502469111555,20.2032109192666022,2555,3143,37,67
42117,Tioga County,PA,Pennsylvania,"Tioga County, PA",Expanded Medicaid in 2015,"Rural, near a metro",511,4237,12.10,28.00,12.9646502469111555,20.2032109192666022,2521,3143,36,67
42119,Union County,PA,Pennsylvania,"Union County, PA",Expanded Medicaid in 2015,"Rural, near a metro",501,3170,15.80,28.60,12.9646502469111555,20.2032109192666022,1787,3143,8,67
42121,Venango County,PA,Pennsylvania,"Venango County, PA",Expanded Medicaid in 2015,"Rural, near a metro",616,5692,10.80,26.80,12.9646502469111555,20.2032109192666022,2845,3143,51,67
42123,Warren County,PA,Pennsylvania,"Warren County, PA",Expanded Medicaid in 2015,"Rural, near a metro",356,3626,9.80,27.90,12.9646502469111555,20.2032109192666022,3004,3143,63,67
42125,Washington County,PA,Pennsylvania,"Washington County, PA",Expanded Medicaid in 2015,Metro,1724,15049,11.50,28.20,12.9646502469111555,20.2032109192666022,2684,3143,40,67
42127,Wayne County,PA,Pennsylvania,"Wayne County, PA",Expanded Medicaid in 2015,"Rural, near a metro",599,4529,13.20,31.00,12.9646502469111555,20.2032109192666022,2283,3143,24,67
42129,Westmoreland County,PA,Pennsylvania,"Westmoreland County, PA",Expanded Medicaid in 2015,Metro,2482,26945,9.20,26.00,12.9646502469111555,20.2032109192666022,3061,3143,66,67
42131,Wyoming County,PA,Pennsylvania,"Wyoming County, PA",Expanded Medicaid in 2015,Metro,253,2354,10.70,28.80,12.9646502469111555,20.2032109192666022,2864,3143,52,67
42133,York County,PA,Pennsylvania,"York County, PA",Expanded Medicaid in 2015,Metro,4061,32591,12.50,32.20,12.9646502469111555,20.2032109192666022,2428,3143,31,67
44001,Bristol County,RI,Rhode Island,"Bristol County, RI",Expanded Medicaid in 2014,Metro,264,2417,10.90,39.50,11.5577192027244873,20.2032109192666022,2826,3143,3,5
44003,Kent County,RI,Rhode Island,"Kent County, RI",Expanded Medicaid in 2014,Metro,1112,11538,9.60,32.00,11.5577192027244873,20.2032109192666022,3027,3143,4,5
44005,Newport County,RI,Rhode Island,"Newport County, RI",Expanded Medicaid in 2014,Metro,578,4982,11.60,34.50,11.5577192027244873,20.2032109192666022,2655,3143,2,5
44007,Providence County,RI,Rhode Island,"Providence County, RI",Expanded Medicaid in 2014,Metro,8185,67247,12.20,34.90,11.5577192027244873,20.2032109192666022,2494,3143,1,5
44009,Washington County,RI,Rhode Island,"Washington County, RI",Expanded Medicaid in 2014,Metro,687,7485,9.20,29.80,11.5577192027244873,20.2032109192666022,3061,3143,5,5
45001,Abbeville County,SC,South Carolina,"Abbeville County, SC",Has not expanded Medicaid,"Rural, near a metro",655,2884,22.70,38.50,23.8311314333583483,20.2032109192666022,984,3143,22,46
45003,Aiken County,SC,South Carolina,"Aiken County, SC",Has not expanded Medicaid,Metro,4764,18961,25.10,40.50,23.8311314333583483,20.2032109192666022,703,3143,13,46
45005,Allendale County,SC,South Carolina,"Allendale County, SC",Has not expanded Medicaid,"Rural, near a metro",228,1348,16.90,31.60,23.8311314333583483,20.2032109192666022,1650,3143,45,46
45007,Anderson County,SC,South Carolina,"Anderson County, SC",Has not expanded Medicaid,Metro,5782,22749,25.40,40.20,23.8311314333583483,20.2032109192666022,665,3143,11,46
45009,Bamberg County,SC,South Carolina,"Bamberg County, SC",Has not expanded Medicaid,Remote rural,439,2046,21.50,36.00,23.8311314333583483,20.2032109192666022,1123,3143,29,46
45011,Barnwell County,SC,South Carolina,"Barnwell County, SC",Has not expanded Medicaid,"Rural, near a metro",705,3291,21.40,33.40,23.8311314333583483,20.2032109192666022,1141,3143,30,46
45013,Beaufort County,SC,South Carolina,"Beaufort County, SC",Has not expanded Medicaid,Metro,3542,12563,28.20,50.80,23.8311314333583483,20.2032109192666022,455,3143,4,46
45015,Berkeley County,SC,South Carolina,"Berkeley County, SC",Has not expanded Medicaid,Metro,5171,22729,22.80,45.90,23.8311314333583483,20.2032109192666022,970,3143,21,46
45017,Calhoun County,SC,South Carolina,"Calhoun County, SC",Has not expanded Medicaid,Metro,370,1725,21.40,40.90,23.8311314333583483,20.2032109192666022,1141,3143,30,46
45019,Charleston County,SC,South Carolina,"Charleston County, SC",Has not expanded Medicaid,Metro,9118,37037,24.60,43.40,23.8311314333583483,20.2032109192666022,757,3143,14,46
45021,Cherokee County,SC,South Carolina,"Cherokee County, SC",Has not expanded Medicaid,"Rural, near a metro",1697,8035,21.10,41.80,23.8311314333583483,20.2032109192666022,1172,3143,32,46
45023,Chester County,SC,South Carolina,"Chester County, SC",Has not expanded Medicaid,Metro,957,4594,20.80,36.70,23.8311314333583483,20.2032109192666022,1216,3143,34,46
45025,Chesterfield County,SC,South Carolina,"Chesterfield County, SC",Has not expanded Medicaid,"Rural, near a metro",1468,6595,22.30,39.90,23.8311314333583483,20.2032109192666022,1020,3143,26,46
45027,Clarendon County,SC,South Carolina,"Clarendon County, SC",Has not expanded Medicaid,"Rural, near a metro",896,4508,19.90,38.70,23.8311314333583483,20.2032109192666022,1321,3143,37,46
45029,Colleton County,SC,South Carolina,"Colleton County, SC",Has not expanded Medicaid,"Rural, near a metro",1454,5969,24.40,41.60,23.8311314333583483,20.2032109192666022,785,3143,16,46
45031,Darlington County,SC,South Carolina,"Darlington County, SC",Has not expanded Medicaid,Metro,1778,9178,19.40,37.30,23.8311314333583483,20.2032109192666022,1377,3143,39,46
45033,Dillon County,SC,South Carolina,"Dillon County, SC",Has not expanded Medicaid,"Rural, near a metro",997,5215,19.10,36.60,23.8311314333583483,20.2032109192666022,1404,3143,40,46
45035,Dorchester County,SC,South Carolina,"Dorchester County, SC",Has not expanded Medicaid,Metro,3880,15412,25.20,43.70,23.8311314333583483,20.2032109192666022,688,3143,12,46
45037,Edgefield County,SC,South Carolina,"Edgefield County, SC",Has not expanded Medicaid,Metro,908,3097,29.30,43.20,23.8311314333583483,20.2032109192666022,387,3143,3,46
45039,Fairfield County,SC,South Carolina,"Fairfield County, SC",Has not expanded Medicaid,Metro,508,2791,18.20,37.20,23.8311314333583483,20.2032109192666022,1498,3143,43,46
45041,Florence County,SC,South Carolina,"Florence County, SC",Has not expanded Medicaid,Metro,3619,17694,20.50,33.20,23.8311314333583483,20.2032109192666022,1257,3143,35,46
45043,Georgetown County,SC,South Carolina,"Georgetown County, SC",Has not expanded Medicaid,"Rural, near a metro",1430,6387,22.40,46.60,23.8311314333583483,20.2032109192666022,1010,3143,24,46
45045,Greenville County,SC,South Carolina,"Greenville County, SC",Has not expanded Medicaid,Metro,14039,49931,28.10,47.90,23.8311314333583483,20.2032109192666022,464,3143,5,46
45047,Greenwood County,SC,South Carolina,"Greenwood County, SC",Has not expanded Medicaid,"Rural, near a metro",1957,8722,22.40,41.00,23.8311314333583483,20.2032109192666022,1010,3143,24,46
45049,Hampton County,SC,South Carolina,"Hampton County, SC",Has not expanded Medicaid,"Rural, near a metro",678,2805,24.20,34.60,23.8311314333583483,20.2032109192666022,811,3143,17,46
45051,Horry County,SC,South Carolina,"Horry County, SC",Has not expanded Medicaid,Metro,11167,42417,26.30,48.50,23.8311314333583483,20.2032109192666022,597,3143,7,46
45053,Jasper County,SC,South Carolina,"Jasper County, SC",Has not expanded Medicaid,Metro,1217,3907,31.10,50.30,23.8311314333583483,20.2032109192666022,294,3143,2,46
45055,Kershaw County,SC,South Carolina,"Kershaw County, SC",Has not expanded Medicaid,Metro,1761,7409,23.80,45.60,23.8311314333583483,20.2032109192666022,856,3143,18,46
45057,Lancaster County,SC,South Carolina,"Lancaster County, SC",Has not expanded Medicaid,Metro,2469,9010,27.40,41.60,23.8311314333583483,20.2032109192666022,501,3143,6,46
45059,Laurens County,SC,South Carolina,"Laurens County, SC",Has not expanded Medicaid,Metro,2211,9338,23.70,40.20,23.8311314333583483,20.2032109192666022,863,3143,19,46
45061,Lee County,SC,South Carolina,"Lee County, SC",Has not expanded Medicaid,"Rural, near a metro",590,2619,22.50,37.30,23.8311314333583483,20.2032109192666022,1000,3143,23,46
45063,Lexington County,SC,South Carolina,"Lexington County, SC",Has not expanded Medicaid,Metro,6408,28812,22.20,42.20,23.8311314333583483,20.2032109192666022,1030,3143,27,46
45065,McCormick County,SC,South Carolina,"McCormick County, SC",Has not expanded Medicaid,"Rural, near a metro",172,849,20.30,37.60,23.8311314333583483,20.2032109192666022,1281,3143,36,46
45067,Marion County,SC,South Carolina,"Marion County, SC",Has not expanded Medicaid,"Rural, near a metro",1001,5353,18.70,33.30,23.8311314333583483,20.2032109192666022,1449,3143,42,46
45069,Marlboro County,SC,South Carolina,"Marlboro County, SC",Has not expanded Medicaid,"Rural, near a metro",690,4341,15.90,33.60,23.8311314333583483,20.2032109192666022,1769,3143,46,46
45071,Newberry County,SC,South Carolina,"Newberry County, SC",Has not expanded Medicaid,"Rural, near a metro",1161,4461,26.00,43.50,23.8311314333583483,20.2032109192666022,621,3143,9,46
45073,Oconee County,SC,South Carolina,"Oconee County, SC",Has not expanded Medicaid,"Rural, near a metro",2401,9365,25.60,43.40,23.8311314333583483,20.2032109192666022,650,3143,10,46
45075,Orangeburg County,SC,South Carolina,"Orangeburg County, SC",Has not expanded Medicaid,"Rural, near a metro",2346,12400,18.90,37.60,23.8311314333583483,20.2032109192666022,1423,3143,41,46
45077,Pickens County,SC,South Carolina,"Pickens County, SC",Has not expanded Medicaid,Metro,4289,18473,23.20,37.60,23.8311314333583483,20.2032109192666022,915,3143,20,46
45079,Richland County,SC,South Carolina,"Richland County, SC",Has not expanded Medicaid,Metro,10912,51787,21.10,37.10,23.8311314333583483,20.2032109192666022,1172,3143,32,46
45081,Saluda County,SC,South Carolina,"Saluda County, SC",Has not expanded Medicaid,Metro,783,2510,31.20,51.40,23.8311314333583483,20.2032109192666022,291,3143,1,46
45083,Spartanburg County,SC,South Carolina,"Spartanburg County, SC",Has not expanded Medicaid,Metro,10321,39437,26.20,45.00,23.8311314333583483,20.2032109192666022,605,3143,8,46
45085,Sumter County,SC,South Carolina,"Sumter County, SC",Has not expanded Medicaid,Metro,2490,13938,17.90,36.50,23.8311314333583483,20.2032109192666022,1535,3143,44,46
45087,Union County,SC,South Carolina,"Union County, SC",Has not expanded Medicaid,Metro,815,4150,19.60,35.00,23.8311314333583483,20.2032109192666022,1359,3143,38,46
45089,Williamsburg County,SC,South Carolina,"Williamsburg County, SC",Has not expanded Medicaid,"Rural, near a metro",997,4518,22.10,36.50,23.8311314333583483,20.2032109192666022,1048,3143,28,46
45091,York County,SC,South Carolina,"York County, SC",Has not expanded Medicaid,Metro,5309,21630,24.50,42.20,23.8311314333583483,20.2032109192666022,772,3143,15,46
46003,Aurora County,SD,South Dakota,"Aurora County, SD",Expanded Medicaid in late 2023,Remote rural,76,254,29.90,39.30,23.2253343944956484,20.2032109192666022,352,3143,5,66
46005,Beadle County,SD,South Dakota,"Beadle County, SD",Expanded Medicaid in late 2023,Remote rural,619,2034,30.40,40.10,23.2253343944956484,20.2032109192666022,331,3143,4,66
46007,Bennett County,SD,South Dakota,"Bennett County, SD",Expanded Medicaid in late 2023,Remote rural,99,553,17.90,31.80,23.2253343944956484,20.2032109192666022,1535,3143,59,66
46009,Bon Homme County,SD,South Dakota,"Bon Homme County, SD",Expanded Medicaid in late 2023,Remote rural,99,420,23.60,37.30,23.2253343944956484,20.2032109192666022,871,3143,38,66
46011,Brookings County,SD,South Dakota,"Brookings County, SD",Expanded Medicaid in late 2023,Remote rural,912,3632,25.10,29.80,23.2253343944956484,20.2032109192666022,703,3143,23,66
46013,Brown County,SD,South Dakota,"Brown County, SD",Expanded Medicaid in late 2023,Remote rural,726,2906,25.00,29.20,23.2253343944956484,20.2032109192666022,711,3143,25,66
46015,Brule County,SD,South Dakota,"Brule County, SD",Expanded Medicaid in late 2023,Remote rural,127,550,23.10,37.70,23.2253343944956484,20.2032109192666022,929,3143,43,66
46017,Buffalo County,SD,South Dakota,"Buffalo County, SD",Expanded Medicaid in late 2023,Remote rural,52,346,15.00,31.50,23.2253343944956484,20.2032109192666022,1895,3143,65,66
46019,Butte County,SD,South Dakota,"Butte County, SD",Expanded Medicaid in late 2023,"Rural, near a metro",299,1122,26.60,36.70,23.2253343944956484,20.2032109192666022,566,3143,14,66
46021,Campbell County,SD,South Dakota,"Campbell County, SD",Expanded Medicaid in late 2023,Remote rural,20,81,24.70,41.70,23.2253343944956484,20.2032109192666022,746,3143,28,66
46023,Charles Mix County,SD,South Dakota,"Charles Mix County, SD",Expanded Medicaid in late 2023,Remote rural,208,973,21.40,37.10,23.2253343944956484,20.2032109192666022,1141,3143,55,66
46025,Clark County,SD,South Dakota,"Clark County, SD",Expanded Medicaid in late 2023,Remote rural,87,292,29.80,39.30,23.2253343944956484,20.2032109192666022,360,3143,6,66
46027,Clay County,SD,South Dakota,"Clay County, SD",Expanded Medicaid in late 2023,"Rural, near a metro",533,2197,24.30,28.30,23.2253343944956484,20.2032109192666022,800,3143,33,66
46029,Codington County,SD,South Dakota,"Codington County, SD",Expanded Medicaid in late 2023,Remote rural,549,2398,22.90,31.10,23.2253343944956484,20.2032109192666022,960,3143,45,66
46031,Corson County,SD,South Dakota,"Corson County, SD",Expanded Medicaid in late 2023,Remote rural,129,729,17.70,33.20,23.2253343944956484,20.2032109192666022,1569,3143,60,66
46033,Custer County,SD,South Dakota,"Custer County, SD",Expanded Medicaid in late 2023,Metro,152,577,26.30,38.10,23.2253343944956484,20.2032109192666022,597,3143,17,66
46035,Davison County,SD,South Dakota,"Davison County, SD",Expanded Medicaid in late 2023,Remote rural,418,1914,21.80,29.20,23.2253343944956484,20.2032109192666022,1080,3143,49,66
46037,Day County,SD,South Dakota,"Day County, SD",Expanded Medicaid in late 2023,Remote rural,113,453,24.90,37.20,23.2253343944956484,20.2032109192666022,726,3143,26,66
46039,Deuel County,SD,South Dakota,"Deuel County, SD",Expanded Medicaid in late 2023,Remote rural,84,341,24.60,39.30,23.2253343944956484,20.2032109192666022,757,3143,30,66
46041,Dewey County,SD,South Dakota,"Dewey County, SD",Expanded Medicaid in late 2023,Remote rural,137,801,17.10,34.70,23.2253343944956484,20.2032109192666022,1633,3143,63,66
46043,Douglas County,SD,South Dakota,"Douglas County, SD",Expanded Medicaid in late 2023,Remote rural,55,206,26.70,39.70,23.2253343944956484,20.2032109192666022,556,3143,13,66
46045,Edmunds County,SD,South Dakota,"Edmunds County, SD",Expanded Medicaid in late 2023,Remote rural,80,287,27.90,37.20,23.2253343944956484,20.2032109192666022,475,3143,9,66
46047,Fall River County,SD,South Dakota,"Fall River County, SD",Expanded Medicaid in late 2023,"Rural, near a metro",179,771,23.20,34.20,23.2253343944956484,20.2032109192666022,915,3143,41,66
46049,Faulk County,SD,South Dakota,"Faulk County, SD",Expanded Medicaid in late 2023,Remote rural,40,146,27.40,36.70,23.2253343944956484,20.2032109192666022,501,3143,10,66
46051,Grant County,SD,South Dakota,"Grant County, SD",Expanded Medicaid in late 2023,Remote rural,155,492,31.50,39.40,23.2253343944956484,20.2032109192666022,280,3143,2,66
46053,Gregory County,SD,South Dakota,"Gregory County, SD",Expanded Medicaid in late 2023,Remote rural,104,423,24.60,36.00,23.2253343944956484,20.2032109192666022,757,3143,30,66
46055,Haakon County,SD,South Dakota,"Haakon County, SD",Expanded Medicaid in late 2023,"Rural, near a metro",37,157,23.60,38.30,23.2253343944956484,20.2032109192666022,871,3143,38,66
46057,Hamlin County,SD,South Dakota,"Hamlin County, SD",Expanded Medicaid in late 2023,Remote rural,124,390,31.80,41.10,23.2253343944956484,20.2032109192666022,269,3143,1,66
46059,Hand County,SD,South Dakota,"Hand County, SD",Expanded Medicaid in late 2023,Remote rural,62,235,26.40,33.40,23.2253343944956484,20.2032109192666022,581,3143,15,66
46061,Hanson County,SD,South Dakota,"Hanson County, SD",Expanded Medicaid in late 2023,"Rural, near a metro",64,242,26.40,42.00,23.2253343944956484,20.2032109192666022,581,3143,15,66
46063,Harding County,SD,South Dakota,"Harding County, SD",Expanded Medicaid in late 2023,Remote rural,35,154,22.70,40.90,23.2253343944956484,20.2032109192666022,984,3143,46,66
46065,Hughes County,SD,South Dakota,"Hughes County, SD",Expanded Medicaid in late 2023,Remote rural,224,1233,18.20,31.40,23.2253343944956484,20.2032109192666022,1498,3143,58,66
46067,Hutchinson County,SD,South Dakota,"Hutchinson County, SD",Expanded Medicaid in late 2023,"Rural, near a metro",130,552,23.60,38.00,23.2253343944956484,20.2032109192666022,871,3143,38,66
46069,Hyde County,SD,South Dakota,"Hyde County, SD",Expanded Medicaid in late 2023,Remote rural,21,95,22.10,40.10,23.2253343944956484,20.2032109192666022,1048,3143,48,66
46071,Jackson County,SD,South Dakota,"Jackson County, SD",Expanded Medicaid in late 2023,"Rural, near a metro",101,463,21.80,36.10,23.2253343944956484,20.2032109192666022,1080,3143,49,66
46073,Jerauld County,SD,South Dakota,"Jerauld County, SD",Expanded Medicaid in late 2023,Remote rural,34,137,24.80,39.50,23.2253343944956484,20.2032109192666022,736,3143,27,66
46075,Jones County,SD,South Dakota,"Jones County, SD",Expanded Medicaid in late 2023,Remote rural,17,96,17.70,40.00,23.2253343944956484,20.2032109192666022,1569,3143,60,66
46077,Kingsbury County,SD,South Dakota,"Kingsbury County, SD",Expanded Medicaid in late 2023,Remote rural,98,389,25.20,36.30,23.2253343944956484,20.2032109192666022,688,3143,22,66
46079,Lake County,SD,South Dakota,"Lake County, SD",Expanded Medicaid in late 2023,"Rural, near a metro",170,753,22.60,33.10,23.2253343944956484,20.2032109192666022,991,3143,47,66
46081,Lawrence County,SD,South Dakota,"Lawrence County, SD",Expanded Medicaid in late 2023,"Rural, near a metro",617,2404,25.70,29.70,23.2253343944956484,20.2032109192666022,643,3143,20,66
46083,Lincoln County,SD,South Dakota,"Lincoln County, SD",Expanded Medicaid in late 2023,Metro,906,3454,26.20,33.10,23.2253343944956484,20.2032109192666022,605,3143,18,66
46085,Lyman County,SD,South Dakota,"Lyman County, SD",Expanded Medicaid in late 2023,Remote rural,102,473,21.60,39.90,23.2253343944956484,20.2032109192666022,1115,3143,52,66
46087,McCook County,SD,South Dakota,"McCook County, SD",Expanded Medicaid in late 2023,Metro,93,362,25.70,34.50,23.2253343944956484,20.2032109192666022,643,3143,20,66
46089,McPherson County,SD,South Dakota,"McPherson County, SD",Expanded Medicaid in late 2023,Remote rural,45,183,24.60,39.60,23.2253343944956484,20.2032109192666022,757,3143,30,66
46091,Marshall County,SD,South Dakota,"Marshall County, SD",Expanded Medicaid in late 2023,Remote rural,90,317,28.40,40.50,23.2253343944956484,20.2032109192666022,440,3143,8,66
46093,Meade County,SD,South Dakota,"Meade County, SD",Expanded Medicaid in late 2023,Metro,608,2512,24.20,37.00,23.2253343944956484,20.2032109192666022,811,3143,34,66
46095,Mellette County,SD,South Dakota,"Mellette County, SD",Expanded Medicaid in late 2023,Remote rural,72,311,23.20,36.10,23.2253343944956484,20.2032109192666022,915,3143,41,66
46097,Miner County,SD,South Dakota,"Miner County, SD",Expanded Medicaid in late 2023,"Rural, near a metro",42,157,26.80,36.10,23.2253343944956484,20.2032109192666022,543,3143,12,66
46099,Minnehaha County,SD,South Dakota,"Minnehaha County, SD",Expanded Medicaid in late 2023,Metro,3796,15987,23.70,34.30,23.2253343944956484,20.2032109192666022,863,3143,37,66
46101,Moody County,SD,South Dakota,"Moody County, SD",Expanded Medicaid in late 2023,"Rural, near a metro",117,447,26.20,38.10,23.2253343944956484,20.2032109192666022,605,3143,18,66
46103,Pennington County,SD,South Dakota,"Pennington County, SD",Expanded Medicaid in late 2023,Metro,2130,9900,21.50,31.40,23.2253343944956484,20.2032109192666022,1123,3143,53,66
46105,Perkins County,SD,South Dakota,"Perkins County, SD",Expanded Medicaid in late 2023,"Rural, near a metro",76,318,23.90,39.50,23.2253343944956484,20.2032109192666022,843,3143,36,66
46107,Potter County,SD,South Dakota,"Potter County, SD",Expanded Medicaid in late 2023,Remote rural,30,144,20.80,40.30,23.2253343944956484,20.2032109192666022,1216,3143,57,66
46109,Roberts County,SD,South Dakota,"Roberts County, SD",Expanded Medicaid in late 2023,Remote rural,213,1005,21.20,36.50,23.2253343944956484,20.2032109192666022,1162,3143,56,66
46111,Sanborn County,SD,South Dakota,"Sanborn County, SD",Expanded Medicaid in late 2023,Remote rural,64,238,26.90,39.90,23.2253343944956484,20.2032109192666022,538,3143,11,66
46102,Oglala Lakota County,SD,South Dakota,"Oglala Lakota County, SD",Expanded Medicaid in late 2023,"Rural, near a metro",314,2554,12.30,27.90,23.2253343944956484,20.2032109192666022,2477,3143,66,66
46115,Spink County,SD,South Dakota,"Spink County, SD",Expanded Medicaid in late 2023,Remote rural,113,458,24.70,32.90,23.2253343944956484,20.2032109192666022,746,3143,28,66
46117,Stanley County,SD,South Dakota,"Stanley County, SD",Expanded Medicaid in late 2023,Remote rural,38,175,21.70,41.40,23.2253343944956484,20.2032109192666022,1097,3143,51,66
46119,Sully County,SD,South Dakota,"Sully County, SD",Expanded Medicaid in late 2023,Remote rural,24,78,30.80,47.20,23.2253343944956484,20.2032109192666022,310,3143,3,66
46121,Todd County,SD,South Dakota,"Todd County, SD",Expanded Medicaid in late 2023,Remote rural,283,1738,16.30,26.50,23.2253343944956484,20.2032109192666022,1722,3143,64,66
46123,Tripp County,SD,South Dakota,"Tripp County, SD",Expanded Medicaid in late 2023,Remote rural,166,690,24.10,38.30,23.2253343944956484,20.2032109192666022,822,3143,35,66
46125,Turner County,SD,South Dakota,"Turner County, SD",Expanded Medicaid in late 2023,Metro,174,609,28.60,36.50,23.2253343944956484,20.2032109192666022,428,3143,7,66
46127,Union County,SD,South Dakota,"Union County, SD",Expanded Medicaid in late 2023,Metro,226,900,25.10,33.90,23.2253343944956484,20.2032109192666022,703,3143,23,66
46129,Walworth County,SD,South Dakota,"Walworth County, SD",Expanded Medicaid in late 2023,Remote rural,106,492,21.50,34.40,23.2253343944956484,20.2032109192666022,1123,3143,53,66
46135,Yankton County,SD,South Dakota,"Yankton County, SD",Expanded Medicaid in late 2023,Remote rural,398,1731,23.00,32.40,23.2253343944956484,20.2032109192666022,943,3143,44,66
46137,Ziebach County,SD,South Dakota,"Ziebach County, SD",Expanded Medicaid in late 2023,"Rural, near a metro",81,471,17.20,33.50,23.2253343944956484,20.2032109192666022,1618,3143,62,66
47001,Anderson County,TN,Tennessee,"Anderson County, TN",Has not expanded Medicaid,Metro,1798,9170,19.60,33.50,24.0421784700034323,20.2032109192666022,1359,3143,85,95
47003,Bedford County,TN,Tennessee,"Bedford County, TN",Has not expanded Medicaid,"Rural, near a metro",1494,5490,27.20,46.80,24.0421784700034323,20.2032109192666022,519,3143,7,95
47005,Benton County,TN,Tennessee,"Benton County, TN",Has not expanded Medicaid,Remote rural,466,2145,21.70,37.30,24.0421784700034323,20.2032109192666022,1097,3143,63,95
47007,Bledsoe County,TN,Tennessee,"Bledsoe County, TN",Has not expanded Medicaid,"Rural, near a metro",671,2291,29.30,38.40,24.0421784700034323,20.2032109192666022,387,3143,2,95
47009,Blount County,TN,Tennessee,"Blount County, TN",Has not expanded Medicaid,Metro,2469,11078,22.30,37.60,24.0421784700034323,20.2032109192666022,1020,3143,46,95
47011,Bradley County,TN,Tennessee,"Bradley County, TN",Has not expanded Medicaid,Metro,2952,12958,22.80,39.50,24.0421784700034323,20.2032109192666022,970,3143,40,95
47013,Campbell County,TN,Tennessee,"Campbell County, TN",Has not expanded Medicaid,Metro,1168,6179,18.90,32.00,24.0421784700034323,20.2032109192666022,1423,3143,89,95
47015,Cannon County,TN,Tennessee,"Cannon County, TN",Has not expanded Medicaid,Metro,407,1789,22.80,35.80,24.0421784700034323,20.2032109192666022,970,3143,40,95
47017,Carroll County,TN,Tennessee,"Carroll County, TN",Has not expanded Medicaid,"Rural, near a metro",658,3580,18.40,34.80,24.0421784700034323,20.2032109192666022,1478,3143,92,95
47019,Carter County,TN,Tennessee,"Carter County, TN",Has not expanded Medicaid,Metro,1809,8196,22.10,35.40,24.0421784700034323,20.2032109192666022,1048,3143,54,95
47021,Cheatham County,TN,Tennessee,"Cheatham County, TN",Has not expanded Medicaid,Metro,995,3648,27.30,39.80,24.0421784700034323,20.2032109192666022,509,3143,6,95
47023,Chester County,TN,Tennessee,"Chester County, TN",Has not expanded Medicaid,Metro,426,1986,21.50,34.90,24.0421784700034323,20.2032109192666022,1123,3143,65,95
47025,Claiborne County,TN,Tennessee,"Claiborne County, TN",Has not expanded Medicaid,"Rural, near a metro",918,4828,19.00,33.60,24.0421784700034323,20.2032109192666022,1414,3143,87,95
47027,Clay County,TN,Tennessee,"Clay County, TN",Has not expanded Medicaid,Remote rural,299,1196,25.00,36.10,24.0421784700034323,20.2032109192666022,711,3143,21,95
47029,Cocke County,TN,Tennessee,"Cocke County, TN",Has not expanded Medicaid,"Rural, near a metro",1199,5869,20.40,32.80,24.0421784700034323,20.2032109192666022,1260,3143,77,95
47031,Coffee County,TN,Tennessee,"Coffee County, TN",Has not expanded Medicaid,"Rural, near a metro",1654,7138,23.20,37.20,24.0421784700034323,20.2032109192666022,915,3143,35,95
47033,Crockett County,TN,Tennessee,"Crockett County, TN",Has not expanded Medicaid,Metro,405,1670,24.30,42.10,24.0421784700034323,20.2032109192666022,800,3143,28,95
47035,Cumberland County,TN,Tennessee,"Cumberland County, TN",Has not expanded Medicaid,"Rural, near a metro",1484,6756,22.00,41.20,24.0421784700034323,20.2032109192666022,1060,3143,55,95
47037,Davidson County,TN,Tennessee,"Davidson County, TN",Has not expanded Medicaid,Metro,19294,71650,26.90,41.50,24.0421784700034323,20.2032109192666022,538,3143,9,95
47039,Decatur County,TN,Tennessee,"Decatur County, TN",Has not expanded Medicaid,Remote rural,358,1642,21.80,36.70,24.0421784700034323,20.2032109192666022,1080,3143,59,95
47041,DeKalb County,TN,Tennessee,"DeKalb County, TN",Has not expanded Medicaid,"Rural, near a metro",737,2903,25.40,41.10,24.0421784700034323,20.2032109192666022,665,3143,15,95
47043,Dickson County,TN,Tennessee,"Dickson County, TN",Has not expanded Medicaid,Metro,1010,4990,20.20,39.00,24.0421784700034323,20.2032109192666022,1292,3143,81,95
47045,Dyer County,TN,Tennessee,"Dyer County, TN",Has not expanded Medicaid,Remote rural,930,5021,18.50,29.70,24.0421784700034323,20.2032109192666022,1470,3143,91,95
47047,Fayette County,TN,Tennessee,"Fayette County, TN",Has not expanded Medicaid,Metro,733,3224,22.70,41.10,24.0421784700034323,20.2032109192666022,984,3143,43,95
47049,Fentress County,TN,Tennessee,"Fentress County, TN",Has not expanded Medicaid,Remote rural,626,2972,21.10,33.60,24.0421784700034323,20.2032109192666022,1172,3143,68,95
47051,Franklin County,TN,Tennessee,"Franklin County, TN",Has not expanded Medicaid,"Rural, near a metro",894,4328,20.70,37.20,24.0421784700034323,20.2032109192666022,1227,3143,74,95
47053,Gibson County,TN,Tennessee,"Gibson County, TN",Has not expanded Medicaid,"Rural, near a metro",1254,6359,19.70,34.20,24.0421784700034323,20.2032109192666022,1346,3143,82,95
47055,Giles County,TN,Tennessee,"Giles County, TN",Has not expanded Medicaid,"Rural, near a metro",733,3479,21.10,35.10,24.0421784700034323,20.2032109192666022,1172,3143,68,95
47057,Grainger County,TN,Tennessee,"Grainger County, TN",Has not expanded Medicaid,Metro,712,3100,23.00,36.90,24.0421784700034323,20.2032109192666022,943,3143,37,95
47059,Greene County,TN,Tennessee,"Greene County, TN",Has not expanded Medicaid,"Rural, near a metro",1975,9051,21.80,37.60,24.0421784700034323,20.2032109192666022,1080,3143,59,95
47061,Grundy County,TN,Tennessee,"Grundy County, TN",Has not expanded Medicaid,"Rural, near a metro",438,2105,20.80,35.00,24.0421784700034323,20.2032109192666022,1216,3143,72,95
47063,Hamblen County,TN,Tennessee,"Hamblen County, TN",Has not expanded Medicaid,Metro,2460,8804,27.90,45.00,24.0421784700034323,20.2032109192666022,475,3143,5,95
47065,Hamilton County,TN,Tennessee,"Hamilton County, TN",Has not expanded Medicaid,Metro,8393,34055,24.60,37.30,24.0421784700034323,20.2032109192666022,757,3143,22,95
47067,Hancock County,TN,Tennessee,"Hancock County, TN",Has not expanded Medicaid,"Rural, near a metro",259,1312,19.70,31.20,24.0421784700034323,20.2032109192666022,1346,3143,82,95
47069,Hardeman County,TN,Tennessee,"Hardeman County, TN",Has not expanded Medicaid,"Rural, near a metro",641,3431,18.70,31.60,24.0421784700034323,20.2032109192666022,1449,3143,90,95
47071,Hardin County,TN,Tennessee,"Hardin County, TN",Has not expanded Medicaid,"Rural, near a metro",838,3770,22.20,35.90,24.0421784700034323,20.2032109192666022,1030,3143,48,95
47073,Hawkins County,TN,Tennessee,"Hawkins County, TN",Has not expanded Medicaid,Metro,1725,7770,22.20,34.30,24.0421784700034323,20.2032109192666022,1030,3143,48,95
47075,Haywood County,TN,Tennessee,"Haywood County, TN",Has not expanded Medicaid,"Rural, near a metro",515,2686,19.20,31.40,24.0421784700034323,20.2032109192666022,1395,3143,86,95
47077,Henderson County,TN,Tennessee,"Henderson County, TN",Has not expanded Medicaid,"Rural, near a metro",802,3649,22.00,33.50,24.0421784700034323,20.2032109192666022,1060,3143,55,95
47079,Henry County,TN,Tennessee,"Henry County, TN",Has not expanded Medicaid,Remote rural,821,4319,19.00,36.30,24.0421784700034323,20.2032109192666022,1414,3143,87,95
47081,Hickman County,TN,Tennessee,"Hickman County, TN",Has not expanded Medicaid,Metro,665,2984,22.30,37.20,24.0421784700034323,20.2032109192666022,1020,3143,46,95
47083,Houston County,TN,Tennessee,"Houston County, TN",Has not expanded Medicaid,"Rural, near a metro",225,1030,21.80,35.90,24.0421784700034323,20.2032109192666022,1080,3143,59,95
47085,Humphreys County,TN,Tennessee,"Humphreys County, TN",Has not expanded Medicaid,"Rural, near a metro",512,2304,22.20,36.80,24.0421784700034323,20.2032109192666022,1030,3143,48,95
47087,Jackson County,TN,Tennessee,"Jackson County, TN",Has not expanded Medicaid,"Rural, near a metro",394,1673,23.60,35.60,24.0421784700034323,20.2032109192666022,871,3143,33,95
47089,Jefferson County,TN,Tennessee,"Jefferson County, TN",Has not expanded Medicaid,Metro,1252,6013,20.80,37.20,24.0421784700034323,20.2032109192666022,1216,3143,72,95
47091,Johnson County,TN,Tennessee,"Johnson County, TN",Has not expanded Medicaid,"Rural, near a metro",648,2642,24.50,35.20,24.0421784700034323,20.2032109192666022,772,3143,24,95
47093,Knox County,TN,Tennessee,"Knox County, TN",Has not expanded Medicaid,Metro,12901,50799,25.40,34.90,24.0421784700034323,20.2032109192666022,665,3143,15,95
47095,Lake County,TN,Tennessee,"Lake County, TN",Has not expanded Medicaid,Remote rural,183,1030,17.80,25.90,24.0421784700034323,20.2032109192666022,1561,3143,94,95
47097,Lauderdale County,TN,Tennessee,"Lauderdale County, TN",Has not expanded Medicaid,"Rural, near a metro",681,3757,18.10,29.70,24.0421784700034323,20.2032109192666022,1513,3143,93,95
47099,Lawrence County,TN,Tennessee,"Lawrence County, TN",Has not expanded Medicaid,"Rural, near a metro",1351,5878,23.00,36.80,24.0421784700034323,20.2032109192666022,943,3143,37,95
47101,Lewis County,TN,Tennessee,"Lewis County, TN",Has not expanded Medicaid,"Rural, near a metro",390,1760,22.20,39.40,24.0421784700034323,20.2032109192666022,1030,3143,48,95
47103,Lincoln County,TN,Tennessee,"Lincoln County, TN",Has not expanded Medicaid,"Rural, near a metro",949,3760,25.20,36.00,24.0421784700034323,20.2032109192666022,688,3143,18,95
47105,Loudon County,TN,Tennessee,"Loudon County, TN",Has not expanded Medicaid,Metro,1285,4503,28.50,47.60,24.0421784700034323,20.2032109192666022,435,3143,3,95
47107,McMinn County,TN,Tennessee,"McMinn County, TN",Has not expanded Medicaid,"Rural, near a metro",1456,6623,22.00,37.80,24.0421784700034323,20.2032109192666022,1060,3143,55,95
47109,McNairy County,TN,Tennessee,"McNairy County, TN",Has not expanded Medicaid,"Rural, near a metro",734,3618,20.30,35.40,24.0421784700034323,20.2032109192666022,1281,3143,80,95
47111,Macon County,TN,Tennessee,"Macon County, TN",Has not expanded Medicaid,Metro,1007,3846,26.20,38.90,24.0421784700034323,20.2032109192666022,605,3143,12,95
47113,Madison County,TN,Tennessee,"Madison County, TN",Has not expanded Medicaid,Metro,2651,12137,21.80,33.70,24.0421784700034323,20.2032109192666022,1080,3143,59,95
47115,Marion County,TN,Tennessee,"Marion County, TN",Has not expanded Medicaid,Metro,912,3779,24.10,33.70,24.0421784700034323,20.2032109192666022,822,3143,31,95
47117,Marshall County,TN,Tennessee,"Marshall County, TN",Has not expanded Medicaid,"Rural, near a metro",971,3818,25.40,40.40,24.0421784700034323,20.2032109192666022,665,3143,15,95
47119,Maury County,TN,Tennessee,"Maury County, TN",Has not expanded Medicaid,Metro,2017,9467,21.30,38.80,24.0421784700034323,20.2032109192666022,1153,3143,67,95
47121,Meigs County,TN,Tennessee,"Meigs County, TN",Has not expanded Medicaid,"Rural, near a metro",370,1791,20.70,36.40,24.0421784700034323,20.2032109192666022,1227,3143,74,95
47123,Monroe County,TN,Tennessee,"Monroe County, TN",Has not expanded Medicaid,"Rural, near a metro",1401,5906,23.70,37.00,24.0421784700034323,20.2032109192666022,863,3143,32,95
47125,Montgomery County,TN,Tennessee,"Montgomery County, TN",Has not expanded Medicaid,Metro,6248,25768,24.20,33.50,24.0421784700034323,20.2032109192666022,811,3143,29,95
47127,Moore County,TN,Tennessee,"Moore County, TN",Has not expanded Medicaid,Remote rural,139,570,24.40,40.30,24.0421784700034323,20.2032109192666022,785,3143,26,95
47129,Morgan County,TN,Tennessee,"Morgan County, TN",Has not expanded Medicaid,Metro,709,2611,27.20,35.70,24.0421784700034323,20.2032109192666022,519,3143,7,95
47131,Obion County,TN,Tennessee,"Obion County, TN",Has not expanded Medicaid,Remote rural,861,4074,21.10,35.80,24.0421784700034323,20.2032109192666022,1172,3143,68,95
47133,Overton County,TN,Tennessee,"Overton County, TN",Has not expanded Medicaid,Remote rural,662,2956,22.40,35.70,24.0421784700034323,20.2032109192666022,1010,3143,45,95
47135,Perry County,TN,Tennessee,"Perry County, TN",Has not expanded Medicaid,"Rural, near a metro",250,1097,22.80,38.60,24.0421784700034323,20.2032109192666022,970,3143,40,95
47137,Pickett County,TN,Tennessee,"Pickett County, TN",Has not expanded Medicaid,Remote rural,153,624,24.50,41.80,24.0421784700034323,20.2032109192666022,772,3143,24,95
47139,Polk County,TN,Tennessee,"Polk County, TN",Has not expanded Medicaid,Metro,563,2323,24.20,35.90,24.0421784700034323,20.2032109192666022,811,3143,29,95
47141,Putnam County,TN,Tennessee,"Putnam County, TN",Has not expanded Medicaid,"Rural, near a metro",2591,11159,23.20,37.10,24.0421784700034323,20.2032109192666022,915,3143,35,95
47143,Rhea County,TN,Tennessee,"Rhea County, TN",Has not expanded Medicaid,"Rural, near a metro",939,4612,20.40,35.00,24.0421784700034323,20.2032109192666022,1260,3143,77,95
47145,Roane County,TN,Tennessee,"Roane County, TN",Has not expanded Medicaid,Metro,1106,5611,19.70,33.20,24.0421784700034323,20.2032109192666022,1346,3143,82,95
47147,Robertson County,TN,Tennessee,"Robertson County, TN",Has not expanded Medicaid,Metro,1553,6355,24.40,42.90,24.0421784700034323,20.2032109192666022,785,3143,26,95
47149,Rutherford County,TN,Tennessee,"Rutherford County, TN",Has not expanded Medicaid,Metro,8257,32425,25.50,42.50,24.0421784700034323,20.2032109192666022,654,3143,14,95
47151,Scott County,TN,Tennessee,"Scott County, TN",Has not expanded Medicaid,"Rural, near a metro",828,3850,21.50,30.70,24.0421784700034323,20.2032109192666022,1123,3143,65,95
47153,Sequatchie County,TN,Tennessee,"Sequatchie County, TN",Has not expanded Medicaid,Metro,589,2229,26.40,33.60,24.0421784700034323,20.2032109192666022,581,3143,10,95
47155,Sevier County,TN,Tennessee,"Sevier County, TN",Has not expanded Medicaid,"Rural, near a metro",3518,11495,30.60,46.10,24.0421784700034323,20.2032109192666022,316,3143,1,95
47157,Shelby County,TN,Tennessee,"Shelby County, TN",Has not expanded Medicaid,Metro,28585,108659,26.30,40.00,24.0421784700034323,20.2032109192666022,597,3143,11,95
47159,Smith County,TN,Tennessee,"Smith County, TN",Has not expanded Medicaid,Metro,477,2208,21.60,34.60,24.0421784700034323,20.2032109192666022,1115,3143,64,95
47161,Stewart County,TN,Tennessee,"Stewart County, TN",Has not expanded Medicaid,"Rural, near a metro",335,1603,20.90,36.60,24.0421784700034323,20.2032109192666022,1200,3143,71,95
47163,Sullivan County,TN,Tennessee,"Sullivan County, TN",Has not expanded Medicaid,Metro,3799,18664,20.40,34.80,24.0421784700034323,20.2032109192666022,1260,3143,77,95
47165,Sumner County,TN,Tennessee,"Sumner County, TN",Has not expanded Medicaid,Metro,3277,14492,22.60,39.10,24.0421784700034323,20.2032109192666022,991,3143,44,95
47167,Tipton County,TN,Tennessee,"Tipton County, TN",Has not expanded Medicaid,Metro,1332,6077,21.90,35.70,24.0421784700034323,20.2032109192666022,1069,3143,58,95
47169,Trousdale County,TN,Tennessee,"Trousdale County, TN",Has not expanded Medicaid,Metro,280,1259,22.20,37.20,24.0421784700034323,20.2032109192666022,1030,3143,48,95
47171,Unicoi County,TN,Tennessee,"Unicoi County, TN",Has not expanded Medicaid,Metro,477,2310,20.60,37.40,24.0421784700034323,20.2032109192666022,1243,3143,76,95
47173,Union County,TN,Tennessee,"Union County, TN",Has not expanded Medicaid,Metro,592,2581,22.90,35.30,24.0421784700034323,20.2032109192666022,960,3143,39,95
47175,Van Buren County,TN,Tennessee,"Van Buren County, TN",Has not expanded Medicaid,Remote rural,197,782,25.20,39.10,24.0421784700034323,20.2032109192666022,688,3143,18,95
47177,Warren County,TN,Tennessee,"Warren County, TN",Has not expanded Medicaid,"Rural, near a metro",1552,5952,26.10,41.20,24.0421784700034323,20.2032109192666022,612,3143,13,95
47179,Washington County,TN,Tennessee,"Washington County, TN",Has not expanded Medicaid,Metro,4073,17256,23.60,35.80,24.0421784700034323,20.2032109192666022,871,3143,33,95
47181,Wayne County,TN,Tennessee,"Wayne County, TN",Has not expanded Medicaid,"Rural, near a metro",503,1998,25.20,39.70,24.0421784700034323,20.2032109192666022,688,3143,18,95
47183,Weakley County,TN,Tennessee,"Weakley County, TN",Has not expanded Medicaid,Remote rural,838,4754,17.60,32.80,24.0421784700034323,20.2032109192666022,1584,3143,95,95
47185,White County,TN,Tennessee,"White County, TN",Has not expanded Medicaid,Remote rural,834,3758,22.20,35.20,24.0421784700034323,20.2032109192666022,1030,3143,48,95
47187,Williamson County,TN,Tennessee,"Williamson County, TN",Has not expanded Medicaid,Metro,2364,8358,28.30,46.80,24.0421784700034323,20.2032109192666022,450,3143,4,95
47189,Wilson County,TN,Tennessee,"Wilson County, TN",Has not expanded Medicaid,Metro,2567,10428,24.60,41.50,24.0421784700034323,20.2032109192666022,757,3143,22,95
48001,Anderson County,TX,Texas,"Anderson County, TX",Has not expanded Medicaid,Remote rural,2173,6178,35.20,47.80,39.5944062375522069,20.2032109192666022,164,3143,139,254
48003,Andrews County,TX,Texas,"Andrews County, TX",Has not expanded Medicaid,"Rural, near a metro",653,1564,41.80,61.50,39.5944062375522069,20.2032109192666022,39,3143,35,254
48005,Angelina County,TX,Texas,"Angelina County, TX",Has not expanded Medicaid,Remote rural,3949,11719,33.70,49.00,39.5944062375522069,20.2032109192666022,201,3143,164,254
48007,Aransas County,TX,Texas,"Aransas County, TX",Has not expanded Medicaid,Metro,777,2793,27.80,52.00,39.5944062375522069,20.2032109192666022,483,3143,242,254
48009,Archer County,TX,Texas,"Archer County, TX",Has not expanded Medicaid,Metro,244,680,35.90,56.30,39.5944062375522069,20.2032109192666022,147,3143,127,254
48011,Armstrong County,TX,Texas,"Armstrong County, TX",Has not expanded Medicaid,Metro,33,146,22.60,59.50,39.5944062375522069,20.2032109192666022,991,3143,252,254
48013,Atascosa County,TX,Texas,"Atascosa County, TX",Has not expanded Medicaid,Metro,2194,6307,34.80,50.60,39.5944062375522069,20.2032109192666022,178,3143,149,254
48015,Austin County,TX,Texas,"Austin County, TX",Has not expanded Medicaid,Metro,1194,3007,39.70,58.00,39.5944062375522069,20.2032109192666022,69,3143,59,254
48017,Bailey County,TX,Texas,"Bailey County, TX",Has not expanded Medicaid,Remote rural,422,931,45.30,59.00,39.5944062375522069,20.2032109192666022,18,3143,16,254
48019,Bandera County,TX,Texas,"Bandera County, TX",Has not expanded Medicaid,Metro,784,2139,36.70,53.80,39.5944062375522069,20.2032109192666022,128,3143,111,254
48021,Bastrop County,TX,Texas,"Bastrop County, TX",Has not expanded Medicaid,Metro,4742,10599,44.70,57.80,39.5944062375522069,20.2032109192666022,21,3143,19,254
48023,Baylor County,TX,Texas,"Baylor County, TX",Has not expanded Medicaid,"Rural, near a metro",122,423,28.80,48.80,39.5944062375522069,20.2032109192666022,411,3143,229,254
48025,Bee County,TX,Texas,"Bee County, TX",Has not expanded Medicaid,"Rural, near a metro",805,3312,24.30,43.00,39.5944062375522069,20.2032109192666022,800,3143,251,254
48027,Bell County,TX,Texas,"Bell County, TX",Has not expanded Medicaid,Metro,13865,45416,30.50,39.50,39.5944062375522069,20.2032109192666022,327,3143,210,254
48029,Bexar County,TX,Texas,"Bexar County, TX",Has not expanded Medicaid,Metro,85916,243316,35.30,47.00,39.5944062375522069,20.2032109192666022,159,3143,135,254
48031,Blanco County,TX,Texas,"Blanco County, TX",Has not expanded Medicaid,"Rural, near a metro",320,891,35.90,59.40,39.5944062375522069,20.2032109192666022,147,3143,127,254
48033,Borden County,TX,Texas,"Borden County, TX",Has not expanded Medicaid,"Rural, near a metro",14,49,28.60,43.40,39.5944062375522069,20.2032109192666022,428,3143,234,254
48035,Bosque County,TX,Texas,"Bosque County, TX",Has not expanded Medicaid,"Rural, near a metro",698,1967,35.50,54.20,39.5944062375522069,20.2032109192666022,155,3143,131,254
48037,Bowie County,TX,Texas,"Bowie County, TX",Has not expanded Medicaid,Metro,2911,11161,26.10,40.20,39.5944062375522069,20.2032109192666022,612,3143,247,254
48039,Brazoria County,TX,Texas,"Brazoria County, TX",Has not expanded Medicaid,Metro,10575,27653,38.20,58.20,39.5944062375522069,20.2032109192666022,96,3143,84,254
48041,Brazos County,TX,Texas,"Brazos County, TX",Has not expanded Medicaid,Metro,12599,44611,28.20,34.20,39.5944062375522069,20.2032109192666022,455,3143,237,254
48043,Brewster County,TX,Texas,"Brewster County, TX",Has not expanded Medicaid,Remote rural,371,1006,36.90,46.50,39.5944062375522069,20.2032109192666022,122,3143,105,254
48045,Briscoe County,TX,Texas,"Briscoe County, TX",Has not expanded Medicaid,Remote rural,65,151,43.00,64.90,39.5944062375522069,20.2032109192666022,32,3143,29,254
48047,Brooks County,TX,Texas,"Brooks County, TX",Has not expanded Medicaid,Remote rural,361,1217,29.70,45.80,39.5944062375522069,20.2032109192666022,366,3143,220,254
48049,Brown County,TX,Texas,"Brown County, TX",Has not expanded Medicaid,Remote rural,1401,4641,30.20,46.00,39.5944062375522069,20.2032109192666022,341,3143,214,254
48051,Burleson County,TX,Texas,"Burleson County, TX",Has not expanded Medicaid,Metro,759,1975,38.40,57.40,39.5944062375522069,20.2032109192666022,94,3143,82,254
48053,Burnet County,TX,Texas,"Burnet County, TX",Has not expanded Medicaid,"Rural, near a metro",1704,4272,39.90,55.50,39.5944062375522069,20.2032109192666022,65,3143,55,254
48055,Caldwell County,TX,Texas,"Caldwell County, TX",Has not expanded Medicaid,Metro,2554,6241,40.90,48.70,39.5944062375522069,20.2032109192666022,53,3143,45,254
48057,Calhoun County,TX,Texas,"Calhoun County, TX",Has not expanded Medicaid,"Rural, near a metro",672,2015,33.30,49.80,39.5944062375522069,20.2032109192666022,212,3143,171,254
48059,Callahan County,TX,Texas,"Callahan County, TX",Has not expanded Medicaid,Metro,436,1560,27.90,49.30,39.5944062375522069,20.2032109192666022,475,3143,241,254
48061,Cameron County,TX,Texas,"Cameron County, TX",Has not expanded Medicaid,Metro,31676,70796,44.70,63.10,39.5944062375522069,20.2032109192666022,21,3143,19,254
48063,Camp County,TX,Texas,"Camp County, TX",Has not expanded Medicaid,"Rural, near a metro",665,1796,37.00,54.00,39.5944062375522069,20.2032109192666022,120,3143,103,254
48065,Carson County,TX,Texas,"Carson County, TX",Has not expanded Medicaid,Metro,125,413,30.30,50.30,39.5944062375522069,20.2032109192666022,336,3143,212,254
48067,Cass County,TX,Texas,"Cass County, TX",Has not expanded Medicaid,"Rural, near a metro",1034,3693,28.00,41.90,39.5944062375522069,20.2032109192666022,470,3143,239,254
48069,Castro County,TX,Texas,"Castro County, TX",Has not expanded Medicaid,"Rural, near a metro",354,909,38.90,62.20,39.5944062375522069,20.2032109192666022,84,3143,72,254
48071,Chambers County,TX,Texas,"Chambers County, TX",Has not expanded Medicaid,Metro,1439,3450,41.70,62.80,39.5944062375522069,20.2032109192666022,42,3143,37,254
48073,Cherokee County,TX,Texas,"Cherokee County, TX",Has not expanded Medicaid,"Rural, near a metro",2552,6809,37.50,55.40,39.5944062375522069,20.2032109192666022,112,3143,97,254
48075,Childress County,TX,Texas,"Childress County, TX",Has not expanded Medicaid,Remote rural,247,704,35.10,42.40,39.5944062375522069,20.2032109192666022,167,3143,142,254
48077,Clay County,TX,Texas,"Clay County, TX",Has not expanded Medicaid,Metro,312,1011,30.90,49.20,39.5944062375522069,20.2032109192666022,305,3143,201,254
48079,Cochran County,TX,Texas,"Cochran County, TX",Has not expanded Medicaid,Remote rural,175,375,46.70,60.30,39.5944062375522069,20.2032109192666022,13,3143,11,254
48081,Coke County,TX,Texas,"Coke County, TX",Has not expanded Medicaid,"Rural, near a metro",104,363,28.70,50.40,39.5944062375522069,20.2032109192666022,422,3143,231,254
48083,Coleman County,TX,Texas,"Coleman County, TX",Has not expanded Medicaid,"Rural, near a metro",383,1084,35.30,46.50,39.5944062375522069,20.2032109192666022,159,3143,135,254
48085,Collin County,TX,Texas,"Collin County, TX",Has not expanded Medicaid,Metro,22729,64811,35.10,56.20,39.5944062375522069,20.2032109192666022,167,3143,142,254
48087,Collingsworth County,TX,Texas,"Collingsworth County, TX",Has not expanded Medicaid,Remote rural,109,324,33.60,62.30,39.5944062375522069,20.2032109192666022,206,3143,168,254
48089,Colorado County,TX,Texas,"Colorado County, TX",Has not expanded Medicaid,"Rural, near a metro",793,2083,38.10,54.90,39.5944062375522069,20.2032109192666022,98,3143,86,254
48091,Comal County,TX,Texas,"Comal County, TX",Has not expanded Medicaid,Metro,3802,10918,34.80,54.60,39.5944062375522069,20.2032109192666022,178,3143,149,254
48093,Comanche County,TX,Texas,"Comanche County, TX",Has not expanded Medicaid,Remote rural,680,1686,40.30,57.40,39.5944062375522069,20.2032109192666022,59,3143,50,254
48095,Concho County,TX,Texas,"Concho County, TX",Has not expanded Medicaid,"Rural, near a metro",68,245,27.80,50.40,39.5944062375522069,20.2032109192666022,483,3143,242,254
48097,Cooke County,TX,Texas,"Cooke County, TX",Has not expanded Medicaid,"Rural, near a metro",1798,4364,41.20,55.20,39.5944062375522069,20.2032109192666022,47,3143,40,254
48099,Coryell County,TX,Texas,"Coryell County, TX",Has not expanded Medicaid,Metro,2525,10138,24.90,40.20,39.5944062375522069,20.2032109192666022,726,3143,249,254
48101,Cottle County,TX,Texas,"Cottle County, TX",Has not expanded Medicaid,Remote rural,51,181,28.20,52.60,39.5944062375522069,20.2032109192666022,455,3143,237,254
48103,Crane County,TX,Texas,"Crane County, TX",Has not expanded Medicaid,"Rural, near a metro",183,420,43.60,62.10,39.5944062375522069,20.2032109192666022,31,3143,28,254
48105,Crockett County,TX,Texas,"Crockett County, TX",Has not expanded Medicaid,Remote rural,107,269,39.80,57.00,39.5944062375522069,20.2032109192666022,68,3143,58,254
48107,Crosby County,TX,Texas,"Crosby County, TX",Has not expanded Medicaid,Metro,250,735,34.00,51.60,39.5944062375522069,20.2032109192666022,197,3143,162,254
48109,Culberson County,TX,Texas,"Culberson County, TX",Has not expanded Medicaid,Remote rural,86,288,29.90,52.20,39.5944062375522069,20.2032109192666022,352,3143,217,254
48111,Dallam County,TX,Texas,"Dallam County, TX",Has not expanded Medicaid,Remote rural,434,920,47.20,57.50,39.5944062375522069,20.2032109192666022,8,3143,6,254
48113,Dallas County,TX,Texas,"Dallas County, TX",Has not expanded Medicaid,Metro,127516,283034,45.10,58.60,39.5944062375522069,20.2032109192666022,19,3143,17,254
48115,Dawson County,TX,Texas,"Dawson County, TX",Has not expanded Medicaid,Remote rural,535,1434,37.30,51.70,39.5944062375522069,20.2032109192666022,115,3143,100,254
48117,Deaf Smith County,TX,Texas,"Deaf Smith County, TX",Has not expanded Medicaid,"Rural, near a metro",1003,2409,41.60,54.60,39.5944062375522069,20.2032109192666022,43,3143,38,254
48119,Delta County,TX,Texas,"Delta County, TX",Has not expanded Medicaid,"Rural, near a metro",168,647,26.00,51.60,39.5944062375522069,20.2032109192666022,621,3143,248,254
48121,Denton County,TX,Texas,"Denton County, TX",Has not expanded Medicaid,Metro,22192,64160,34.60,51.60,39.5944062375522069,20.2032109192666022,181,3143,152,254
48123,DeWitt County,TX,Texas,"DeWitt County, TX",Has not expanded Medicaid,"Rural, near a metro",662,2132,31.10,45.00,39.5944062375522069,20.2032109192666022,294,3143,197,254
48125,Dickens County,TX,Texas,"Dickens County, TX",Has not expanded Medicaid,"Rural, near a metro",65,217,30.00,51.60,39.5944062375522069,20.2032109192666022,350,3143,216,254
48127,Dimmit County,TX,Texas,"Dimmit County, TX",Has not expanded Medicaid,"Rural, near a metro",391,1325,29.50,46.40,39.5944062375522069,20.2032109192666022,375,3143,222,254
48129,Donley County,TX,Texas,"Donley County, TX",Has not expanded Medicaid,"Rural, near a metro",129,429,30.10,49.40,39.5944062375522069,20.2032109192666022,344,3143,215,254
48131,Duval County,TX,Texas,"Duval County, TX",Has not expanded Medicaid,Remote rural,329,1341,24.50,48.90,39.5944062375522069,20.2032109192666022,772,3143,250,254
48133,Eastland County,TX,Texas,"Eastland County, TX",Has not expanded Medicaid,"Rural, near a metro",752,2313,32.50,52.10,39.5944062375522069,20.2032109192666022,239,3143,181,254
48135,Ector County,TX,Texas,"Ector County, TX",Has not expanded Medicaid,Metro,6858,16826,40.80,53.30,39.5944062375522069,20.2032109192666022,56,3143,47,254
48137,Edwards County,TX,Texas,"Edwards County, TX",Has not expanded Medicaid,Remote rural,62,139,44.60,59.70,39.5944062375522069,20.2032109192666022,24,3143,21,254
48139,Ellis County,TX,Texas,"Ellis County, TX",Has not expanded Medicaid,Metro,6307,16566,38.10,55.30,39.5944062375522069,20.2032109192666022,98,3143,86,254
48141,El Paso County,TX,Texas,"El Paso County, TX",Has not expanded Medicaid,Metro,54158,122253,44.30,57.60,39.5944062375522069,20.2032109192666022,27,3143,24,254
48143,Erath County,TX,Texas,"Erath County, TX",Has not expanded Medicaid,"Rural, near a metro",2143,5757,37.20,52.20,39.5944062375522069,20.2032109192666022,116,3143,101,254
48145,Falls County,TX,Texas,"Falls County, TX",Has not expanded Medicaid,Metro,727,2205,33.00,45.90,39.5944062375522069,20.2032109192666022,224,3143,176,254
48147,Fannin County,TX,Texas,"Fannin County, TX",Has not expanded Medicaid,"Rural, near a metro",1338,3984,33.60,48.30,39.5944062375522069,20.2032109192666022,206,3143,168,254
48149,Fayette County,TX,Texas,"Fayette County, TX",Has not expanded Medicaid,"Rural, near a metro",709,1898,37.40,57.40,39.5944062375522069,20.2032109192666022,114,3143,99,254
48151,Fisher County,TX,Texas,"Fisher County, TX",Has not expanded Medicaid,"Rural, near a metro",114,355,32.10,47.90,39.5944062375522069,20.2032109192666022,249,3143,186,254
48153,Floyd County,TX,Texas,"Floyd County, TX",Has not expanded Medicaid,"Rural, near a metro",243,668,36.40,54.40,39.5944062375522069,20.2032109192666022,137,3143,119,254
48155,Foard County,TX,Texas,"Foard County, TX",Has not expanded Medicaid,Remote rural,40,139,28.80,51.30,39.5944062375522069,20.2032109192666022,411,3143,229,254
48157,Fort Bend County,TX,Texas,"Fort Bend County, TX",Has not expanded Medicaid,Metro,21494,55231,38.90,60.80,39.5944062375522069,20.2032109192666022,84,3143,72,254
48159,Franklin County,TX,Texas,"Franklin County, TX",Has not expanded Medicaid,Remote rural,402,1226,32.80,55.70,39.5944062375522069,20.2032109192666022,229,3143,178,254
48161,Freestone County,TX,Texas,"Freestone County, TX",Has not expanded Medicaid,Remote rural,830,2265,36.60,55.50,39.5944062375522069,20.2032109192666022,132,3143,114,254
48163,Frio County,TX,Texas,"Frio County, TX",Has not expanded Medicaid,"Rural, near a metro",834,2437,34.20,44.40,39.5944062375522069,20.2032109192666022,192,3143,159,254
48165,Gaines County,TX,Texas,"Gaines County, TX",Has not expanded Medicaid,Remote rural,1344,2563,52.40,65.90,39.5944062375522069,20.2032109192666022,2,3143,1,254
48167,Galveston County,TX,Texas,"Galveston County, TX",Has not expanded Medicaid,Metro,11869,30630,38.70,51.20,39.5944062375522069,20.2032109192666022,90,3143,78,254
48169,Garza County,TX,Texas,"Garza County, TX",Has not expanded Medicaid,"Rural, near a metro",159,540,29.40,51.70,39.5944062375522069,20.2032109192666022,379,3143,224,254
48171,Gillespie County,TX,Texas,"Gillespie County, TX",Has not expanded Medicaid,Remote rural,755,1798,42.00,59.30,39.5944062375522069,20.2032109192666022,38,3143,34,254
48173,Glasscock County,TX,Texas,"Glasscock County, TX",Has not expanded Medicaid,"Rural, near a metro",23,52,44.20,56.30,39.5944062375522069,20.2032109192666022,28,3143,25,254
48175,Goliad County,TX,Texas,"Goliad County, TX",Has not expanded Medicaid,Metro,241,680,35.40,48.00,39.5944062375522069,20.2032109192666022,157,3143,133,254
48177,Gonzales County,TX,Texas,"Gonzales County, TX",Has not expanded Medicaid,"Rural, near a metro",960,2437,39.40,57.50,39.5944062375522069,20.2032109192666022,73,3143,62,254
48179,Gray County,TX,Texas,"Gray County, TX",Has not expanded Medicaid,"Rural, near a metro",981,2504,39.20,54.70,39.5944062375522069,20.2032109192666022,76,3143,65,254
48181,Grayson County,TX,Texas,"Grayson County, TX",Has not expanded Medicaid,Metro,4980,13864,35.90,46.90,39.5944062375522069,20.2032109192666022,147,3143,127,254
48183,Gregg County,TX,Texas,"Gregg County, TX",Has not expanded Medicaid,Metro,5540,15620,35.50,49.10,39.5944062375522069,20.2032109192666022,155,3143,131,254
48185,Grimes County,TX,Texas,"Grimes County, TX",Has not expanded Medicaid,"Rural, near a metro",1177,3208,36.70,55.80,39.5944062375522069,20.2032109192666022,128,3143,111,254
48187,Guadalupe County,TX,Texas,"Guadalupe County, TX",Has not expanded Medicaid,Metro,4642,14035,33.10,53.60,39.5944062375522069,20.2032109192666022,219,3143,174,254
48189,Hale County,TX,Texas,"Hale County, TX",Has not expanded Medicaid,"Rural, near a metro",1704,4333,39.30,51.50,39.5944062375522069,20.2032109192666022,74,3143,63,254
48191,Hall County,TX,Texas,"Hall County, TX",Has not expanded Medicaid,Remote rural,186,454,41.00,60.00,39.5944062375522069,20.2032109192666022,51,3143,43,254
48193,Hamilton County,TX,Texas,"Hamilton County, TX",Has not expanded Medicaid,"Rural, near a metro",363,995,36.50,50.80,39.5944062375522069,20.2032109192666022,135,3143,117,254
48195,Hansford County,TX,Texas,"Hansford County, TX",Has not expanded Medicaid,Remote rural,243,501,48.50,61.70,39.5944062375522069,20.2032109192666022,5,3143,3,254
48197,Hardeman County,TX,Texas,"Hardeman County, TX",Has not expanded Medicaid,Remote rural,167,486,34.40,48.50,39.5944062375522069,20.2032109192666022,187,3143,155,254
48199,Hardin County,TX,Texas,"Hardin County, TX",Has not expanded Medicaid,Metro,1665,5436,30.60,46.40,39.5944062375522069,20.2032109192666022,316,3143,204,254
48201,Harris County,TX,Texas,"Harris County, TX",Has not expanded Medicaid,Metro,263804,577007,45.70,57.00,39.5944062375522069,20.2032109192666022,15,3143,13,254
48203,Harrison County,TX,Texas,"Harrison County, TX",Has not expanded Medicaid,"Rural, near a metro",2290,7784,29.40,48.20,39.5944062375522069,20.2032109192666022,379,3143,224,254
48205,Hartley County,TX,Texas,"Hartley County, TX",Has not expanded Medicaid,Remote rural,127,360,35.30,57.00,39.5944062375522069,20.2032109192666022,159,3143,135,254
48207,Haskell County,TX,Texas,"Haskell County, TX",Has not expanded Medicaid,"Rural, near a metro",234,670,34.90,46.20,39.5944062375522069,20.2032109192666022,173,3143,146,254
48209,Hays County,TX,Texas,"Hays County, TX",Has not expanded Medicaid,Metro,8875,27781,31.90,46.60,39.5944062375522069,20.2032109192666022,263,3143,188,254
48211,Hemphill County,TX,Texas,"Hemphill County, TX",Has not expanded Medicaid,Remote rural,106,267,39.70,63.20,39.5944062375522069,20.2032109192666022,69,3143,59,254
48213,Henderson County,TX,Texas,"Henderson County, TX",Has not expanded Medicaid,"Rural, near a metro",3995,10992,36.30,50.70,39.5944062375522069,20.2032109192666022,144,3143,125,254
48215,Hidalgo County,TX,Texas,"Hidalgo County, TX",Has not expanded Medicaid,Metro,74672,157956,47.30,68.20,39.5944062375522069,20.2032109192666022,7,3143,5,254
48217,Hill County,TX,Texas,"Hill County, TX",Has not expanded Medicaid,"Rural, near a metro",1705,4462,38.20,52.90,39.5944062375522069,20.2032109192666022,96,3143,84,254
48219,Hockley County,TX,Texas,"Hockley County, TX",Has not expanded Medicaid,"Rural, near a metro",958,2549,37.60,50.50,39.5944062375522069,20.2032109192666022,108,3143,93,254
48221,Hood County,TX,Texas,"Hood County, TX",Has not expanded Medicaid,Metro,1740,4845,35.90,53.80,39.5944062375522069,20.2032109192666022,147,3143,127,254
48223,Hopkins County,TX,Texas,"Hopkins County, TX",Has not expanded Medicaid,"Rural, near a metro",1784,4548,39.20,53.60,39.5944062375522069,20.2032109192666022,76,3143,65,254
48225,Houston County,TX,Texas,"Houston County, TX",Has not expanded Medicaid,Remote rural,934,2980,31.30,47.80,39.5944062375522069,20.2032109192666022,288,3143,194,254
48227,Howard County,TX,Texas,"Howard County, TX",Has not expanded Medicaid,"Rural, near a metro",1037,3427,30.30,41.90,39.5944062375522069,20.2032109192666022,336,3143,212,254
48229,Hudspeth County,TX,Texas,"Hudspeth County, TX",Has not expanded Medicaid,Metro,235,532,44.20,61.70,39.5944062375522069,20.2032109192666022,28,3143,25,254
48231,Hunt County,TX,Texas,"Hunt County, TX",Has not expanded Medicaid,Metro,4924,12707,38.80,52.80,39.5944062375522069,20.2032109192666022,87,3143,75,254
48233,Hutchinson County,TX,Texas,"Hutchinson County, TX",Has not expanded Medicaid,"Rural, near a metro",587,1830,32.10,52.70,39.5944062375522069,20.2032109192666022,249,3143,186,254
48235,Irion County,TX,Texas,"Irion County, TX",Has not expanded Medicaid,Metro,38,101,37.60,50.00,39.5944062375522069,20.2032109192666022,108,3143,93,254
48237,Jack County,TX,Texas,"Jack County, TX",Has not expanded Medicaid,"Rural, near a metro",381,981,38.80,57.10,39.5944062375522069,20.2032109192666022,87,3143,75,254
48239,Jackson County,TX,Texas,"Jackson County, TX",Has not expanded Medicaid,"Rural, near a metro",583,1553,37.50,49.90,39.5944062375522069,20.2032109192666022,112,3143,97,254
48241,Jasper County,TX,Texas,"Jasper County, TX",Has not expanded Medicaid,"Rural, near a metro",1252,4571,27.40,47.80,39.5944062375522069,20.2032109192666022,501,3143,244,254
48243,Jeff Davis County,TX,Texas,"Jeff Davis County, TX",Has not expanded Medicaid,Remote rural,45,146,30.80,59.20,39.5944062375522069,20.2032109192666022,310,3143,203,254
48245,Jefferson County,TX,Texas,"Jefferson County, TX",Has not expanded Medicaid,Metro,13478,32274,41.80,50.90,39.5944062375522069,20.2032109192666022,39,3143,35,254
48247,Jim Hogg County,TX,Texas,"Jim Hogg County, TX",Has not expanded Medicaid,"Rural, near a metro",206,719,28.70,54.20,39.5944062375522069,20.2032109192666022,422,3143,231,254
48249,Jim Wells County,TX,Texas,"Jim Wells County, TX",Has not expanded Medicaid,"Rural, near a metro",1812,5819,31.10,46.60,39.5944062375522069,20.2032109192666022,294,3143,197,254
48251,Johnson County,TX,Texas,"Johnson County, TX",Has not expanded Medicaid,Metro,6957,18283,38.10,55.00,39.5944062375522069,20.2032109192666022,98,3143,86,254
48253,Jones County,TX,Texas,"Jones County, TX",Has not expanded Medicaid,Metro,654,1913,34.20,51.00,39.5944062375522069,20.2032109192666022,192,3143,159,254
48255,Karnes County,TX,Texas,"Karnes County, TX",Has not expanded Medicaid,"Rural, near a metro",459,1377,33.30,42.80,39.5944062375522069,20.2032109192666022,212,3143,171,254
48257,Kaufman County,TX,Texas,"Kaufman County, TX",Has not expanded Medicaid,Metro,6662,16129,41.30,56.20,39.5944062375522069,20.2032109192666022,46,3143,39,254
48259,Kendall County,TX,Texas,"Kendall County, TX",Has not expanded Medicaid,Metro,1043,2435,42.80,60.60,39.5944062375522069,20.2032109192666022,33,3143,30,254
48261,Kenedy County,TX,Texas,"Kenedy County, TX",Has not expanded Medicaid,Remote rural,23,56,41.10,31.30,39.5944062375522069,20.2032109192666022,49,3143,42,254
48263,Kent County,TX,Texas,"Kent County, TX",Has not expanded Medicaid,Remote rural,13,59,22.00,53.80,39.5944062375522069,20.2032109192666022,1060,3143,253,254
48265,Kerr County,TX,Texas,"Kerr County, TX",Has not expanded Medicaid,"Rural, near a metro",1892,4915,38.50,51.70,39.5944062375522069,20.2032109192666022,93,3143,81,254
48267,Kimble County,TX,Texas,"Kimble County, TX",Has not expanded Medicaid,Remote rural,170,524,32.40,56.70,39.5944062375522069,20.2032109192666022,244,3143,184,254
48269,King County,TX,Texas,"King County, TX",Has not expanded Medicaid,Remote rural,12,27,44.40,34.00,39.5944062375522069,20.2032109192666022,26,3143,23,254
48271,Kinney County,TX,Texas,"Kinney County, TX",Has not expanded Medicaid,Remote rural,74,264,28.00,55.90,39.5944062375522069,20.2032109192666022,470,3143,239,254
48273,Kleberg County,TX,Texas,"Kleberg County, TX",Has not expanded Medicaid,"Rural, near a metro",1629,5123,31.80,46.00,39.5944062375522069,20.2032109192666022,269,3143,190,254
48275,Knox County,TX,Texas,"Knox County, TX",Has not expanded Medicaid,Remote rural,182,451,40.40,54.80,39.5944062375522069,20.2032109192666022,58,3143,49,254
48277,Lamar County,TX,Texas,"Lamar County, TX",Has not expanded Medicaid,Remote rural,1996,6525,30.60,46.70,39.5944062375522069,20.2032109192666022,316,3143,204,254
48279,Lamb County,TX,Texas,"Lamb County, TX",Has not expanded Medicaid,"Rural, near a metro",672,1667,40.30,55.40,39.5944062375522069,20.2032109192666022,59,3143,50,254
48281,Lampasas County,TX,Texas,"Lampasas County, TX",Has not expanded Medicaid,Metro,864,2339,36.90,54.00,39.5944062375522069,20.2032109192666022,122,3143,105,254
48283,La Salle County,TX,Texas,"La Salle County, TX",Has not expanded Medicaid,"Rural, near a metro",257,777,33.10,48.80,39.5944062375522069,20.2032109192666022,219,3143,174,254
48285,Lavaca County,TX,Texas,"Lavaca County, TX",Has not expanded Medicaid,"Rural, near a metro",622,1646,37.80,53.90,39.5944062375522069,20.2032109192666022,105,3143,91,254
48287,Lee County,TX,Texas,"Lee County, TX",Has not expanded Medicaid,"Rural, near a metro",787,1937,40.60,57.10,39.5944062375522069,20.2032109192666022,57,3143,48,254
48289,Leon County,TX,Texas,"Leon County, TX",Has not expanded Medicaid,"Rural, near a metro",688,1774,38.80,58.30,39.5944062375522069,20.2032109192666022,87,3143,75,254
48291,Liberty County,TX,Texas,"Liberty County, TX",Has not expanded Medicaid,Metro,6090,13532,45.00,54.50,39.5944062375522069,20.2032109192666022,20,3143,18,254
48293,Limestone County,TX,Texas,"Limestone County, TX",Has not expanded Medicaid,"Rural, near a metro",1040,3024,34.40,48.10,39.5944062375522069,20.2032109192666022,187,3143,155,254
48295,Lipscomb County,TX,Texas,"Lipscomb County, TX",Has not expanded Medicaid,Remote rural,122,303,40.30,60.70,39.5944062375522069,20.2032109192666022,59,3143,50,254
48297,Live Oak County,TX,Texas,"Live Oak County, TX",Has not expanded Medicaid,"Rural, near a metro",400,1100,36.40,50.70,39.5944062375522069,20.2032109192666022,137,3143,119,254
48299,Llano County,TX,Texas,"Llano County, TX",Has not expanded Medicaid,Remote rural,642,1762,36.40,51.60,39.5944062375522069,20.2032109192666022,137,3143,119,254
48301,Loving County,TX,Texas,"Loving County, TX",Has not expanded Medicaid,Remote rural,0,2,0.00,42.90,39.5944062375522069,20.2032109192666022,3143,3143,254,254
48303,Lubbock County,TX,Texas,"Lubbock County, TX",Has not expanded Medicaid,Metro,13098,45780,28.60,42.70,39.5944062375522069,20.2032109192666022,428,3143,234,254
48305,Lynn County,TX,Texas,"Lynn County, TX",Has not expanded Medicaid,Metro,186,573,32.50,54.10,39.5944062375522069,20.2032109192666022,239,3143,181,254
48307,McCulloch County,TX,Texas,"McCulloch County, TX",Has not expanded Medicaid,Remote rural,328,901,36.40,51.90,39.5944062375522069,20.2032109192666022,137,3143,119,254
48309,McLennan County,TX,Texas,"McLennan County, TX",Has not expanded Medicaid,Metro,11410,36097,31.60,44.90,39.5944062375522069,20.2032109192666022,276,3143,191,254
48311,McMullen County,TX,Texas,"McMullen County, TX",Has not expanded Medicaid,Remote rural,16,44,36.40,64.50,39.5944062375522069,20.2032109192666022,137,3143,119,254
48313,Madison County,TX,Texas,"Madison County, TX",Has not expanded Medicaid,"Rural, near a metro",574,1464,39.20,53.90,39.5944062375522069,20.2032109192666022,76,3143,65,254
48315,Marion County,TX,Texas,"Marion County, TX",Has not expanded Medicaid,"Rural, near a metro",392,1332,29.40,44.20,39.5944062375522069,20.2032109192666022,379,3143,224,254
48317,Martin County,TX,Texas,"Martin County, TX",Has not expanded Medicaid,Metro,145,352,41.20,58.50,39.5944062375522069,20.2032109192666022,47,3143,40,254
48319,Mason County,TX,Texas,"Mason County, TX",Has not expanded Medicaid,Remote rural,139,379,36.70,65.00,39.5944062375522069,20.2032109192666022,128,3143,111,254
48321,Matagorda County,TX,Texas,"Matagorda County, TX",Has not expanded Medicaid,"Rural, near a metro",1788,4586,39.00,52.10,39.5944062375522069,20.2032109192666022,83,3143,71,254
48323,Maverick County,TX,Texas,"Maverick County, TX",Has not expanded Medicaid,Remote rural,3345,8512,39.30,59.10,39.5944062375522069,20.2032109192666022,74,3143,63,254
48325,Medina County,TX,Texas,"Medina County, TX",Has not expanded Medicaid,Metro,1591,4559,34.90,51.10,39.5944062375522069,20.2032109192666022,173,3143,146,254
48327,Menard County,TX,Texas,"Menard County, TX",Has not expanded Medicaid,Remote rural,83,249,33.30,54.70,39.5944062375522069,20.2032109192666022,212,3143,171,254
48329,Midland County,TX,Texas,"Midland County, TX",Has not expanded Medicaid,Metro,4954,13384,37.00,53.90,39.5944062375522069,20.2032109192666022,120,3143,103,254
48331,Milam County,TX,Texas,"Milam County, TX",Has not expanded Medicaid,"Rural, near a metro",977,2967,32.90,48.20,39.5944062375522069,20.2032109192666022,228,3143,177,254
48333,Mills County,TX,Texas,"Mills County, TX",Has not expanded Medicaid,Remote rural,166,474,35.00,60.00,39.5944062375522069,20.2032109192666022,170,3143,145,254
48335,Mitchell County,TX,Texas,"Mitchell County, TX",Has not expanded Medicaid,Remote rural,241,839,28.70,51.10,39.5944062375522069,20.2032109192666022,422,3143,231,254
48337,Montague County,TX,Texas,"Montague County, TX",Has not expanded Medicaid,"Rural, near a metro",800,2263,35.40,50.40,39.5944062375522069,20.2032109192666022,157,3143,133,254
48339,Montgomery County,TX,Texas,"Montgomery County, TX",Has not expanded Medicaid,Metro,25179,55051,45.70,57.80,39.5944062375522069,20.2032109192666022,15,3143,13,254
48341,Moore County,TX,Texas,"Moore County, TX",Has not expanded Medicaid,Remote rural,1069,2274,47.00,59.30,39.5944062375522069,20.2032109192666022,10,3143,8,254
48343,Morris County,TX,Texas,"Morris County, TX",Has not expanded Medicaid,"Rural, near a metro",538,1822,29.50,48.80,39.5944062375522069,20.2032109192666022,375,3143,222,254
48345,Motley County,TX,Texas,"Motley County, TX",Has not expanded Medicaid,Remote rural,39,145,26.90,52.70,39.5944062375522069,20.2032109192666022,538,3143,245,254
48347,Nacogdoches County,TX,Texas,"Nacogdoches County, TX",Has not expanded Medicaid,Remote rural,3783,10334,36.60,49.90,39.5944062375522069,20.2032109192666022,132,3143,114,254
48349,Navarro County,TX,Texas,"Navarro County, TX",Has not expanded Medicaid,"Rural, near a metro",2921,7252,40.30,53.90,39.5944062375522069,20.2032109192666022,59,3143,50,254
48351,Newton County,TX,Texas,"Newton County, TX",Has not expanded Medicaid,Metro,535,1639,32.60,44.80,39.5944062375522069,20.2032109192666022,236,3143,180,254
48353,Nolan County,TX,Texas,"Nolan County, TX",Has not expanded Medicaid,"Rural, near a metro",605,1975,30.60,46.00,39.5944062375522069,20.2032109192666022,316,3143,204,254
48355,Nueces County,TX,Texas,"Nueces County, TX",Has not expanded Medicaid,Metro,14712,41837,35.20,48.00,39.5944062375522069,20.2032109192666022,164,3143,139,254
48357,Ochiltree County,TX,Texas,"Ochiltree County, TX",Has not expanded Medicaid,Remote rural,497,1020,48.70,65.70,39.5944062375522069,20.2032109192666022,4,3143,2,254
48359,Oldham County,TX,Texas,"Oldham County, TX",Has not expanded Medicaid,Metro,65,168,38.70,43.40,39.5944062375522069,20.2032109192666022,90,3143,78,254
48361,Orange County,TX,Texas,"Orange County, TX",Has not expanded Medicaid,Metro,2876,9018,31.90,42.50,39.5944062375522069,20.2032109192666022,263,3143,188,254
48363,Palo Pinto County,TX,Texas,"Palo Pinto County, TX",Has not expanded Medicaid,"Rural, near a metro",1455,3708,39.20,52.40,39.5944062375522069,20.2032109192666022,76,3143,65,254
48365,Panola County,TX,Texas,"Panola County, TX",Has not expanded Medicaid,"Rural, near a metro",782,2267,34.50,49.80,39.5944062375522069,20.2032109192666022,185,3143,153,254
48367,Parker County,TX,Texas,"Parker County, TX",Has not expanded Medicaid,Metro,4047,11108,36.40,53.60,39.5944062375522069,20.2032109192666022,137,3143,119,254
48369,Parmer County,TX,Texas,"Parmer County, TX",Has not expanded Medicaid,Remote rural,526,1103,47.70,58.30,39.5944062375522069,20.2032109192666022,6,3143,4,254
48371,Pecos County,TX,Texas,"Pecos County, TX",Has not expanded Medicaid,Remote rural,575,1558,36.90,57.10,39.5944062375522069,20.2032109192666022,122,3143,105,254
48373,Polk County,TX,Texas,"Polk County, TX",Has not expanded Medicaid,"Rural, near a metro",1870,6132,30.50,48.70,39.5944062375522069,20.2032109192666022,327,3143,210,254
48375,Potter County,TX,Texas,"Potter County, TX",Has not expanded Medicaid,Metro,6655,16974,39.20,50.50,39.5944062375522069,20.2032109192666022,76,3143,65,254
48377,Presidio County,TX,Texas,"Presidio County, TX",Has not expanded Medicaid,Remote rural,343,732,46.90,60.00,39.5944062375522069,20.2032109192666022,12,3143,10,254
48379,Rains County,TX,Texas,"Rains County, TX",Has not expanded Medicaid,"Rural, near a metro",483,1378,35.10,52.10,39.5944062375522069,20.2032109192666022,167,3143,142,254
48381,Randall County,TX,Texas,"Randall County, TX",Has not expanded Medicaid,Metro,4045,11867,34.10,45.00,39.5944062375522069,20.2032109192666022,195,3143,161,254
48383,Reagan County,TX,Texas,"Reagan County, TX",Has not expanded Medicaid,"Rural, near a metro",120,307,39.10,66.80,39.5944062375522069,20.2032109192666022,82,3143,70,254
48385,Real County,TX,Texas,"Real County, TX",Has not expanded Medicaid,Remote rural,109,353,30.90,52.20,39.5944062375522069,20.2032109192666022,305,3143,201,254
48387,Red River County,TX,Texas,"Red River County, TX",Has not expanded Medicaid,"Rural, near a metro",530,1699,31.20,48.40,39.5944062375522069,20.2032109192666022,291,3143,196,254
48389,Reeves County,TX,Texas,"Reeves County, TX",Has not expanded Medicaid,Remote rural,510,1328,38.40,51.60,39.5944062375522069,20.2032109192666022,94,3143,82,254
48391,Refugio County,TX,Texas,"Refugio County, TX",Has not expanded Medicaid,"Rural, near a metro",237,819,28.90,48.90,39.5944062375522069,20.2032109192666022,407,3143,228,254
48393,Roberts County,TX,Texas,"Roberts County, TX",Has not expanded Medicaid,Remote rural,20,68,29.40,48.20,39.5944062375522069,20.2032109192666022,379,3143,224,254
48395,Robertson County,TX,Texas,"Robertson County, TX",Has not expanded Medicaid,Metro,664,2028,32.70,53.10,39.5944062375522069,20.2032109192666022,234,3143,179,254
48397,Rockwall County,TX,Texas,"Rockwall County, TX",Has not expanded Medicaid,Metro,2169,5686,38.10,63.00,39.5944062375522069,20.2032109192666022,98,3143,86,254
48399,Runnels County,TX,Texas,"Runnels County, TX",Has not expanded Medicaid,"Rural, near a metro",376,1065,35.30,52.00,39.5944062375522069,20.2032109192666022,159,3143,135,254
48403,Sabine County,TX,Texas,"Sabine County, TX",Has not expanded Medicaid,"Rural, near a metro",363,1224,29.70,47.10,39.5944062375522069,20.2032109192666022,366,3143,220,254
48405,San Augustine County,TX,Texas,"San Augustine County, TX",Has not expanded Medicaid,Remote rural,393,1146,34.30,45.70,39.5944062375522069,20.2032109192666022,191,3143,158,254
48407,San Jacinto County,TX,Texas,"San Jacinto County, TX",Has not expanded Medicaid,"Rural, near a metro",1332,3444,38.70,53.20,39.5944062375522069,20.2032109192666022,90,3143,78,254
48409,San Patricio County,TX,Texas,"San Patricio County, TX",Has not expanded Medicaid,Metro,2958,8839,33.50,48.20,39.5944062375522069,20.2032109192666022,209,3143,170,254
48411,San Saba County,TX,Texas,"San Saba County, TX",Has not expanded Medicaid,Remote rural,279,680,41.00,56.60,39.5944062375522069,20.2032109192666022,51,3143,43,254
48413,Schleicher County,TX,Texas,"Schleicher County, TX",Has not expanded Medicaid,"Rural, near a metro",95,252,37.70,54.90,39.5944062375522069,20.2032109192666022,107,3143,92,254
48415,Scurry County,TX,Texas,"Scurry County, TX",Has not expanded Medicaid,Remote rural,552,1602,34.50,51.50,39.5944062375522069,20.2032109192666022,185,3143,153,254
48417,Shackelford County,TX,Texas,"Shackelford County, TX",Has not expanded Medicaid,"Rural, near a metro",97,324,29.90,51.80,39.5944062375522069,20.2032109192666022,352,3143,217,254
48419,Shelby County,TX,Texas,"Shelby County, TX",Has not expanded Medicaid,Remote rural,1276,3498,36.50,53.40,39.5944062375522069,20.2032109192666022,135,3143,117,254
48421,Sherman County,TX,Texas,"Sherman County, TX",Has not expanded Medicaid,Remote rural,136,295,46.10,62.70,39.5944062375522069,20.2032109192666022,14,3143,12,254
48423,Smith County,TX,Texas,"Smith County, TX",Has not expanded Medicaid,Metro,9550,26084,36.60,52.90,39.5944062375522069,20.2032109192666022,132,3143,114,254
48425,Somervell County,TX,Texas,"Somervell County, TX",Has not expanded Medicaid,Metro,281,757,37.10,53.90,39.5944062375522069,20.2032109192666022,117,3143,102,254
48427,Starr County,TX,Texas,"Starr County, TX",Has not expanded Medicaid,"Rural, near a metro",5554,12450,44.60,61.40,39.5944062375522069,20.2032109192666022,24,3143,21,254
48429,Stephens County,TX,Texas,"Stephens County, TX",Has not expanded Medicaid,Remote rural,369,1096,33.70,54.30,39.5944062375522069,20.2032109192666022,201,3143,164,254
48431,Sterling County,TX,Texas,"Sterling County, TX",Has not expanded Medicaid,"Rural, near a metro",42,106,39.60,63.40,39.5944062375522069,20.2032109192666022,71,3143,61,254
48433,Stonewall County,TX,Texas,"Stonewall County, TX",Has not expanded Medicaid,Remote rural,35,113,31.00,53.10,39.5944062375522069,20.2032109192666022,304,3143,200,254
48435,Sutton County,TX,Texas,"Sutton County, TX",Has not expanded Medicaid,Remote rural,126,308,40.90,60.20,39.5944062375522069,20.2032109192666022,53,3143,45,254
48437,Swisher County,TX,Texas,"Swisher County, TX",Has not expanded Medicaid,"Rural, near a metro",356,936,38.00,50.70,39.5944062375522069,20.2032109192666022,102,3143,90,254
48439,Tarrant County,TX,Texas,"Tarrant County, TX",Has not expanded Medicaid,Metro,78928,198035,39.90,54.80,39.5944062375522069,20.2032109192666022,65,3143,55,254
48441,Taylor County,TX,Texas,"Taylor County, TX",Has not expanded Medicaid,Metro,5376,17582,30.60,43.60,39.5944062375522069,20.2032109192666022,316,3143,204,254
48443,Terrell County,TX,Texas,"Terrell County, TX",Has not expanded Medicaid,Remote rural,20,76,26.30,62.40,39.5944062375522069,20.2032109192666022,597,3143,246,254
48445,Terry County,TX,Texas,"Terry County, TX",Has not expanded Medicaid,"Rural, near a metro",697,1639,42.50,55.30,39.5944062375522069,20.2032109192666022,35,3143,32,254
48447,Throckmorton County,TX,Texas,"Throckmorton County, TX",Has not expanded Medicaid,Remote rural,53,168,31.50,56.30,39.5944062375522069,20.2032109192666022,280,3143,192,254
48449,Titus County,TX,Texas,"Titus County, TX",Has not expanded Medicaid,Remote rural,1725,4081,42.30,61.10,39.5944062375522069,20.2032109192666022,36,3143,33,254
48451,Tom Green County,TX,Texas,"Tom Green County, TX",Has not expanded Medicaid,Metro,4402,12647,34.80,45.90,39.5944062375522069,20.2032109192666022,178,3143,149,254
48453,Travis County,TX,Texas,"Travis County, TX",Has not expanded Medicaid,Metro,36694,120076,30.60,45.80,39.5944062375522069,20.2032109192666022,316,3143,204,254
48455,Trinity County,TX,Texas,"Trinity County, TX",Has not expanded Medicaid,Remote rural,586,1918,30.60,48.90,39.5944062375522069,20.2032109192666022,316,3143,204,254
48457,Tyler County,TX,Texas,"Tyler County, TX",Has not expanded Medicaid,"Rural, near a metro",735,2362,31.10,46.10,39.5944062375522069,20.2032109192666022,294,3143,197,254
48459,Upshur County,TX,Texas,"Upshur County, TX",Has not expanded Medicaid,Metro,1566,5525,28.30,50.20,39.5944062375522069,20.2032109192666022,450,3143,236,254
48461,Upton County,TX,Texas,"Upton County, TX",Has not expanded Medicaid,"Rural, near a metro",110,299,36.80,60.60,39.5944062375522069,20.2032109192666022,125,3143,108,254
48463,Uvalde County,TX,Texas,"Uvalde County, TX",Has not expanded Medicaid,"Rural, near a metro",1321,3645,36.20,52.00,39.5944062375522069,20.2032109192666022,145,3143,126,254
48465,Val Verde County,TX,Texas,"Val Verde County, TX",Has not expanded Medicaid,Remote rural,2040,5924,34.40,57.10,39.5944062375522069,20.2032109192666022,187,3143,155,254
48467,Van Zandt County,TX,Texas,"Van Zandt County, TX",Has not expanded Medicaid,"Rural, near a metro",2580,6856,37.60,51.90,39.5944062375522069,20.2032109192666022,108,3143,93,254
48469,Victoria County,TX,Texas,"Victoria County, TX",Has not expanded Medicaid,Metro,3564,10983,32.50,50.60,39.5944062375522069,20.2032109192666022,239,3143,181,254
48471,Walker County,TX,Texas,"Walker County, TX",Has not expanded Medicaid,"Rural, near a metro",3524,10876,32.40,43.40,39.5944062375522069,20.2032109192666022,244,3143,184,254
48473,Waller County,TX,Texas,"Waller County, TX",Has not expanded Medicaid,Metro,2671,6091,43.90,58.60,39.5944062375522069,20.2032109192666022,30,3143,27,254
48475,Ward County,TX,Texas,"Ward County, TX",Has not expanded Medicaid,"Rural, near a metro",395,1074,36.80,52.80,39.5944062375522069,20.2032109192666022,125,3143,108,254
48477,Washington County,TX,Texas,"Washington County, TX",Has not expanded Medicaid,"Rural, near a metro",1076,3190,33.70,51.00,39.5944062375522069,20.2032109192666022,201,3143,164,254
48479,Webb County,TX,Texas,"Webb County, TX",Has not expanded Medicaid,Metro,18802,39897,47.10,64.80,39.5944062375522069,20.2032109192666022,9,3143,7,254
48481,Wharton County,TX,Texas,"Wharton County, TX",Has not expanded Medicaid,"Rural, near a metro",1811,4920,36.80,52.50,39.5944062375522069,20.2032109192666022,125,3143,108,254
48483,Wheeler County,TX,Texas,"Wheeler County, TX",Has not expanded Medicaid,Remote rural,254,596,42.60,62.90,39.5944062375522069,20.2032109192666022,34,3143,31,254
48485,Wichita County,TX,Texas,"Wichita County, TX",Has not expanded Medicaid,Metro,4757,15125,31.50,45.50,39.5944062375522069,20.2032109192666022,280,3143,192,254
48487,Wilbarger County,TX,Texas,"Wilbarger County, TX",Has not expanded Medicaid,"Rural, near a metro",586,1871,31.30,46.70,39.5944062375522069,20.2032109192666022,288,3143,194,254
48489,Willacy County,TX,Texas,"Willacy County, TX",Has not expanded Medicaid,"Rural, near a metro",1163,3094,37.60,51.90,39.5944062375522069,20.2032109192666022,108,3143,93,254
48491,Williamson County,TX,Texas,"Williamson County, TX",Has not expanded Medicaid,Metro,13478,38274,35.20,50.20,39.5944062375522069,20.2032109192666022,164,3143,139,254
48493,Wilson County,TX,Texas,"Wilson County, TX",Has not expanded Medicaid,Metro,1327,3911,33.90,53.60,39.5944062375522069,20.2032109192666022,198,3143,163,254
48495,Winkler County,TX,Texas,"Winkler County, TX",Has not expanded Medicaid,"Rural, near a metro",249,623,40.00,62.60,39.5944062375522069,20.2032109192666022,63,3143,54,254
48497,Wise County,TX,Texas,"Wise County, TX",Has not expanded Medicaid,Metro,2404,6178,38.90,55.70,39.5944062375522069,20.2032109192666022,84,3143,72,254
48499,Wood County,TX,Texas,"Wood County, TX",Has not expanded Medicaid,"Rural, near a metro",1738,5158,33.70,53.70,39.5944062375522069,20.2032109192666022,201,3143,164,254
48501,Yoakum County,TX,Texas,"Yoakum County, TX",Has not expanded Medicaid,Remote rural,318,697,45.60,66.10,39.5944062375522069,20.2032109192666022,17,3143,15,254
48503,Young County,TX,Texas,"Young County, TX",Has not expanded Medicaid,Remote rural,805,2019,39.90,55.60,39.5944062375522069,20.2032109192666022,65,3143,55,254
48505,Zapata County,TX,Texas,"Zapata County, TX",Has not expanded Medicaid,"Rural, near a metro",1087,2313,47.00,64.30,39.5944062375522069,20.2032109192666022,10,3143,8,254
48507,Zavala County,TX,Texas,"Zavala County, TX",Has not expanded Medicaid,Remote rural,489,1635,29.90,47.40,39.5944062375522069,20.2032109192666022,352,3143,217,254
49001,Beaver County,UT,Utah,"Beaver County, UT",Expanded Medicaid in 2020,Remote rural,132,632,20.90,42.20,19.6320205849870775,20.2032109192666022,1200,3143,8,29
49003,Box Elder County,UT,Utah,"Box Elder County, UT",Expanded Medicaid in 2020,Metro,789,4664,16.90,33.70,19.6320205849870775,20.2032109192666022,1650,3143,19,29
49005,Cache County,UT,Utah,"Cache County, UT",Expanded Medicaid in 2020,Metro,2851,16090,17.70,31.10,19.6320205849870775,20.2032109192666022,1569,3143,18,29
49007,Carbon County,UT,Utah,"Carbon County, UT",Expanded Medicaid in 2020,Remote rural,330,2505,13.20,27.70,19.6320205849870775,20.2032109192666022,2283,3143,28,29
49009,Daggett County,UT,Utah,"Daggett County, UT",Expanded Medicaid in 2020,Remote rural,14,78,17.90,37.30,19.6320205849870775,20.2032109192666022,1535,3143,17,29
49011,Davis County,UT,Utah,"Davis County, UT",Expanded Medicaid in 2020,Metro,3547,18264,19.40,34.60,19.6320205849870775,20.2032109192666022,1377,3143,12,29
49013,Duchesne County,UT,Utah,"Duchesne County, UT",Expanded Medicaid in 2020,Remote rural,323,2079,15.50,38.00,19.6320205849870775,20.2032109192666022,1820,3143,25,29
49015,Emery County,UT,Utah,"Emery County, UT",Expanded Medicaid in 2020,Remote rural,167,913,18.30,37.20,19.6320205849870775,20.2032109192666022,1489,3143,15,29
49017,Garfield County,UT,Utah,"Garfield County, UT",Expanded Medicaid in 2020,Remote rural,84,503,16.70,38.50,19.6320205849870775,20.2032109192666022,1680,3143,20,29
49019,Grand County,UT,Utah,"Grand County, UT",Expanded Medicaid in 2020,Remote rural,179,955,18.70,40.40,19.6320205849870775,20.2032109192666022,1449,3143,13,29
49021,Iron County,UT,Utah,"Iron County, UT",Expanded Medicaid in 2020,"Rural, near a metro",1254,7598,16.50,35.20,19.6320205849870775,20.2032109192666022,1702,3143,22,29
49023,Juab County,UT,Utah,"Juab County, UT",Expanded Medicaid in 2020,Metro,153,984,15.50,34.80,19.6320205849870775,20.2032109192666022,1820,3143,25,29
49025,Kane County,UT,Utah,"Kane County, UT",Expanded Medicaid in 2020,"Rural, near a metro",116,744,15.60,34.50,19.6320205849870775,20.2032109192666022,1805,3143,24,29
49027,Millard County,UT,Utah,"Millard County, UT",Expanded Medicaid in 2020,Remote rural,337,1268,26.60,45.00,19.6320205849870775,20.2032109192666022,566,3143,2,29
49029,Morgan County,UT,Utah,"Morgan County, UT",Expanded Medicaid in 2020,Metro,88,445,19.80,38.00,19.6320205849870775,20.2032109192666022,1331,3143,11,29
49031,Piute County,UT,Utah,"Piute County, UT",Expanded Medicaid in 2020,Remote rural,34,183,18.60,41.90,19.6320205849870775,20.2032109192666022,1458,3143,14,29
49033,Rich County,UT,Utah,"Rich County, UT",Expanded Medicaid in 2020,"Rural, near a metro",45,206,21.80,37.80,19.6320205849870775,20.2032109192666022,1080,3143,5,29
49035,Salt Lake County,UT,Utah,"Salt Lake County, UT",Expanded Medicaid in 2020,Metro,20676,86929,23.80,42.10,19.6320205849870775,20.2032109192666022,856,3143,3,29
49037,San Juan County,UT,Utah,"San Juan County, UT",Expanded Medicaid in 2020,Remote rural,211,1778,11.90,36.10,19.6320205849870775,20.2032109192666022,2586,3143,29,29
49039,Sanpete County,UT,Utah,"Sanpete County, UT",Expanded Medicaid in 2020,"Rural, near a metro",702,3312,21.20,39.90,19.6320205849870775,20.2032109192666022,1162,3143,6,29
49041,Sevier County,UT,Utah,"Sevier County, UT",Expanded Medicaid in 2020,Remote rural,362,2168,16.70,33.70,19.6320205849870775,20.2032109192666022,1680,3143,20,29
49043,Summit County,UT,Utah,"Summit County, UT",Expanded Medicaid in 2020,"Rural, near a metro",454,1557,29.20,49.40,19.6320205849870775,20.2032109192666022,393,3143,1,29
49045,Tooele County,UT,Utah,"Tooele County, UT",Expanded Medicaid in 2020,Metro,938,5167,18.20,35.50,19.6320205849870775,20.2032109192666022,1498,3143,16,29
49047,Uintah County,UT,Utah,"Uintah County, UT",Expanded Medicaid in 2020,Remote rural,649,3928,16.50,38.60,19.6320205849870775,20.2032109192666022,1702,3143,22,29
49049,Utah County,UT,Utah,"Utah County, UT",Expanded Medicaid in 2020,Metro,9511,62779,15.10,31.70,19.6320205849870775,20.2032109192666022,1877,3143,27,29
49051,Wasatch County,UT,Utah,"Wasatch County, UT",Expanded Medicaid in 2020,"Rural, near a metro",388,1666,23.30,46.60,19.6320205849870775,20.2032109192666022,907,3143,4,29
49053,Washington County,UT,Utah,"Washington County, UT",Expanded Medicaid in 2020,Metro,3301,15846,20.80,39.60,19.6320205849870775,20.2032109192666022,1216,3143,9,29
49055,Wayne County,UT,Utah,"Wayne County, UT",Expanded Medicaid in 2020,Remote rural,60,283,21.20,37.60,19.6320205849870775,20.2032109192666022,1162,3143,6,29
49057,Weber County,UT,Utah,"Weber County, UT",Expanded Medicaid in 2020,Metro,4034,19969,20.20,37.90,19.6320205849870775,20.2032109192666022,1292,3143,10,29
50001,Addison County,VT,Vermont,"Addison County, VT",Covered low-income adults before 2014,"Rural, near a metro",267,2557,10.40,19.40,9.1506352087114338,20.2032109192666022,2904,3143,3,14
50003,Bennington County,VT,Vermont,"Bennington County, VT",Covered low-income adults before 2014,"Rural, near a metro",300,3417,8.80,17.40,9.1506352087114338,20.2032109192666022,3089,3143,8,14
50005,Caledonia County,VT,Vermont,"Caledonia County, VT",Covered low-income adults before 2014,Remote rural,266,3285,8.10,18.60,9.1506352087114338,20.2032109192666022,3117,3143,13,14
50007,Chittenden County,VT,Vermont,"Chittenden County, VT",Covered low-income adults before 2014,Metro,1240,12944,9.60,17.80,9.1506352087114338,20.2032109192666022,3027,3143,6,14
50009,Essex County,VT,Vermont,"Essex County, VT",Covered low-income adults before 2014,Remote rural,64,720,8.90,23.20,9.1506352087114338,20.2032109192666022,3079,3143,7,14
50011,Franklin County,VT,Vermont,"Franklin County, VT",Covered low-income adults before 2014,Metro,348,4057,8.60,17.40,9.1506352087114338,20.2032109192666022,3094,3143,10,14
50013,Grand Isle County,VT,Vermont,"Grand Isle County, VT",Covered low-income adults before 2014,Metro,49,491,10.00,21.80,9.1506352087114338,20.2032109192666022,2980,3143,4,14
50015,Lamoille County,VT,Vermont,"Lamoille County, VT",Covered low-income adults before 2014,"Rural, near a metro",258,2339,11.00,19.60,9.1506352087114338,20.2032109192666022,2806,3143,1,14
50017,Orange County,VT,Vermont,"Orange County, VT",Covered low-income adults before 2014,Remote rural,271,2562,10.60,19.50,9.1506352087114338,20.2032109192666022,2881,3143,2,14
50019,Orleans County,VT,Vermont,"Orleans County, VT",Covered low-income adults before 2014,Remote rural,270,3053,8.80,19.40,9.1506352087114338,20.2032109192666022,3089,3143,8,14
50021,Rutland County,VT,Vermont,"Rutland County, VT",Covered low-income adults before 2014,"Rural, near a metro",485,5706,8.50,16.20,9.1506352087114338,20.2032109192666022,3103,3143,11,14
50023,Washington County,VT,Vermont,"Washington County, VT",Covered low-income adults before 2014,"Rural, near a metro",372,4661,8.00,16.40,9.1506352087114338,20.2032109192666022,3120,3143,14,14
50025,Windham County,VT,Vermont,"Windham County, VT",Covered low-income adults before 2014,Remote rural,394,4621,8.50,18.70,9.1506352087114338,20.2032109192666022,3103,3143,11,14
50027,Windsor County,VT,Vermont,"Windsor County, VT",Covered low-income adults before 2014,Remote rural,458,4687,9.80,19.70,9.1506352087114338,20.2032109192666022,3004,3143,5,14
51001,Accomack County,VA,Virginia,"Accomack County, VA",Expanded Medicaid in 2019,"Rural, near a metro",737,3838,19.20,42.00,16.3158291180679889,20.2032109192666022,1395,3143,14,133
51003,Albemarle County,VA,Virginia,"Albemarle County, VA",Expanded Medicaid in 2019,Metro,1185,6464,18.30,38.40,16.3158291180679889,20.2032109192666022,1489,3143,17,133
51005,Alleghany County,VA,Virginia,"Alleghany County, VA",Expanded Medicaid in 2019,"Rural, near a metro",190,1463,13.00,32.80,16.3158291180679889,20.2032109192666022,2325,3143,83,133
51007,Amelia County,VA,Virginia,"Amelia County, VA",Expanded Medicaid in 2019,Metro,193,1278,15.10,38.90,16.3158291180679889,20.2032109192666022,1877,3143,46,133
51009,Amherst County,VA,Virginia,"Amherst County, VA",Expanded Medicaid in 2019,Metro,377,3023,12.50,35.20,16.3158291180679889,20.2032109192666022,2428,3143,93,133
51011,Appomattox County,VA,Virginia,"Appomattox County, VA",Expanded Medicaid in 2019,Metro,246,1739,14.10,35.30,16.3158291180679889,20.2032109192666022,2076,3143,62,133
51013,Arlington County,VA,Virginia,"Arlington County, VA",Expanded Medicaid in 2019,Metro,2259,13340,16.90,40.50,16.3158291180679889,20.2032109192666022,1650,3143,31,133
51015,Augusta County,VA,Virginia,"Augusta County, VA",Expanded Medicaid in 2019,Metro,720,5514,13.10,36.50,16.3158291180679889,20.2032109192666022,2304,3143,81,133
51017,Bath County,VA,Virginia,"Bath County, VA",Expanded Medicaid in 2019,"Rural, near a metro",50,422,11.80,36.40,16.3158291180679889,20.2032109192666022,2605,3143,114,133
51019,Bedford County,VA,Virginia,"Bedford County, VA",Expanded Medicaid in 2019,Metro,971,6413,15.10,39.10,16.3158291180679889,20.2032109192666022,1877,3143,46,133
51021,Bland County,VA,Virginia,"Bland County, VA",Expanded Medicaid in 2019,"Rural, near a metro",64,543,11.80,37.40,16.3158291180679889,20.2032109192666022,2605,3143,114,133
51023,Botetourt County,VA,Virginia,"Botetourt County, VA",Expanded Medicaid in 2019,Metro,263,1905,13.80,39.30,16.3158291180679889,20.2032109192666022,2156,3143,67,133
51025,Brunswick County,VA,Virginia,"Brunswick County, VA",Expanded Medicaid in 2019,"Rural, near a metro",263,2037,12.90,31.50,16.3158291180679889,20.2032109192666022,2351,3143,86,133
51027,Buchanan County,VA,Virginia,"Buchanan County, VA",Expanded Medicaid in 2019,Remote rural,375,3015,12.40,28.00,16.3158291180679889,20.2032109192666022,2449,3143,96,133
51029,Buckingham County,VA,Virginia,"Buckingham County, VA",Expanded Medicaid in 2019,Metro,254,1950,13.00,35.30,16.3158291180679889,20.2032109192666022,2325,3143,83,133
51031,Campbell County,VA,Virginia,"Campbell County, VA",Expanded Medicaid in 2019,Metro,738,5359,13.80,33.10,16.3158291180679889,20.2032109192666022,2156,3143,67,133
51033,Caroline County,VA,Virginia,"Caroline County, VA",Expanded Medicaid in 2019,Metro,404,2629,15.40,39.80,16.3158291180679889,20.2032109192666022,1838,3143,41,133
51035,Carroll County,VA,Virginia,"Carroll County, VA",Expanded Medicaid in 2019,Remote rural,565,3710,15.20,36.50,16.3158291180679889,20.2032109192666022,1863,3143,43,133
51036,Charles City County,VA,Virginia,"Charles City County, VA",Expanded Medicaid in 2019,Metro,71,574,12.40,39.80,16.3158291180679889,20.2032109192666022,2449,3143,96,133
51037,Charlotte County,VA,Virginia,"Charlotte County, VA",Expanded Medicaid in 2019,"Rural, near a metro",201,1548,13.00,34.10,16.3158291180679889,20.2032109192666022,2325,3143,83,133
51041,Chesterfield County,VA,Virginia,"Chesterfield County, VA",Expanded Medicaid in 2019,Metro,3867,21711,17.80,42.90,16.3158291180679889,20.2032109192666022,1561,3143,21,133
51043,Clarke County,VA,Virginia,"Clarke County, VA",Expanded Medicaid in 2019,Metro,140,805,17.40,38.90,16.3158291180679889,20.2032109192666022,1597,3143,24,133
51045,Craig County,VA,Virginia,"Craig County, VA",Expanded Medicaid in 2019,Metro,65,461,14.10,36.60,16.3158291180679889,20.2032109192666022,2076,3143,62,133
51047,Culpeper County,VA,Virginia,"Culpeper County, VA",Expanded Medicaid in 2019,Metro,859,4081,21.00,43.40,16.3158291180679889,20.2032109192666022,1187,3143,9,133
51049,Cumberland County,VA,Virginia,"Cumberland County, VA",Expanded Medicaid in 2019,"Rural, near a metro",134,1112,12.10,34.70,16.3158291180679889,20.2032109192666022,2521,3143,104,133
51051,Dickenson County,VA,Virginia,"Dickenson County, VA",Expanded Medicaid in 2019,Remote rural,245,1927,12.70,28.70,16.3158291180679889,20.2032109192666022,2387,3143,91,133
51053,Dinwiddie County,VA,Virginia,"Dinwiddie County, VA",Expanded Medicaid in 2019,Metro,358,2620,13.70,34.50,16.3158291180679889,20.2032109192666022,2176,3143,70,133
51057,Essex County,VA,Virginia,"Essex County, VA",Expanded Medicaid in 2019,"Rural, near a metro",173,1284,13.50,34.70,16.3158291180679889,20.2032109192666022,2220,3143,76,133
51059,Fairfax County,VA,Virginia,"Fairfax County, VA",Expanded Medicaid in 2019,Metro,14254,53428,26.70,52.10,16.3158291180679889,20.2032109192666022,556,3143,2,133
51061,Fauquier County,VA,Virginia,"Fauquier County, VA",Expanded Medicaid in 2019,Metro,761,3293,23.10,44.20,16.3158291180679889,20.2032109192666022,929,3143,6,133
51063,Floyd County,VA,Virginia,"Floyd County, VA",Expanded Medicaid in 2019,Metro,216,1579,13.70,37.80,16.3158291180679889,20.2032109192666022,2176,3143,70,133
51065,Fluvanna County,VA,Virginia,"Fluvanna County, VA",Expanded Medicaid in 2019,Metro,236,1669,14.10,42.80,16.3158291180679889,20.2032109192666022,2076,3143,62,133
51067,Franklin County,VA,Virginia,"Franklin County, VA",Expanded Medicaid in 2019,Metro,729,5214,14.00,38.10,16.3158291180679889,20.2032109192666022,2103,3143,65,133
51069,Frederick County,VA,Virginia,"Frederick County, VA",Expanded Medicaid in 2019,Metro,1078,5407,19.90,45.10,16.3158291180679889,20.2032109192666022,1321,3143,12,133
51071,Giles County,VA,Virginia,"Giles County, VA",Expanded Medicaid in 2019,Metro,234,1687,13.90,33.40,16.3158291180679889,20.2032109192666022,2127,3143,66,133
51073,Gloucester County,VA,Virginia,"Gloucester County, VA",Expanded Medicaid in 2019,Metro,381,2796,13.60,38.10,16.3158291180679889,20.2032109192666022,2201,3143,75,133
51075,Goochland County,VA,Virginia,"Goochland County, VA",Expanded Medicaid in 2019,Metro,122,950,12.80,40.50,16.3158291180679889,20.2032109192666022,2369,3143,88,133
51077,Grayson County,VA,Virginia,"Grayson County, VA",Expanded Medicaid in 2019,Remote rural,285,1988,14.30,33.80,16.3158291180679889,20.2032109192666022,2031,3143,58,133
51079,Greene County,VA,Virginia,"Greene County, VA",Expanded Medicaid in 2019,Metro,281,1642,17.10,43.90,16.3158291180679889,20.2032109192666022,1633,3143,29,133
51081,Greensville County,VA,Virginia,"Greensville County, VA",Expanded Medicaid in 2019,"Rural, near a metro",129,1186,10.90,29.80,16.3158291180679889,20.2032109192666022,2826,3143,125,133
51083,Halifax County,VA,Virginia,"Halifax County, VA",Expanded Medicaid in 2019,"Rural, near a metro",491,4116,11.90,32.30,16.3158291180679889,20.2032109192666022,2586,3143,112,133
51085,Hanover County,VA,Virginia,"Hanover County, VA",Expanded Medicaid in 2019,Metro,726,4898,14.80,39.90,16.3158291180679889,20.2032109192666022,1923,3143,50,133
51087,Henrico County,VA,Virginia,"Henrico County, VA",Expanded Medicaid in 2019,Metro,4307,23128,18.60,40.70,16.3158291180679889,20.2032109192666022,1458,3143,16,133
51089,Henry County,VA,Virginia,"Henry County, VA",Expanded Medicaid in 2019,"Rural, near a metro",779,6622,11.80,36.00,16.3158291180679889,20.2032109192666022,2605,3143,114,133
51091,Highland County,VA,Virginia,"Highland County, VA",Expanded Medicaid in 2019,"Rural, near a metro",31,249,12.40,46.10,16.3158291180679889,20.2032109192666022,2449,3143,96,133
51093,Isle of Wight County,VA,Virginia,"Isle of Wight County, VA",Expanded Medicaid in 2019,Metro,391,2587,15.10,36.30,16.3158291180679889,20.2032109192666022,1877,3143,46,133
51095,James City County,VA,Virginia,"James City County, VA",Expanded Medicaid in 2019,Metro,609,3820,15.90,43.70,16.3158291180679889,20.2032109192666022,1769,3143,37,133
51097,King and Queen County,VA,Virginia,"King and Queen County, VA",Expanded Medicaid in 2019,"Rural, near a metro",98,685,14.30,40.60,16.3158291180679889,20.2032109192666022,2031,3143,58,133
51099,King George County,VA,Virginia,"King George County, VA",Expanded Medicaid in 2019,"Rural, near a metro",252,1823,13.80,37.10,16.3158291180679889,20.2032109192666022,2156,3143,67,133
51101,King William County,VA,Virginia,"King William County, VA",Expanded Medicaid in 2019,Metro,174,1311,13.30,40.00,16.3158291180679889,20.2032109192666022,2263,3143,80,133
51103,Lancaster County,VA,Virginia,"Lancaster County, VA",Expanded Medicaid in 2019,Remote rural,129,895,14.40,34.40,16.3158291180679889,20.2032109192666022,2007,3143,55,133
51105,Lee County,VA,Virginia,"Lee County, VA",Expanded Medicaid in 2019,"Rural, near a metro",414,3433,12.10,27.10,16.3158291180679889,20.2032109192666022,2521,3143,104,133
51107,Loudoun County,VA,Virginia,"Loudoun County, VA",Expanded Medicaid in 2019,Metro,2893,13117,22.10,52.20,16.3158291180679889,20.2032109192666022,1048,3143,8,133
51109,Louisa County,VA,Virginia,"Louisa County, VA",Expanded Medicaid in 2019,"Rural, near a metro",573,3377,17.00,43.40,16.3158291180679889,20.2032109192666022,1645,3143,30,133
51111,Lunenburg County,VA,Virginia,"Lunenburg County, VA",Expanded Medicaid in 2019,Remote rural,225,1396,16.10,35.80,16.3158291180679889,20.2032109192666022,1742,3143,34,133
51113,Madison County,VA,Virginia,"Madison County, VA",Expanded Medicaid in 2019,"Rural, near a metro",234,1202,19.50,39.90,16.3158291180679889,20.2032109192666022,1364,3143,13,133
51115,Mathews County,VA,Virginia,"Mathews County, VA",Expanded Medicaid in 2019,Metro,84,584,14.40,40.40,16.3158291180679889,20.2032109192666022,2007,3143,55,133
51117,Mecklenburg County,VA,Virginia,"Mecklenburg County, VA",Expanded Medicaid in 2019,Remote rural,506,3461,14.60,34.80,16.3158291180679889,20.2032109192666022,1960,3143,53,133
51119,Middlesex County,VA,Virginia,"Middlesex County, VA",Expanded Medicaid in 2019,"Rural, near a metro",139,847,16.40,37.80,16.3158291180679889,20.2032109192666022,1709,3143,33,133
51121,Montgomery County,VA,Virginia,"Montgomery County, VA",Expanded Medicaid in 2019,Metro,2053,16380,12.50,28.40,16.3158291180679889,20.2032109192666022,2428,3143,93,133
51125,Nelson County,VA,Virginia,"Nelson County, VA",Expanded Medicaid in 2019,Metro,200,1279,15.60,37.30,16.3158291180679889,20.2032109192666022,1805,3143,39,133
51127,New Kent County,VA,Virginia,"New Kent County, VA",Expanded Medicaid in 2019,Metro,185,1062,17.40,44.30,16.3158291180679889,20.2032109192666022,1597,3143,24,133
51131,Northampton County,VA,Virginia,"Northampton County, VA",Expanded Medicaid in 2019,"Rural, near a metro",200,1308,15.30,39.30,16.3158291180679889,20.2032109192666022,1851,3143,42,133
51133,Northumberland County,VA,Virginia,"Northumberland County, VA",Expanded Medicaid in 2019,Remote rural,141,928,15.20,40.90,16.3158291180679889,20.2032109192666022,1863,3143,43,133
51135,Nottoway County,VA,Virginia,"Nottoway County, VA",Expanded Medicaid in 2019,"Rural, near a metro",270,2243,12.00,33.10,16.3158291180679889,20.2032109192666022,2555,3143,109,133
51137,Orange County,VA,Virginia,"Orange County, VA",Expanded Medicaid in 2019,"Rural, near a metro",477,2985,16.00,41.60,16.3158291180679889,20.2032109192666022,1759,3143,35,133
51139,Page County,VA,Virginia,"Page County, VA",Expanded Medicaid in 2019,"Rural, near a metro",360,2625,13.70,34.00,16.3158291180679889,20.2032109192666022,2176,3143,70,133
51141,Patrick County,VA,Virginia,"Patrick County, VA",Expanded Medicaid in 2019,"Rural, near a metro",242,1929,12.50,34.10,16.3158291180679889,20.2032109192666022,2428,3143,93,133
51143,Pittsylvania County,VA,Virginia,"Pittsylvania County, VA",Expanded Medicaid in 2019,"Rural, near a metro",883,6936,12.70,33.20,16.3158291180679889,20.2032109192666022,2387,3143,91,133
51145,Powhatan County,VA,Virginia,"Powhatan County, VA",Expanded Medicaid in 2019,Metro,211,1218,17.30,43.60,16.3158291180679889,20.2032109192666022,1608,3143,27,133
51147,Prince Edward County,VA,Virginia,"Prince Edward County, VA",Expanded Medicaid in 2019,"Rural, near a metro",328,2696,12.20,29.30,16.3158291180679889,20.2032109192666022,2494,3143,102,133
51149,Prince George County,VA,Virginia,"Prince George County, VA",Expanded Medicaid in 2019,Metro,367,3041,12.10,36.10,16.3158291180679889,20.2032109192666022,2521,3143,104,133
51153,Prince William County,VA,Virginia,"Prince William County, VA",Expanded Medicaid in 2019,Metro,6427,25920,24.80,53.20,16.3158291180679889,20.2032109192666022,736,3143,4,133
51155,Pulaski County,VA,Virginia,"Pulaski County, VA",Expanded Medicaid in 2019,Metro,414,3517,11.80,32.70,16.3158291180679889,20.2032109192666022,2605,3143,114,133
51157,Rappahannock County,VA,Virginia,"Rappahannock County, VA",Expanded Medicaid in 2019,Metro,105,502,20.90,45.70,16.3158291180679889,20.2032109192666022,1200,3143,10,133
51159,Richmond County,VA,Virginia,"Richmond County, VA",Expanded Medicaid in 2019,Remote rural,142,898,15.80,41.10,16.3158291180679889,20.2032109192666022,1787,3143,38,133
51161,Roanoke County,VA,Virginia,"Roanoke County, VA",Expanded Medicaid in 2019,Metro,846,6177,13.70,38.80,16.3158291180679889,20.2032109192666022,2176,3143,70,133
51163,Rockbridge County,VA,Virginia,"Rockbridge County, VA",Expanded Medicaid in 2019,"Rural, near a metro",264,2065,12.80,36.30,16.3158291180679889,20.2032109192666022,2369,3143,88,133
51165,Rockingham County,VA,Virginia,"Rockingham County, VA",Expanded Medicaid in 2019,Metro,1155,6493,17.80,40.90,16.3158291180679889,20.2032109192666022,1561,3143,21,133
51167,Russell County,VA,Virginia,"Russell County, VA",Expanded Medicaid in 2019,Remote rural,470,3681,12.80,30.60,16.3158291180679889,20.2032109192666022,2369,3143,88,133
51169,Scott County,VA,Virginia,"Scott County, VA",Expanded Medicaid in 2019,Metro,333,2758,12.10,30.40,16.3158291180679889,20.2032109192666022,2521,3143,104,133
51171,Shenandoah County,VA,Virginia,"Shenandoah County, VA",Expanded Medicaid in 2019,"Rural, near a metro",717,4147,17.30,38.60,16.3158291180679889,20.2032109192666022,1608,3143,27,133
51173,Smyth County,VA,Virginia,"Smyth County, VA",Expanded Medicaid in 2019,Remote rural,517,4287,12.10,30.20,16.3158291180679889,20.2032109192666022,2521,3143,104,133
51175,Southampton County,VA,Virginia,"Southampton County, VA",Expanded Medicaid in 2019,"Rural, near a metro",186,1619,11.50,33.90,16.3158291180679889,20.2032109192666022,2684,3143,121,133
51177,Spotsylvania County,VA,Virginia,"Spotsylvania County, VA",Expanded Medicaid in 2019,Metro,1701,9038,18.80,45.70,16.3158291180679889,20.2032109192666022,1441,3143,15,133
51179,Stafford County,VA,Virginia,"Stafford County, VA",Expanded Medicaid in 2019,Metro,1534,7661,20.00,44.00,16.3158291180679889,20.2032109192666022,1308,3143,11,133
51181,Surry County,VA,Virginia,"Surry County, VA",Expanded Medicaid in 2019,"Rural, near a metro",77,624,12.30,35.40,16.3158291180679889,20.2032109192666022,2477,3143,100,133
51183,Sussex County,VA,Virginia,"Sussex County, VA",Expanded Medicaid in 2019,Metro,134,1288,10.40,30.90,16.3158291180679889,20.2032109192666022,2904,3143,128,133
51185,Tazewell County,VA,Virginia,"Tazewell County, VA",Expanded Medicaid in 2019,Remote rural,622,5013,12.40,33.10,16.3158291180679889,20.2032109192666022,2449,3143,96,133
51187,Warren County,VA,Virginia,"Warren County, VA",Expanded Medicaid in 2019,Metro,598,3341,17.90,40.40,16.3158291180679889,20.2032109192666022,1535,3143,19,133
51191,Washington County,VA,Virginia,"Washington County, VA",Expanded Medicaid in 2019,Metro,695,5201,13.40,33.70,16.3158291180679889,20.2032109192666022,2249,3143,79,133
51193,Westmoreland County,VA,Virginia,"Westmoreland County, VA",Expanded Medicaid in 2019,"Rural, near a metro",347,1990,17.40,38.60,16.3158291180679889,20.2032109192666022,1597,3143,24,133
51195,Wise County,VA,Virginia,"Wise County, VA",Expanded Medicaid in 2019,Remote rural,576,4958,11.60,28.90,16.3158291180679889,20.2032109192666022,2655,3143,119,133
51197,Wythe County,VA,Virginia,"Wythe County, VA",Expanded Medicaid in 2019,"Rural, near a metro",400,3327,12.00,33.60,16.3158291180679889,20.2032109192666022,2555,3143,109,133
51199,York County,VA,Virginia,"York County, VA",Expanded Medicaid in 2019,Metro,489,3576,13.70,39.60,16.3158291180679889,20.2032109192666022,2176,3143,70,133
51510,Alexandria city,VA,Virginia,"Alexandria city, VA",Expanded Medicaid in 2019,Metro,2463,10875,22.60,46.30,16.3158291180679889,20.2032109192666022,991,3143,7,133
51520,Bristol city,VA,Virginia,"Bristol city, VA",Expanded Medicaid in 2019,Metro,337,2820,12.00,27.00,16.3158291180679889,20.2032109192666022,2555,3143,109,133
51530,Buena Vista city,VA,Virginia,"Buena Vista city, VA",Expanded Medicaid in 2019,"Rural, near a metro",88,828,10.60,32.10,16.3158291180679889,20.2032109192666022,2881,3143,127,133
51540,Charlottesville city,VA,Virginia,"Charlottesville city, VA",Expanded Medicaid in 2019,Metro,837,6792,12.30,29.50,16.3158291180679889,20.2032109192666022,2477,3143,100,133
51550,Chesapeake city,VA,Virginia,"Chesapeake city, VA",Expanded Medicaid in 2019,Metro,2335,17321,13.50,37.20,16.3158291180679889,20.2032109192666022,2220,3143,76,133
51570,Colonial Heights city,VA,Virginia,"Colonial Heights city, VA",Expanded Medicaid in 2019,Metro,249,1897,13.10,34.80,16.3158291180679889,20.2032109192666022,2304,3143,81,133
51580,Covington city,VA,Virginia,"Covington city, VA",Expanded Medicaid in 2019,"Rural, near a metro",82,744,11.00,31.00,16.3158291180679889,20.2032109192666022,2806,3143,123,133
51590,Danville city,VA,Virginia,"Danville city, VA",Expanded Medicaid in 2019,"Rural, near a metro",813,7384,11.00,26.40,16.3158291180679889,20.2032109192666022,2806,3143,123,133
51595,Emporia city,VA,Virginia,"Emporia city, VA",Expanded Medicaid in 2019,"Rural, near a metro",104,1060,9.80,26.00,16.3158291180679889,20.2032109192666022,3004,3143,131,133
51610,Falls Church city,VA,Virginia,"Falls Church city, VA",Expanded Medicaid in 2019,Metro,87,479,18.20,39.40,16.3158291180679889,20.2032109192666022,1498,3143,18,133
51620,Franklin city,VA,Virginia,"Franklin city, VA",Expanded Medicaid in 2019,"Rural, near a metro",125,1269,9.90,26.00,16.3158291180679889,20.2032109192666022,2990,3143,130,133
51630,Fredericksburg city,VA,Virginia,"Fredericksburg city, VA",Expanded Medicaid in 2019,Metro,581,3487,16.70,31.80,16.3158291180679889,20.2032109192666022,1680,3143,32,133
51640,Galax city,VA,Virginia,"Galax city, VA",Expanded Medicaid in 2019,Remote rural,169,1093,15.50,35.90,16.3158291180679889,20.2032109192666022,1820,3143,40,133
51650,Hampton city,VA,Virginia,"Hampton city, VA",Expanded Medicaid in 2019,Metro,1872,15329,12.20,31.80,16.3158291180679889,20.2032109192666022,2494,3143,102,133
51660,Harrisonburg city,VA,Virginia,"Harrisonburg city, VA",Expanded Medicaid in 2019,Metro,1928,10761,17.90,32.70,16.3158291180679889,20.2032109192666022,1535,3143,19,133
51670,Hopewell city,VA,Virginia,"Hopewell city, VA",Expanded Medicaid in 2019,Metro,419,3855,10.90,29.60,16.3158291180679889,20.2032109192666022,2826,3143,125,133
51678,Lexington city,VA,Virginia,"Lexington city, VA",Expanded Medicaid in 2019,"Rural, near a metro",57,480,11.90,36.90,16.3158291180679889,20.2032109192666022,2586,3143,112,133
51680,Lynchburg city,VA,Virginia,"Lynchburg city, VA",Expanded Medicaid in 2019,Metro,1227,10527,11.70,31.20,16.3158291180679889,20.2032109192666022,2631,3143,118,133
51683,Manassas city,VA,Virginia,"Manassas city, VA",Expanded Medicaid in 2019,Metro,884,3624,24.40,52.50,16.3158291180679889,20.2032109192666022,785,3143,5,133
51685,Manassas Park city,VA,Virginia,"Manassas Park city, VA",Expanded Medicaid in 2019,Metro,513,1816,28.20,55.90,16.3158291180679889,20.2032109192666022,455,3143,1,133
51690,Martinsville city,VA,Virginia,"Martinsville city, VA",Expanded Medicaid in 2019,"Rural, near a metro",293,2274,12.90,29.70,16.3158291180679889,20.2032109192666022,2351,3143,86,133
51700,Newport News city,VA,Virginia,"Newport News city, VA",Expanded Medicaid in 2019,Metro,2983,20989,14.20,34.10,16.3158291180679889,20.2032109192666022,2058,3143,61,133
51710,Norfolk city,VA,Virginia,"Norfolk city, VA",Expanded Medicaid in 2019,Metro,4232,28929,14.60,32.30,16.3158291180679889,20.2032109192666022,1960,3143,53,133
51720,Norton city,VA,Virginia,"Norton city, VA",Expanded Medicaid in 2019,Remote rural,54,627,8.60,25.10,16.3158291180679889,20.2032109192666022,3094,3143,133,133
51730,Petersburg city,VA,Virginia,"Petersburg city, VA",Expanded Medicaid in 2019,Metro,725,6484,11.20,26.70,16.3158291180679889,20.2032109192666022,2753,3143,122,133
51735,Poquoson city,VA,Virginia,"Poquoson city, VA",Expanded Medicaid in 2019,Metro,82,512,16.00,41.30,16.3158291180679889,20.2032109192666022,1759,3143,35,133
51740,Portsmouth city,VA,Virginia,"Portsmouth city, VA",Expanded Medicaid in 2019,Metro,1373,13197,10.40,30.40,16.3158291180679889,20.2032109192666022,2904,3143,128,133
51750,Radford city,VA,Virginia,"Radford city, VA",Expanded Medicaid in 2019,Metro,325,3392,9.60,27.50,16.3158291180679889,20.2032109192666022,3027,3143,132,133
51760,Richmond city,VA,Virginia,"Richmond city, VA",Expanded Medicaid in 2019,Metro,4757,32287,14.70,34.90,16.3158291180679889,20.2032109192666022,1946,3143,51,133
51770,Roanoke city,VA,Virginia,"Roanoke city, VA",Expanded Medicaid in 2019,Metro,2118,14123,15.00,33.50,16.3158291180679889,20.2032109192666022,1895,3143,49,133
51775,Salem city,VA,Virginia,"Salem city, VA",Expanded Medicaid in 2019,Metro,241,2073,11.60,35.10,16.3158291180679889,20.2032109192666022,2655,3143,119,133
51790,Staunton city,VA,Virginia,"Staunton city, VA",Expanded Medicaid in 2019,Metro,364,2693,13.50,30.10,16.3158291180679889,20.2032109192666022,2220,3143,76,133
51800,Suffolk city,VA,Virginia,"Suffolk city, VA",Expanded Medicaid in 2019,Metro,1166,7924,14.70,33.70,16.3158291180679889,20.2032109192666022,1946,3143,51,133
51810,Virginia Beach city,VA,Virginia,"Virginia Beach city, VA",Expanded Medicaid in 2019,Metro,4770,31404,15.20,38.30,16.3158291180679889,20.2032109192666022,1863,3143,43,133
51820,Waynesboro city,VA,Virginia,"Waynesboro city, VA",Expanded Medicaid in 2019,Metro,409,2840,14.40,34.30,16.3158291180679889,20.2032109192666022,2007,3143,55,133
51830,Williamsburg city,VA,Virginia,"Williamsburg city, VA",Expanded Medicaid in 2019,Metro,201,1410,14.30,33.00,16.3158291180679889,20.2032109192666022,2031,3143,58,133
51840,Winchester city,VA,Virginia,"Winchester city, VA",Expanded Medicaid in 2019,Metro,619,3473,17.80,38.90,16.3158291180679889,20.2032109192666022,1561,3143,21,133
53001,Adams County,WA,Washington,"Adams County, WA",Expanded Medicaid in 2014,"Rural, near a metro",709,2649,26.80,52.30,16.1220551253018379,20.2032109192666022,543,3143,1,39
53003,Asotin County,WA,Washington,"Asotin County, WA",Expanded Medicaid in 2014,Metro,307,2528,12.10,29.40,16.1220551253018379,20.2032109192666022,2521,3143,29,39
53005,Benton County,WA,Washington,"Benton County, WA",Expanded Medicaid in 2014,Metro,3308,17817,18.60,43.50,16.1220551253018379,20.2032109192666022,1458,3143,8,39
53007,Chelan County,WA,Washington,"Chelan County, WA",Expanded Medicaid in 2014,Metro,1406,7017,20.00,46.10,16.1220551253018379,20.2032109192666022,1308,3143,7,39
53009,Clallam County,WA,Washington,"Clallam County, WA",Expanded Medicaid in 2014,Remote rural,790,6940,11.40,35.40,16.1220551253018379,20.2032109192666022,2715,3143,36,39
53011,Clark County,WA,Washington,"Clark County, WA",Expanded Medicaid in 2014,Metro,7111,38413,18.50,38.30,16.1220551253018379,20.2032109192666022,1470,3143,9,39
53013,Columbia County,WA,Washington,"Columbia County, WA",Expanded Medicaid in 2014,Metro,56,405,13.80,36.50,16.1220551253018379,20.2032109192666022,2156,3143,26,39
53015,Cowlitz County,WA,Washington,"Cowlitz County, WA",Expanded Medicaid in 2014,Metro,1463,11401,12.80,36.10,16.1220551253018379,20.2032109192666022,2369,3143,27,39
53017,Douglas County,WA,Washington,"Douglas County, WA",Expanded Medicaid in 2014,Metro,1071,4091,26.20,51.60,16.1220551253018379,20.2032109192666022,605,3143,2,39
53019,Ferry County,WA,Washington,"Ferry County, WA",Expanded Medicaid in 2014,Remote rural,110,1063,10.30,37.80,16.1220551253018379,20.2032109192666022,2929,3143,39,39
53021,Franklin County,WA,Washington,"Franklin County, WA",Expanded Medicaid in 2014,Metro,2617,10486,25.00,51.20,16.1220551253018379,20.2032109192666022,711,3143,3,39
53023,Garfield County,WA,Washington,"Garfield County, WA",Expanded Medicaid in 2014,"Rural, near a metro",34,237,14.30,34.10,16.1220551253018379,20.2032109192666022,2031,3143,21,39
53025,Grant County,WA,Washington,"Grant County, WA",Expanded Medicaid in 2014,Remote rural,2863,12365,23.20,47.70,16.1220551253018379,20.2032109192666022,915,3143,5,39
53027,Grays Harbor County,WA,Washington,"Grays Harbor County, WA",Expanded Medicaid in 2014,"Rural, near a metro",1366,8621,15.80,41.40,16.1220551253018379,20.2032109192666022,1787,3143,18,39
53029,Island County,WA,Washington,"Island County, WA",Expanded Medicaid in 2014,"Rural, near a metro",778,5574,14.00,34.50,16.1220551253018379,20.2032109192666022,2103,3143,23,39
53031,Jefferson County,WA,Washington,"Jefferson County, WA",Expanded Medicaid in 2014,"Rural, near a metro",318,2597,12.20,38.40,16.1220551253018379,20.2032109192666022,2494,3143,28,39
53033,King County,WA,Washington,"King County, WA",Expanded Medicaid in 2014,Metro,25320,153293,16.50,39.50,16.1220551253018379,20.2032109192666022,1702,3143,14,39
53035,Kitsap County,WA,Washington,"Kitsap County, WA",Expanded Medicaid in 2014,Metro,2237,18487,12.10,35.10,16.1220551253018379,20.2032109192666022,2521,3143,29,39
53037,Kittitas County,WA,Washington,"Kittitas County, WA",Expanded Medicaid in 2014,"Rural, near a metro",685,5684,12.10,36.40,16.1220551253018379,20.2032109192666022,2521,3143,29,39
53039,Klickitat County,WA,Washington,"Klickitat County, WA",Expanded Medicaid in 2014,"Rural, near a metro",462,2520,18.30,39.30,16.1220551253018379,20.2032109192666022,1489,3143,10,39
53041,Lewis County,WA,Washington,"Lewis County, WA",Expanded Medicaid in 2014,"Rural, near a metro",1431,9492,15.10,37.30,16.1220551253018379,20.2032109192666022,1877,3143,20,39
53043,Lincoln County,WA,Washington,"Lincoln County, WA",Expanded Medicaid in 2014,"Rural, near a metro",121,1024,11.80,34.80,16.1220551253018379,20.2032109192666022,2605,3143,34,39
53045,Mason County,WA,Washington,"Mason County, WA",Expanded Medicaid in 2014,"Rural, near a metro",970,5996,16.20,43.00,16.1220551253018379,20.2032109192666022,1735,3143,15,39
53047,Okanogan County,WA,Washington,"Okanogan County, WA",Expanded Medicaid in 2014,"Rural, near a metro",1414,5910,23.90,46.80,16.1220551253018379,20.2032109192666022,843,3143,4,39
53049,Pacific County,WA,Washington,"Pacific County, WA",Expanded Medicaid in 2014,Remote rural,349,2452,14.20,37.70,16.1220551253018379,20.2032109192666022,2058,3143,22,39
53051,Pend Oreille County,WA,Washington,"Pend Oreille County, WA",Expanded Medicaid in 2014,Metro,188,1656,11.40,32.90,16.1220551253018379,20.2032109192666022,2715,3143,36,39
53053,Pierce County,WA,Washington,"Pierce County, WA",Expanded Medicaid in 2014,Metro,10871,71237,15.30,34.40,16.1220551253018379,20.2032109192666022,1851,3143,19,39
53055,San Juan County,WA,Washington,"San Juan County, WA",Expanded Medicaid in 2014,Remote rural,223,1405,15.90,45.50,16.1220551253018379,20.2032109192666022,1769,3143,16,39
53057,Skagit County,WA,Washington,"Skagit County, WA",Expanded Medicaid in 2014,Metro,1839,10393,17.70,41.50,16.1220551253018379,20.2032109192666022,1569,3143,12,39
53059,Skamania County,WA,Washington,"Skamania County, WA",Expanded Medicaid in 2014,Metro,142,1012,14.00,37.90,16.1220551253018379,20.2032109192666022,2103,3143,23,39
53061,Snohomish County,WA,Washington,"Snohomish County, WA",Expanded Medicaid in 2014,Metro,9704,54444,17.80,40.10,16.1220551253018379,20.2032109192666022,1561,3143,11,39
53063,Spokane County,WA,Washington,"Spokane County, WA",Expanded Medicaid in 2014,Metro,6396,58942,10.90,35.60,16.1220551253018379,20.2032109192666022,2826,3143,38,39
53065,Stevens County,WA,Washington,"Stevens County, WA",Expanded Medicaid in 2014,Metro,607,5160,11.80,37.30,16.1220551253018379,20.2032109192666022,2605,3143,34,39
53067,Thurston County,WA,Washington,"Thurston County, WA",Expanded Medicaid in 2014,Metro,2985,24680,12.10,33.70,16.1220551253018379,20.2032109192666022,2521,3143,29,39
53069,Wahkiakum County,WA,Washington,"Wahkiakum County, WA",Expanded Medicaid in 2014,"Rural, near a metro",71,446,15.90,40.20,16.1220551253018379,20.2032109192666022,1769,3143,16,39
53071,Walla Walla County,WA,Washington,"Walla Walla County, WA",Expanded Medicaid in 2014,Metro,945,5709,16.60,40.60,16.1220551253018379,20.2032109192666022,1693,3143,13,39
53073,Whatcom County,WA,Washington,"Whatcom County, WA",Expanded Medicaid in 2014,Metro,2994,25249,11.90,37.50,16.1220551253018379,20.2032109192666022,2586,3143,33,39
53075,Whitman County,WA,Washington,"Whitman County, WA",Expanded Medicaid in 2014,"Rural, near a metro",1373,9787,14.00,27.20,16.1220551253018379,20.2032109192666022,2103,3143,23,39
53077,Yakima County,WA,Washington,"Yakima County, WA",Expanded Medicaid in 2014,Metro,7453,32234,23.10,52.50,16.1220551253018379,20.2032109192666022,929,3143,6,39
54001,Barbour County,WV,West Virginia,"Barbour County, WV",Expanded Medicaid in 2014,"Rural, near a metro",330,2294,14.40,39.60,14.4865520451653129,20.2032109192666022,2007,3143,31,55
54003,Berkeley County,WV,West Virginia,"Berkeley County, WV",Expanded Medicaid in 2014,Metro,2082,12649,16.50,41.70,14.4865520451653129,20.2032109192666022,1702,3143,8,55
54005,Boone County,WV,West Virginia,"Boone County, WV",Expanded Medicaid in 2014,Metro,384,3053,12.60,36.00,14.4865520451653129,20.2032109192666022,2410,3143,55,55
54007,Braxton County,WV,West Virginia,"Braxton County, WV",Expanded Medicaid in 2014,"Rural, near a metro",255,1783,14.30,38.80,14.4865520451653129,20.2032109192666022,2031,3143,32,55
54009,Brooke County,WV,West Virginia,"Brooke County, WV",Expanded Medicaid in 2014,Metro,336,2376,14.10,37.30,14.4865520451653129,20.2032109192666022,2076,3143,37,55
54011,Cabell County,WV,West Virginia,"Cabell County, WV",Expanded Medicaid in 2014,Metro,2092,15427,13.60,37.10,14.4865520451653129,20.2032109192666022,2201,3143,43,55
54013,Calhoun County,WV,West Virginia,"Calhoun County, WV",Expanded Medicaid in 2014,"Rural, near a metro",149,1062,14.00,39.80,14.4865520451653129,20.2032109192666022,2103,3143,39,55
54015,Clay County,WV,West Virginia,"Clay County, WV",Expanded Medicaid in 2014,Metro,179,1328,13.50,37.20,14.4865520451653129,20.2032109192666022,2220,3143,44,55
54017,Doddridge County,WV,West Virginia,"Doddridge County, WV",Expanded Medicaid in 2014,Remote rural,136,837,16.20,40.10,14.4865520451653129,20.2032109192666022,1735,3143,13,55
54019,Fayette County,WV,West Virginia,"Fayette County, WV",Expanded Medicaid in 2014,Metro,803,5525,14.50,39.60,14.4865520451653129,20.2032109192666022,1985,3143,29,55
54021,Gilmer County,WV,West Virginia,"Gilmer County, WV",Expanded Medicaid in 2014,Remote rural,137,955,14.30,39.70,14.4865520451653129,20.2032109192666022,2031,3143,32,55
54023,Grant County,WV,West Virginia,"Grant County, WV",Expanded Medicaid in 2014,Remote rural,218,1419,15.40,42.50,14.4865520451653129,20.2032109192666022,1838,3143,17,55
54025,Greenbrier County,WV,West Virginia,"Greenbrier County, WV",Expanded Medicaid in 2014,"Rural, near a metro",636,4719,13.50,40.80,14.4865520451653129,20.2032109192666022,2220,3143,44,55
54027,Hampshire County,WV,West Virginia,"Hampshire County, WV",Expanded Medicaid in 2014,Metro,459,2963,15.50,45.20,14.4865520451653129,20.2032109192666022,1820,3143,16,55
54029,Hancock County,WV,West Virginia,"Hancock County, WV",Expanded Medicaid in 2014,Metro,445,3327,13.40,38.60,14.4865520451653129,20.2032109192666022,2249,3143,48,55
54031,Hardy County,WV,West Virginia,"Hardy County, WV",Expanded Medicaid in 2014,"Rural, near a metro",322,2012,16.00,42.10,14.4865520451653129,20.2032109192666022,1759,3143,14,55
54033,Harrison County,WV,West Virginia,"Harrison County, WV",Expanded Medicaid in 2014,Remote rural,1297,7915,16.40,39.20,14.4865520451653129,20.2032109192666022,1709,3143,9,55
54035,Jackson County,WV,West Virginia,"Jackson County, WV",Expanded Medicaid in 2014,"Rural, near a metro",530,3649,14.50,39.20,14.4865520451653129,20.2032109192666022,1985,3143,29,55
54037,Jefferson County,WV,West Virginia,"Jefferson County, WV",Expanded Medicaid in 2014,Metro,849,4483,18.90,46.20,14.4865520451653129,20.2032109192666022,1423,3143,1,55
54039,Kanawha County,WV,West Virginia,"Kanawha County, WV",Expanded Medicaid in 2014,Metro,2884,22705,12.70,36.50,14.4865520451653129,20.2032109192666022,2387,3143,52,55
54041,Lewis County,WV,West Virginia,"Lewis County, WV",Expanded Medicaid in 2014,Remote rural,312,2261,13.80,37.40,14.4865520451653129,20.2032109192666022,2156,3143,40,55
54043,Lincoln County,WV,West Virginia,"Lincoln County, WV",Expanded Medicaid in 2014,Metro,460,3083,14.90,37.50,14.4865520451653129,20.2032109192666022,1907,3143,22,55
54045,Logan County,WV,West Virginia,"Logan County, WV",Expanded Medicaid in 2014,"Rural, near a metro",789,5305,14.90,35.40,14.4865520451653129,20.2032109192666022,1907,3143,22,55
54047,McDowell County,WV,West Virginia,"McDowell County, WV",Expanded Medicaid in 2014,Remote rural,442,3087,14.30,36.70,14.4865520451653129,20.2032109192666022,2031,3143,32,55
54049,Marion County,WV,West Virginia,"Marion County, WV",Expanded Medicaid in 2014,"Rural, near a metro",879,6927,12.70,38.60,14.4865520451653129,20.2032109192666022,2387,3143,52,55
54051,Marshall County,WV,West Virginia,"Marshall County, WV",Expanded Medicaid in 2014,Metro,415,3080,13.50,40.80,14.4865520451653129,20.2032109192666022,2220,3143,44,55
54053,Mason County,WV,West Virginia,"Mason County, WV",Expanded Medicaid in 2014,"Rural, near a metro",453,3059,14.80,32.90,14.4865520451653129,20.2032109192666022,1923,3143,24,55
54055,Mercer County,WV,West Virginia,"Mercer County, WV",Expanded Medicaid in 2014,"Rural, near a metro",1149,8975,12.80,36.80,14.4865520451653129,20.2032109192666022,2369,3143,51,55
54057,Mineral County,WV,West Virginia,"Mineral County, WV",Expanded Medicaid in 2014,Metro,372,2801,13.30,39.90,14.4865520451653129,20.2032109192666022,2263,3143,49,55
54059,Mingo County,WV,West Virginia,"Mingo County, WV",Expanded Medicaid in 2014,Remote rural,628,4547,13.80,35.00,14.4865520451653129,20.2032109192666022,2156,3143,40,55
54061,Monongalia County,WV,West Virginia,"Monongalia County, WV",Expanded Medicaid in 2014,Metro,2399,17492,13.70,34.00,14.4865520451653129,20.2032109192666022,2176,3143,42,55
54063,Monroe County,WV,West Virginia,"Monroe County, WV",Expanded Medicaid in 2014,"Rural, near a metro",273,1593,17.10,45.40,14.4865520451653129,20.2032109192666022,1633,3143,3,55
54065,Morgan County,WV,West Virginia,"Morgan County, WV",Expanded Medicaid in 2014,"Rural, near a metro",301,1850,16.30,45.30,14.4865520451653129,20.2032109192666022,1722,3143,10,55
54067,Nicholas County,WV,West Virginia,"Nicholas County, WV",Expanded Medicaid in 2014,"Rural, near a metro",513,3510,14.60,40.60,14.4865520451653129,20.2032109192666022,1960,3143,27,55
54069,Ohio County,WV,West Virginia,"Ohio County, WV",Expanded Medicaid in 2014,Metro,694,4908,14.10,37.80,14.4865520451653129,20.2032109192666022,2076,3143,37,55
54071,Pendleton County,WV,West Virginia,"Pendleton County, WV",Expanded Medicaid in 2014,"Rural, near a metro",123,756,16.30,43.10,14.4865520451653129,20.2032109192666022,1722,3143,10,55
54073,Pleasants County,WV,West Virginia,"Pleasants County, WV",Expanded Medicaid in 2014,"Rural, near a metro",110,746,14.70,39.60,14.4865520451653129,20.2032109192666022,1946,3143,26,55
54075,Pocahontas County,WV,West Virginia,"Pocahontas County, WV",Expanded Medicaid in 2014,Remote rural,179,1095,16.30,43.50,14.4865520451653129,20.2032109192666022,1722,3143,10,55
54077,Preston County,WV,West Virginia,"Preston County, WV",Expanded Medicaid in 2014,Metro,617,3588,17.20,42.70,14.4865520451653129,20.2032109192666022,1618,3143,2,55
54079,Putnam County,WV,West Virginia,"Putnam County, WV",Expanded Medicaid in 2014,Metro,827,4973,16.60,42.80,14.4865520451653129,20.2032109192666022,1693,3143,6,55
54081,Raleigh County,WV,West Virginia,"Raleigh County, WV",Expanded Medicaid in 2014,Metro,1439,10621,13.50,38.20,14.4865520451653129,20.2032109192666022,2220,3143,44,55
54083,Randolph County,WV,West Virginia,"Randolph County, WV",Expanded Medicaid in 2014,Remote rural,528,3497,15.10,39.10,14.4865520451653129,20.2032109192666022,1877,3143,21,55
54085,Ritchie County,WV,West Virginia,"Ritchie County, WV",Expanded Medicaid in 2014,"Rural, near a metro",171,1125,15.20,43.00,14.4865520451653129,20.2032109192666022,1863,3143,20,55
54087,Roane County,WV,West Virginia,"Roane County, WV",Expanded Medicaid in 2014,"Rural, near a metro",380,2295,16.60,37.00,14.4865520451653129,20.2032109192666022,1693,3143,6,55
54089,Summers County,WV,West Virginia,"Summers County, WV",Expanded Medicaid in 2014,"Rural, near a metro",248,1695,14.60,36.40,14.4865520451653129,20.2032109192666022,1960,3143,27,55
54091,Taylor County,WV,West Virginia,"Taylor County, WV",Expanded Medicaid in 2014,"Rural, near a metro",335,1957,17.10,40.70,14.4865520451653129,20.2032109192666022,1633,3143,3,55
54093,Tucker County,WV,West Virginia,"Tucker County, WV",Expanded Medicaid in 2014,"Rural, near a metro",114,770,14.80,43.00,14.4865520451653129,20.2032109192666022,1923,3143,24,55
54095,Tyler County,WV,West Virginia,"Tyler County, WV",Expanded Medicaid in 2014,Remote rural,141,894,15.80,44.60,14.4865520451653129,20.2032109192666022,1787,3143,15,55
54097,Upshur County,WV,West Virginia,"Upshur County, WV",Expanded Medicaid in 2014,Remote rural,469,3273,14.30,39.00,14.4865520451653129,20.2032109192666022,2031,3143,32,55
54099,Wayne County,WV,West Virginia,"Wayne County, WV",Expanded Medicaid in 2014,Metro,897,5878,15.30,38.50,14.4865520451653129,20.2032109192666022,1851,3143,19,55
54101,Webster County,WV,West Virginia,"Webster County, WV",Expanded Medicaid in 2014,Remote rural,179,1367,13.10,33.90,14.4865520451653129,20.2032109192666022,2304,3143,50,55
54103,Wetzel County,WV,West Virginia,"Wetzel County, WV",Expanded Medicaid in 2014,"Rural, near a metro",233,1839,12.70,40.30,14.4865520451653129,20.2032109192666022,2387,3143,52,55
54105,Wirt County,WV,West Virginia,"Wirt County, WV",Expanded Medicaid in 2014,Metro,100,697,14.30,41.10,14.4865520451653129,20.2032109192666022,2031,3143,32,55
54107,Wood County,WV,West Virginia,"Wood County, WV",Expanded Medicaid in 2014,Metro,1664,10791,15.40,36.40,14.4865520451653129,20.2032109192666022,1838,3143,17,55
54109,Wyoming County,WV,West Virginia,"Wyoming County, WV",Expanded Medicaid in 2014,"Rural, near a metro",566,3346,16.90,37.30,14.4865520451653129,20.2032109192666022,1650,3143,5,55
55001,Adams County,WI,Wisconsin,"Adams County, WI",Has not expanded Medicaid,"Rural, near a metro",232,2049,11.30,30.70,13.2158133980038266,20.2032109192666022,2732,3143,54,72
55003,Ashland County,WI,Wisconsin,"Ashland County, WI",Has not expanded Medicaid,Remote rural,156,1769,8.80,23.60,13.2158133980038266,20.2032109192666022,3089,3143,71,72
55005,Barron County,WI,Wisconsin,"Barron County, WI",Has not expanded Medicaid,"Rural, near a metro",539,4176,12.90,26.00,13.2158133980038266,20.2032109192666022,2351,3143,27,72
55007,Bayfield County,WI,Wisconsin,"Bayfield County, WI",Has not expanded Medicaid,"Rural, near a metro",142,1380,10.30,30.80,13.2158133980038266,20.2032109192666022,2929,3143,66,72
55009,Brown County,WI,Wisconsin,"Brown County, WI",Has not expanded Medicaid,Metro,2802,21280,13.20,28.00,13.2158133980038266,20.2032109192666022,2283,3143,22,72
55011,Buffalo County,WI,Wisconsin,"Buffalo County, WI",Has not expanded Medicaid,"Rural, near a metro",131,1076,12.20,28.10,13.2158133980038266,20.2032109192666022,2494,3143,39,72
55013,Burnett County,WI,Wisconsin,"Burnett County, WI",Has not expanded Medicaid,"Rural, near a metro",162,1503,10.80,30.20,13.2158133980038266,20.2032109192666022,2845,3143,61,72
55015,Calumet County,WI,Wisconsin,"Calumet County, WI",Has not expanded Medicaid,Metro,351,2578,13.60,28.80,13.2158133980038266,20.2032109192666022,2201,3143,18,72
55017,Chippewa County,WI,Wisconsin,"Chippewa County, WI",Has not expanded Medicaid,Metro,639,5150,12.40,27.80,13.2158133980038266,20.2032109192666022,2449,3143,32,72
55019,Clark County,WI,Wisconsin,"Clark County, WI",Has not expanded Medicaid,"Rural, near a metro",722,3068,23.50,37.90,13.2158133980038266,20.2032109192666022,885,3143,1,72
55021,Columbia County,WI,Wisconsin,"Columbia County, WI",Has not expanded Medicaid,Metro,504,3949,12.80,26.10,13.2158133980038266,20.2032109192666022,2369,3143,29,72
55023,Crawford County,WI,Wisconsin,"Crawford County, WI",Has not expanded Medicaid,Remote rural,181,1562,11.60,26.20,13.2158133980038266,20.2032109192666022,2655,3143,49,72
55025,Dane County,WI,Wisconsin,"Dane County, WI",Has not expanded Medicaid,Metro,5797,51819,11.20,24.20,13.2158133980038266,20.2032109192666022,2753,3143,55,72
55027,Dodge County,WI,Wisconsin,"Dodge County, WI",Has not expanded Medicaid,"Rural, near a metro",741,5954,12.40,26.30,13.2158133980038266,20.2032109192666022,2449,3143,32,72
55029,Door County,WI,Wisconsin,"Door County, WI",Has not expanded Medicaid,"Rural, near a metro",274,2025,13.50,28.70,13.2158133980038266,20.2032109192666022,2220,3143,20,72
55031,Douglas County,WI,Wisconsin,"Douglas County, WI",Has not expanded Medicaid,Metro,420,3965,10.60,23.50,13.2158133980038266,20.2032109192666022,2881,3143,62,72
55033,Dunn County,WI,Wisconsin,"Dunn County, WI",Has not expanded Medicaid,"Rural, near a metro",504,4522,11.10,23.00,13.2158133980038266,20.2032109192666022,2772,3143,57,72
55035,Eau Claire County,WI,Wisconsin,"Eau Claire County, WI",Has not expanded Medicaid,Metro,1272,10497,12.10,23.70,13.2158133980038266,20.2032109192666022,2521,3143,42,72
55037,Florence County,WI,Wisconsin,"Florence County, WI",Has not expanded Medicaid,Remote rural,50,377,13.30,33.80,13.2158133980038266,20.2032109192666022,2263,3143,21,72
55039,Fond du Lac County,WI,Wisconsin,"Fond du Lac County, WI",Has not expanded Medicaid,Metro,831,7167,11.60,26.40,13.2158133980038266,20.2032109192666022,2655,3143,49,72
55041,Forest County,WI,Wisconsin,"Forest County, WI",Has not expanded Medicaid,Remote rural,99,950,10.40,30.70,13.2158133980038266,20.2032109192666022,2904,3143,65,72
55043,Grant County,WI,Wisconsin,"Grant County, WI",Has not expanded Medicaid,"Rural, near a metro",787,5631,14.00,24.60,13.2158133980038266,20.2032109192666022,2103,3143,14,72
55045,Green County,WI,Wisconsin,"Green County, WI",Has not expanded Medicaid,Metro,273,2366,11.50,26.30,13.2158133980038266,20.2032109192666022,2684,3143,51,72
55047,Green Lake County,WI,Wisconsin,"Green Lake County, WI",Has not expanded Medicaid,"Rural, near a metro",246,1657,14.80,27.50,13.2158133980038266,20.2032109192666022,1923,3143,9,72
55049,Iowa County,WI,Wisconsin,"Iowa County, WI",Has not expanded Medicaid,Metro,188,1592,11.80,27.10,13.2158133980038266,20.2032109192666022,2605,3143,45,72
55051,Iron County,WI,Wisconsin,"Iron County, WI",Has not expanded Medicaid,Remote rural,60,541,11.10,30.60,13.2158133980038266,20.2032109192666022,2772,3143,57,72
55053,Jackson County,WI,Wisconsin,"Jackson County, WI",Has not expanded Medicaid,"Rural, near a metro",229,2038,11.20,29.90,13.2158133980038266,20.2032109192666022,2753,3143,55,72
55055,Jefferson County,WI,Wisconsin,"Jefferson County, WI",Has not expanded Medicaid,"Rural, near a metro",703,5579,12.60,28.80,13.2158133980038266,20.2032109192666022,2410,3143,30,72
55057,Juneau County,WI,Wisconsin,"Juneau County, WI",Has not expanded Medicaid,Remote rural,318,2756,11.50,28.20,13.2158133980038266,20.2032109192666022,2684,3143,51,72
55059,Kenosha County,WI,Wisconsin,"Kenosha County, WI",Has not expanded Medicaid,Metro,2052,14467,14.20,31.70,13.2158133980038266,20.2032109192666022,2058,3143,11,72
55061,Kewaunee County,WI,Wisconsin,"Kewaunee County, WI",Has not expanded Medicaid,Metro,166,1279,13.00,29.60,13.2158133980038266,20.2032109192666022,2325,3143,24,72
55063,La Crosse County,WI,Wisconsin,"La Crosse County, WI",Has not expanded Medicaid,Metro,1150,11620,9.90,23.40,13.2158133980038266,20.2032109192666022,2990,3143,68,72
55065,Lafayette County,WI,Wisconsin,"Lafayette County, WI",Has not expanded Medicaid,"Rural, near a metro",256,1492,17.20,33.40,13.2158133980038266,20.2032109192666022,1618,3143,4,72
55067,Langlade County,WI,Wisconsin,"Langlade County, WI",Has not expanded Medicaid,"Rural, near a metro",239,2021,11.80,27.60,13.2158133980038266,20.2032109192666022,2605,3143,45,72
55069,Lincoln County,WI,Wisconsin,"Lincoln County, WI",Has not expanded Medicaid,"Rural, near a metro",282,2290,12.30,27.10,13.2158133980038266,20.2032109192666022,2477,3143,35,72
55071,Manitowoc County,WI,Wisconsin,"Manitowoc County, WI",Has not expanded Medicaid,"Rural, near a metro",736,6059,12.10,24.00,13.2158133980038266,20.2032109192666022,2521,3143,42,72
55073,Marathon County,WI,Wisconsin,"Marathon County, WI",Has not expanded Medicaid,Metro,1373,9993,13.70,28.60,13.2158133980038266,20.2032109192666022,2176,3143,16,72
55075,Marinette County,WI,Wisconsin,"Marinette County, WI",Has not expanded Medicaid,"Rural, near a metro",379,3772,10.00,25.00,13.2158133980038266,20.2032109192666022,2980,3143,67,72
55077,Marquette County,WI,Wisconsin,"Marquette County, WI",Has not expanded Medicaid,"Rural, near a metro",171,1399,12.20,30.40,13.2158133980038266,20.2032109192666022,2494,3143,39,72
55078,Menominee County,WI,Wisconsin,"Menominee County, WI",Has not expanded Medicaid,"Rural, near a metro",29,541,5.40,30.90,13.2158133980038266,20.2032109192666022,3141,3143,72,72
55079,Milwaukee County,WI,Wisconsin,"Milwaukee County, WI",Has not expanded Medicaid,Metro,17729,115517,15.30,29.40,13.2158133980038266,20.2032109192666022,1851,3143,7,72
55081,Monroe County,WI,Wisconsin,"Monroe County, WI",Has not expanded Medicaid,"Rural, near a metro",642,4526,14.20,27.70,13.2158133980038266,20.2032109192666022,2058,3143,11,72
55083,Oconto County,WI,Wisconsin,"Oconto County, WI",Has not expanded Medicaid,Metro,334,2862,11.70,30.70,13.2158133980038266,20.2032109192666022,2631,3143,48,72
55085,Oneida County,WI,Wisconsin,"Oneida County, WI",Has not expanded Medicaid,Remote rural,322,2956,10.90,27.80,13.2158133980038266,20.2032109192666022,2826,3143,60,72
55087,Outagamie County,WI,Wisconsin,"Outagamie County, WI",Has not expanded Medicaid,Metro,1415,11417,12.40,29.50,13.2158133980038266,20.2032109192666022,2449,3143,32,72
55089,Ozaukee County,WI,Wisconsin,"Ozaukee County, WI",Has not expanded Medicaid,Metro,452,3476,13.00,27.80,13.2158133980038266,20.2032109192666022,2325,3143,24,72
55091,Pepin County,WI,Wisconsin,"Pepin County, WI",Has not expanded Medicaid,"Rural, near a metro",79,534,14.80,28.90,13.2158133980038266,20.2032109192666022,1923,3143,9,72
55093,Pierce County,WI,Wisconsin,"Pierce County, WI",Has not expanded Medicaid,Metro,299,2850,10.50,25.60,13.2158133980038266,20.2032109192666022,2897,3143,64,72
55095,Polk County,WI,Wisconsin,"Polk County, WI",Has not expanded Medicaid,"Rural, near a metro",430,3344,12.90,29.80,13.2158133980038266,20.2032109192666022,2351,3143,27,72
55097,Portage County,WI,Wisconsin,"Portage County, WI",Has not expanded Medicaid,"Rural, near a metro",878,6438,13.60,24.80,13.2158133980038266,20.2032109192666022,2201,3143,18,72
55099,Price County,WI,Wisconsin,"Price County, WI",Has not expanded Medicaid,Remote rural,166,1368,12.10,25.90,13.2158133980038266,20.2032109192666022,2521,3143,42,72
55101,Racine County,WI,Wisconsin,"Racine County, WI",Has not expanded Medicaid,Metro,2452,16364,15.00,30.00,13.2158133980038266,20.2032109192666022,1895,3143,8,72
55103,Richland County,WI,Wisconsin,"Richland County, WI",Has not expanded Medicaid,"Rural, near a metro",213,1641,13.00,26.60,13.2158133980038266,20.2032109192666022,2325,3143,24,72
55105,Rock County,WI,Wisconsin,"Rock County, WI",Has not expanded Medicaid,Metro,1609,13677,11.80,31.80,13.2158133980038266,20.2032109192666022,2605,3143,45,72
55107,Rusk County,WI,Wisconsin,"Rusk County, WI",Has not expanded Medicaid,"Rural, near a metro",183,1489,12.30,26.20,13.2158133980038266,20.2032109192666022,2477,3143,35,72
55109,St. Croix County,WI,Wisconsin,"St. Croix County, WI",Has not expanded Medicaid,Metro,612,4454,13.70,26.10,13.2158133980038266,20.2032109192666022,2176,3143,16,72
55111,Sauk County,WI,Wisconsin,"Sauk County, WI",Has not expanded Medicaid,"Rural, near a metro",629,5010,12.60,30.60,13.2158133980038266,20.2032109192666022,2410,3143,30,72
55113,Sawyer County,WI,Wisconsin,"Sawyer County, WI",Has not expanded Medicaid,Remote rural,202,1822,11.10,27.00,13.2158133980038266,20.2032109192666022,2772,3143,57,72
55115,Shawano County,WI,Wisconsin,"Shawano County, WI",Has not expanded Medicaid,"Rural, near a metro",364,3433,10.60,29.20,13.2158133980038266,20.2032109192666022,2881,3143,62,72
55117,Sheboygan County,WI,Wisconsin,"Sheboygan County, WI",Has not expanded Medicaid,Metro,1112,7906,14.10,29.10,13.2158133980038266,20.2032109192666022,2076,3143,13,72
55119,Taylor County,WI,Wisconsin,"Taylor County, WI",Has not expanded Medicaid,"Rural, near a metro",268,1614,16.60,30.60,13.2158133980038266,20.2032109192666022,1693,3143,5,72
55121,Trempealeau County,WI,Wisconsin,"Trempealeau County, WI",Has not expanded Medicaid,"Rural, near a metro",410,2374,17.30,29.30,13.2158133980038266,20.2032109192666022,1608,3143,3,72
55123,Vernon County,WI,Wisconsin,"Vernon County, WI",Has not expanded Medicaid,"Rural, near a metro",480,2686,17.90,31.70,13.2158133980038266,20.2032109192666022,1535,3143,2,72
55125,Vilas County,WI,Wisconsin,"Vilas County, WI",Has not expanded Medicaid,Remote rural,190,1978,9.60,32.60,13.2158133980038266,20.2032109192666022,3027,3143,70,72
55127,Walworth County,WI,Wisconsin,"Walworth County, WI",Has not expanded Medicaid,"Rural, near a metro",1383,8436,16.40,28.90,13.2158133980038266,20.2032109192666022,1709,3143,6,72
55129,Washburn County,WI,Wisconsin,"Washburn County, WI",Has not expanded Medicaid,Remote rural,197,1606,12.30,26.70,13.2158133980038266,20.2032109192666022,2477,3143,35,72
55131,Washington County,WI,Wisconsin,"Washington County, WI",Has not expanded Medicaid,Metro,708,6206,11.40,26.20,13.2158133980038266,20.2032109192666022,2715,3143,53,72
55133,Waukesha County,WI,Wisconsin,"Waukesha County, WI",Has not expanded Medicaid,Metro,1866,15225,12.30,29.50,13.2158133980038266,20.2032109192666022,2477,3143,35,72
55135,Waupaca County,WI,Wisconsin,"Waupaca County, WI",Has not expanded Medicaid,"Rural, near a metro",530,4004,13.20,28.70,13.2158133980038266,20.2032109192666022,2283,3143,22,72
55137,Waushara County,WI,Wisconsin,"Waushara County, WI",Has not expanded Medicaid,"Rural, near a metro",289,2071,14.00,32.10,13.2158133980038266,20.2032109192666022,2103,3143,14,72
55139,Winnebago County,WI,Wisconsin,"Winnebago County, WI",Has not expanded Medicaid,Metro,1804,14756,12.20,24.30,13.2158133980038266,20.2032109192666022,2494,3143,39,72
55141,Wood County,WI,Wisconsin,"Wood County, WI",Has not expanded Medicaid,"Rural, near a metro",634,6393,9.90,25.80,13.2158133980038266,20.2032109192666022,2990,3143,68,72
56001,Albany County,WY,Wyoming,"Albany County, WY",Has not expanded Medicaid,"Rural, near a metro",1735,6417,27.00,28.70,28.3290727399488729,20.2032109192666022,531,3143,17,23
56003,Big Horn County,WY,Wyoming,"Big Horn County, WY",Has not expanded Medicaid,Remote rural,411,1258,32.70,44.20,28.3290727399488729,20.2032109192666022,234,3143,5,23
56005,Campbell County,WY,Wyoming,"Campbell County, WY",Has not expanded Medicaid,Remote rural,1045,3605,29.00,42.10,28.3290727399488729,20.2032109192666022,402,3143,10,23
56007,Carbon County,WY,Wyoming,"Carbon County, WY",Has not expanded Medicaid,Remote rural,433,1252,34.60,44.60,28.3290727399488729,20.2032109192666022,181,3143,4,23
56009,Converse County,WY,Wyoming,"Converse County, WY",Has not expanded Medicaid,"Rural, near a metro",346,1142,30.30,37.70,28.3290727399488729,20.2032109192666022,336,3143,6,23
56011,Crook County,WY,Wyoming,"Crook County, WY",Has not expanded Medicaid,Remote rural,156,521,29.90,42.40,28.3290727399488729,20.2032109192666022,352,3143,8,23
56013,Fremont County,WY,Wyoming,"Fremont County, WY",Has not expanded Medicaid,Remote rural,936,4201,22.30,38.20,28.3290727399488729,20.2032109192666022,1020,3143,23,23
56015,Goshen County,WY,Wyoming,"Goshen County, WY",Has not expanded Medicaid,Remote rural,307,1140,26.90,36.90,28.3290727399488729,20.2032109192666022,538,3143,19,23
56017,Hot Springs County,WY,Wyoming,"Hot Springs County, WY",Has not expanded Medicaid,Remote rural,109,465,23.40,41.70,28.3290727399488729,20.2032109192666022,895,3143,22,23
56019,Johnson County,WY,Wyoming,"Johnson County, WY",Has not expanded Medicaid,Remote rural,196,699,28.00,42.80,28.3290727399488729,20.2032109192666022,470,3143,14,23
56021,Laramie County,WY,Wyoming,"Laramie County, WY",Has not expanded Medicaid,Metro,2153,8109,26.60,34.60,28.3290727399488729,20.2032109192666022,566,3143,21,23
56023,Lincoln County,WY,Wyoming,"Lincoln County, WY",Has not expanded Medicaid,Remote rural,490,1320,37.10,40.60,28.3290727399488729,20.2032109192666022,117,3143,2,23
56025,Natrona County,WY,Wyoming,"Natrona County, WY",Has not expanded Medicaid,Metro,2025,7098,28.50,38.90,28.3290727399488729,20.2032109192666022,435,3143,12,23
56027,Niobrara County,WY,Wyoming,"Niobrara County, WY",Has not expanded Medicaid,Remote rural,75,257,29.20,38.90,28.3290727399488729,20.2032109192666022,393,3143,9,23
56029,Park County,WY,Wyoming,"Park County, WY",Has not expanded Medicaid,Remote rural,684,2460,27.80,40.30,28.3290727399488729,20.2032109192666022,483,3143,16,23
56031,Platte County,WY,Wyoming,"Platte County, WY",Has not expanded Medicaid,Remote rural,220,766,28.70,39.00,28.3290727399488729,20.2032109192666022,422,3143,11,23
56033,Sheridan County,WY,Wyoming,"Sheridan County, WY",Has not expanded Medicaid,Remote rural,698,2589,27.00,36.30,28.3290727399488729,20.2032109192666022,531,3143,17,23
56035,Sublette County,WY,Wyoming,"Sublette County, WY",Has not expanded Medicaid,Remote rural,210,601,34.90,43.90,28.3290727399488729,20.2032109192666022,173,3143,3,23
56037,Sweetwater County,WY,Wyoming,"Sweetwater County, WY",Has not expanded Medicaid,Remote rural,1057,3515,30.10,46.00,28.3290727399488729,20.2032109192666022,344,3143,7,23
56039,Teton County,WY,Wyoming,"Teton County, WY",Has not expanded Medicaid,Remote rural,494,1183,41.80,48.40,28.3290727399488729,20.2032109192666022,39,3143,1,23
56041,Uinta County,WY,Wyoming,"Uinta County, WY",Has not expanded Medicaid,Remote rural,496,1745,28.40,38.60,28.3290727399488729,20.2032109192666022,440,3143,13,23
56043,Washakie County,WY,Wyoming,"Washakie County, WY",Has not expanded Medicaid,Remote rural,194,726,26.70,45.20,28.3290727399488729,20.2032109192666022,556,3143,20,23
56045,Weston County,WY,Wyoming,"Weston County, WY",Has not expanded Medicaid,Remote rural,158,567,27.90,40.40,28.3290727399488729,20.2032109192666022,475,3143,15,23
