county_fips,county_name,state_abbrev,analysis_group,rurality,pct_uninsured,uninsured,population
01001,Autauga County,AL,Not expanded by 2023,Metro,22.60,1354,5982
01003,Baldwin County,AL,Not expanded by 2023,Metro,24.30,5113,21004
01005,Barbour County,AL,Not expanded by 2023,"Rural, near a metro",22.60,845,3733
01007,Bibb County,AL,Not expanded by 2023,Metro,24.70,712,2881
01009,Blount County,AL,Not expanded by 2023,Metro,32.10,2083,6499
01011,Bullock County,AL,Not expanded by 2023,"Rural, near a metro",24.60,411,1670
01013,Butler County,AL,Not expanded by 2023,"Rural, near a metro",20.60,614,2978
01015,Calhoun County,AL,Not expanded by 2023,Metro,23.00,3649,15855
01017,Chambers County,AL,Not expanded by 2023,"Rural, near a metro",21.10,1025,4856
01019,Cherokee County,AL,Not expanded by 2023,"Rural, near a metro",24.90,822,3300
01021,Chilton County,AL,Not expanded by 2023,Metro,26.30,1448,5510
01023,Choctaw County,AL,Not expanded by 2023,Remote rural,22.20,359,1615
01025,Clarke County,AL,Not expanded by 2023,Remote rural,20.00,657,3283
01027,Clay County,AL,Not expanded by 2023,Remote rural,23.10,430,1859
01029,Cleburne County,AL,Not expanded by 2023,"Rural, near a metro",26.10,497,1901
01031,Coffee County,AL,Not expanded by 2023,"Rural, near a metro",25.30,1633,6442
01033,Colbert County,AL,Not expanded by 2023,Metro,22.90,1489,6514
01035,Conecuh County,AL,Not expanded by 2023,Remote rural,20.10,362,1798
01037,Coosa County,AL,Not expanded by 2023,"Rural, near a metro",22.50,266,1182
01039,Covington County,AL,Not expanded by 2023,"Rural, near a metro",22.00,1125,5115
01041,Crenshaw County,AL,Not expanded by 2023,"Rural, near a metro",23.40,456,1949
01043,Cullman County,AL,Not expanded by 2023,"Rural, near a metro",27.30,2798,10267
01045,Dale County,AL,Not expanded by 2023,"Rural, near a metro",24.40,1760,7212
01047,Dallas County,AL,Not expanded by 2023,"Rural, near a metro",16.20,1137,7025
01049,DeKalb County,AL,Not expanded by 2023,"Rural, near a metro",31.50,3509,11144
01051,Elmore County,AL,Not expanded by 2023,Metro,24.50,1994,8133
01053,Escambia County,AL,Not expanded by 2023,"Rural, near a metro",19.60,1088,5537
01055,Etowah County,AL,Not expanded by 2023,Metro,24.00,3350,13981
01057,Fayette County,AL,Not expanded by 2023,"Rural, near a metro",21.70,480,2215
01059,Franklin County,AL,Not expanded by 2023,"Rural, near a metro",26.80,1215,4527
01061,Geneva County,AL,Not expanded by 2023,Metro,25.30,1087,4303
01063,Greene County,AL,Not expanded by 2023,"Rural, near a metro",16.90,258,1527
01065,Hale County,AL,Not expanded by 2023,Metro,20.80,502,2418
01067,Henry County,AL,Not expanded by 2023,Metro,25.50,542,2125
01069,Houston County,AL,Not expanded by 2023,Metro,23.50,3358,14299
01071,Jackson County,AL,Not expanded by 2023,"Rural, near a metro",23.60,1853,7852
01073,Jefferson County,AL,Not expanded by 2023,Metro,25.00,18274,73164
01075,Lamar County,AL,Not expanded by 2023,"Rural, near a metro",21.70,397,1826
01077,Lauderdale County,AL,Not expanded by 2023,Metro,22.50,2451,10896
01079,Lawrence County,AL,Not expanded by 2023,Metro,22.60,922,4071
01081,Lee County,AL,Not expanded by 2023,Metro,23.30,6394,27471
01083,Limestone County,AL,Not expanded by 2023,Metro,24.50,2158,8817
01085,Lowndes County,AL,Not expanded by 2023,Metro,19.80,318,1609
01087,Macon County,AL,Not expanded by 2023,"Rural, near a metro",19.80,601,3031
01089,Madison County,AL,Not expanded by 2023,Metro,25.20,8811,34992
01091,Marengo County,AL,Not expanded by 2023,Remote rural,18.00,489,2716
01093,Marion County,AL,Not expanded by 2023,Remote rural,23.00,969,4221
01095,Marshall County,AL,Not expanded by 2023,"Rural, near a metro",26.70,3462,12975
01097,Mobile County,AL,Not expanded by 2023,Metro,23.00,12222,53162
01099,Monroe County,AL,Not expanded by 2023,Remote rural,20.40,620,3043
01101,Montgomery County,AL,Not expanded by 2023,Metro,24.40,7314,29971
01103,Morgan County,AL,Not expanded by 2023,Metro,29.00,3770,12999
01105,Perry County,AL,Not expanded by 2023,"Rural, near a metro",16.60,269,1620
01107,Pickens County,AL,Not expanded by 2023,Metro,20.90,533,2551
01109,Pike County,AL,Not expanded by 2023,"Rural, near a metro",21.30,1299,6098
01111,Randolph County,AL,Not expanded by 2023,"Rural, near a metro",24.00,736,3070
01113,Russell County,AL,Not expanded by 2023,Metro,21.40,1963,9152
01115,St. Clair County,AL,Not expanded by 2023,Metro,24.30,1967,8080
01117,Shelby County,AL,Not expanded by 2023,Metro,27.00,3734,13805
01119,Sumter County,AL,Not expanded by 2023,"Rural, near a metro",18.50,440,2382
01121,Talladega County,AL,Not expanded by 2023,"Rural, near a metro",19.70,2207,11230
01123,Tallapoosa County,AL,Not expanded by 2023,"Rural, near a metro",20.70,1014,4888
01125,Tuscaloosa County,AL,Not expanded by 2023,Metro,20.60,5978,28989
01127,Walker County,AL,Not expanded by 2023,Metro,23.80,1931,8127
01129,Washington County,AL,Not expanded by 2023,"Rural, near a metro",18.10,321,1774
01131,Wilcox County,AL,Not expanded by 2023,Remote rural,18.60,354,1906
01133,Winston County,AL,Not expanded by 2023,"Rural, near a metro",23.60,769,3262
02013,Aleutians East Borough,AK,Expanded 2015-2017,Remote rural,52.90,283,535
02016,Aleutians West Census Area,AK,Expanded 2015-2017,Remote rural,49.50,290,586
02020,Anchorage Borough,AK,Expanded 2015-2017,Metro,25.00,5664,22624
02050,Bethel Census Area,AK,Expanded 2015-2017,Remote rural,15.60,455,2925
02060,Bristol Bay Borough,AK,Expanded 2015-2017,Remote rural,30.90,25,81
02068,Denali Borough,AK,Expanded 2015-2017,"Rural, near a metro",31.40,43,137
02070,Dillingham Census Area,AK,Expanded 2015-2017,Remote rural,21.70,136,627
02090,Fairbanks North Star Borough,AK,Expanded 2015-2017,Metro,27.10,1933,7131
02100,Haines Borough,AK,Expanded 2015-2017,Remote rural,23.90,47,197
02105,Hoonah-Angoon Census Area,AK,Expanded 2015-2017,Remote rural,24.90,66,265
02110,Juneau Borough,AK,Expanded 2015-2017,Remote rural,27.20,557,2048
02122,Kenai Peninsula Borough,AK,Expanded 2015-2017,Remote rural,27.40,1565,5704
02130,Ketchikan Gateway Borough,AK,Expanded 2015-2017,Remote rural,25.80,331,1282
02150,Kodiak Island Borough,AK,Expanded 2015-2017,Remote rural,34.60,380,1097
02158,Kusilvak Census Area,AK,Expanded 2015-2017,Remote rural,15.50,228,1468
02164,Lake and Peninsula Borough,AK,Expanded 2015-2017,Remote rural,29.20,50,171
02170,Matanuska-Susitna Borough,AK,Expanded 2015-2017,Metro,25.20,2328,9239
02180,Nome Census Area,AK,Expanded 2015-2017,Remote rural,22.20,301,1358
02185,North Slope Borough,AK,Expanded 2015-2017,Remote rural,27.10,281,1035
02188,Northwest Arctic Borough,AK,Expanded 2015-2017,Remote rural,18.90,171,905
02220,Sitka Borough,AK,Expanded 2015-2017,Remote rural,33.20,224,675
02230,Skagway Municipality,AK,Expanded 2015-2017,Remote rural,31.10,32,103
02240,Southeast Fairbanks Census Area,AK,Expanded 2015-2017,Remote rural,30.10,210,698
02282,Yakutat Borough,AK,Expanded 2015-2017,Remote rural,40.00,34,85
02290,Yukon-Koyukuk Census Area,AK,Expanded 2015-2017,Remote rural,23.50,160,682
04001,Apache County,AZ,Expanded 2014,"Rural, near a metro",15.50,1597,10272
04003,Cochise County,AZ,Expanded 2014,Metro,23.30,3322,14236
04005,Coconino County,AZ,Expanded 2014,Metro,16.30,2896,17723
04007,Gila County,AZ,Expanded 2014,"Rural, near a metro",18.90,1166,6159
04009,Graham County,AZ,Expanded 2014,Remote rural,17.70,793,4487
04011,Greenlee County,AZ,Expanded 2014,Remote rural,17.70,181,1022
04012,La Paz County,AZ,Expanded 2014,"Rural, near a metro",21.60,421,1952
04013,Maricopa County,AZ,Expanded 2014,Metro,24.80,98077,395830
04015,Mohave County,AZ,Expanded 2014,Metro,21.00,5666,26943
04017,Navajo County,AZ,Expanded 2014,"Rural, near a metro",15.80,2453,15546
04019,Pima County,AZ,Expanded 2014,Metro,20.40,24591,120662
04021,Pinal County,AZ,Expanded 2014,Metro,27.30,10935,40023
04023,Santa Cruz County,AZ,Expanded 2014,"Rural, near a metro",32.10,2420,7529
04025,Yavapai County,AZ,Expanded 2014,Metro,24.00,5447,22678
04027,Yuma County,AZ,Expanded 2014,Metro,26.80,6963,25980
05001,Arkansas County,AR,Expanded 2014,"Rural, near a metro",15.30,334,2189
05003,Ashley County,AR,Expanded 2014,Remote rural,18.20,474,2610
05005,Baxter County,AR,Expanded 2014,Remote rural,17.90,919,5137
05007,Benton County,AR,Expanded 2014,Metro,28.70,6280,21913
05009,Boone County,AR,Expanded 2014,Remote rural,18.00,829,4618
05011,Bradley County,AR,Expanded 2014,Remote rural,21.50,327,1518
05013,Calhoun County,AR,Expanded 2014,Remote rural,18.40,83,450
05015,Carroll County,AR,Expanded 2014,"Rural, near a metro",28.60,1095,3822
05017,Chicot County,AR,Expanded 2014,Remote rural,18.40,284,1540
05019,Clark County,AR,Expanded 2014,Remote rural,18.30,517,2821
05021,Clay County,AR,Expanded 2014,Remote rural,18.40,375,2034
05023,Cleburne County,AR,Expanded 2014,"Rural, near a metro",17.70,533,3018
05025,Cleveland County,AR,Expanded 2014,Metro,17.90,149,832
05027,Columbia County,AR,Expanded 2014,Remote rural,16.70,479,2868
05029,Conway County,AR,Expanded 2014,"Rural, near a metro",16.80,486,2885
05031,Craighead County,AR,Expanded 2014,Metro,21.10,3258,15438
05033,Crawford County,AR,Expanded 2014,Metro,18.40,1372,7459
05035,Crittenden County,AR,Expanded 2014,Metro,15.60,1120,7161
05037,Cross County,AR,Expanded 2014,"Rural, near a metro",19.10,490,2572
05039,Dallas County,AR,Expanded 2014,"Rural, near a metro",14.40,111,773
05041,Desha County,AR,Expanded 2014,"Rural, near a metro",18.80,345,1838
05043,Drew County,AR,Expanded 2014,"Rural, near a metro",17.50,465,2656
05045,Faulkner County,AR,Expanded 2014,Metro,19.30,3091,16007
05047,Franklin County,AR,Expanded 2014,"Rural, near a metro",17.80,462,2592
05049,Fulton County,AR,Expanded 2014,Remote rural,18.30,361,1971
05051,Garland County,AR,Expanded 2014,Metro,20.00,2445,12235
05053,Grant County,AR,Expanded 2014,Metro,19.00,336,1767
05055,Greene County,AR,Expanded 2014,"Rural, near a metro",16.80,1092,6510
05057,Hempstead County,AR,Expanded 2014,"Rural, near a metro",22.10,613,2780
05059,Hot Spring County,AR,Expanded 2014,"Rural, near a metro",16.30,680,4184
05061,Howard County,AR,Expanded 2014,"Rural, near a metro",22.50,403,1792
05063,Independence County,AR,Expanded 2014,Remote rural,22.40,1090,4856
05065,Izard County,AR,Expanded 2014,Remote rural,18.70,386,2062
05067,Jackson County,AR,Expanded 2014,"Rural, near a metro",14.50,389,2684
05069,Jefferson County,AR,Expanded 2014,Metro,13.30,1161,8724
05071,Johnson County,AR,Expanded 2014,Remote rural,24.50,974,3974
05073,Lafayette County,AR,Expanded 2014,"Rural, near a metro",21.00,201,958
05075,Lawrence County,AR,Expanded 2014,"Rural, near a metro",17.90,443,2468
05077,Lee County,AR,Expanded 2014,Remote rural,14.50,183,1261
05079,Lincoln County,AR,Expanded 2014,Metro,19.70,250,1271
05081,Little River County,AR,Expanded 2014,Metro,14.50,222,1526
05083,Logan County,AR,Expanded 2014,"Rural, near a metro",18.00,548,3048
05085,Lonoke County,AR,Expanded 2014,Metro,17.60,1303,7421
05087,Madison County,AR,Expanded 2014,Metro,20.20,485,2406
05089,Marion County,AR,Expanded 2014,Remote rural,17.50,420,2397
05091,Miller County,AR,Expanded 2014,Metro,17.50,1093,6228
05093,Mississippi County,AR,Expanded 2014,"Rural, near a metro",16.40,1025,6241
05095,Monroe County,AR,Expanded 2014,Remote rural,15.30,164,1072
05097,Montgomery County,AR,Expanded 2014,"Rural, near a metro",23.00,285,1239
05099,Nevada County,AR,Expanded 2014,Remote rural,15.20,195,1284
05101,Newton County,AR,Expanded 2014,Remote rural,16.40,161,981
05103,Ouachita County,AR,Expanded 2014,Remote rural,14.60,429,2944
05105,Perry County,AR,Expanded 2014,Metro,16.90,228,1349
05107,Phillips County,AR,Expanded 2014,"Rural, near a metro",13.70,405,2962
05109,Pike County,AR,Expanded 2014,Remote rural,21.40,316,1479
05111,Poinsett County,AR,Expanded 2014,Metro,16.70,585,3493
05113,Polk County,AR,Expanded 2014,Remote rural,20.00,539,2699
05115,Pope County,AR,Expanded 2014,Remote rural,20.90,1784,8548
05117,Prairie County,AR,Expanded 2014,"Rural, near a metro",17.40,171,983
05119,Pulaski County,AR,Expanded 2014,Metro,21.80,10144,46516
05121,Randolph County,AR,Expanded 2014,Remote rural,19.00,566,2982
05123,St. Francis County,AR,Expanded 2014,"Rural, near a metro",18.60,676,3642
05125,Saline County,AR,Expanded 2014,Metro,19.50,2000,10241
05127,Scott County,AR,Expanded 2014,"Rural, near a metro",16.20,242,1492
05129,Searcy County,AR,Expanded 2014,Remote rural,16.30,204,1251
05131,Sebastian County,AR,Expanded 2014,Metro,20.20,3381,16768
05133,Sevier County,AR,Expanded 2014,"Rural, near a metro",29.50,674,2287
05135,Sharp County,AR,Expanded 2014,Remote rural,16.10,444,2764
05137,Stone County,AR,Expanded 2014,Remote rural,17.60,370,2101
05139,Union County,AR,Expanded 2014,Remote rural,15.90,762,4800
05141,Van Buren County,AR,Expanded 2014,"Rural, near a metro",18.90,436,2311
05143,Washington County,AR,Expanded 2014,Metro,25.70,8743,33961
05145,White County,AR,Expanded 2014,"Rural, near a metro",17.90,1937,10824
05147,Woodruff County,AR,Expanded 2014,Remote rural,14.30,134,939
05149,Yell County,AR,Expanded 2014,"Rural, near a metro",25.20,690,2740
06001,Alameda County,CA,Expanded 2014,Metro,12.70,15288,120240
06003,Alpine County,CA,Expanded 2014,"Rural, near a metro",8.00,8,100
06005,Amador County,CA,Expanded 2014,"Rural, near a metro",11.10,328,2957
06007,Butte County,CA,Expanded 2014,Metro,10.40,3315,31990
06009,Calaveras County,CA,Expanded 2014,"Rural, near a metro",11.10,439,3951
06011,Colusa County,CA,Expanded 2014,"Rural, near a metro",15.10,373,2466
06013,Contra Costa County,CA,Expanded 2014,Metro,16.10,11807,73237
06015,Del Norte County,CA,Expanded 2014,Remote rural,10.30,326,3165
06017,El Dorado County,CA,Expanded 2014,Metro,12.00,1363,11400
06019,Fresno County,CA,Expanded 2014,Metro,14.00,19445,139311
06021,Glenn County,CA,Expanded 2014,"Rural, near a metro",14.30,494,3451
06023,Humboldt County,CA,Expanded 2014,Remote rural,9.80,2163,21975
06025,Imperial County,CA,Expanded 2014,Metro,14.70,3803,25892
06027,Inyo County,CA,Expanded 2014,Remote rural,10.40,170,1629
06029,Kern County,CA,Expanded 2014,Metro,15.60,20011,128083
06031,Kings County,CA,Expanded 2014,Metro,14.40,2607,18088
06033,Lake County,CA,Expanded 2014,"Rural, near a metro",12.60,1154,9164
06035,Lassen County,CA,Expanded 2014,Remote rural,11.40,303,2665
06037,Los Angeles County,CA,Expanded 2014,Metro,16.40,174641,1065185
06039,Madera County,CA,Expanded 2014,Metro,18.60,4061,21812
06041,Marin County,CA,Expanded 2014,Metro,14.50,1683,11639
06043,Mariposa County,CA,Expanded 2014,"Rural, near a metro",11.30,214,1901
06045,Mendocino County,CA,Expanded 2014,"Rural, near a metro",11.60,1247,10778
06047,Merced County,CA,Expanded 2014,Metro,16.30,6399,39242
06049,Modoc County,CA,Expanded 2014,"Rural, near a metro",10.30,112,1090
06051,Mono County,CA,Expanded 2014,Remote rural,17.30,215,1244
06053,Monterey County,CA,Expanded 2014,Metro,20.70,8804,42496
06055,Napa County,CA,Expanded 2014,Metro,14.30,1263,8851
06057,Nevada County,CA,Expanded 2014,"Rural, near a metro",11.30,908,8018
06059,Orange County,CA,Expanded 2014,Metro,15.50,37569,242517
06061,Placer County,CA,Expanded 2014,Metro,13.30,2888,21738
06063,Plumas County,CA,Expanded 2014,Remote rural,8.40,145,1736
06065,Riverside County,CA,Expanded 2014,Metro,16.80,37795,224558
06067,Sacramento County,CA,Expanded 2014,Metro,12.00,19070,158505
06069,San Benito County,CA,Expanded 2014,Metro,17.00,800,4718
06071,San Bernardino County,CA,Expanded 2014,Metro,16.20,37726,233126
06073,San Diego County,CA,Expanded 2014,Metro,14.90,40679,273801
06075,San Francisco County,CA,Expanded 2014,Metro,11.50,7873,68720
06077,San Joaquin County,CA,Expanded 2014,Metro,13.50,10655,79180
06079,San Luis Obispo County,CA,Expanded 2014,Metro,13.40,3434,25633
06081,San Mateo County,CA,Expanded 2014,Metro,16.00,5972,37273
06083,Santa Barbara County,CA,Expanded 2014,Metro,19.70,9499,48144
06085,Santa Clara County,CA,Expanded 2014,Metro,15.10,15399,102210
06087,Santa Cruz County,CA,Expanded 2014,Metro,13.80,3368,24360
06089,Shasta County,CA,Expanded 2014,Metro,11.60,2288,19784
06091,Sierra County,CA,Expanded 2014,"Rural, near a metro",10.70,27,253
06093,Siskiyou County,CA,Expanded 2014,"Rural, near a metro",9.30,486,5238
06095,Solano County,CA,Expanded 2014,Metro,13.00,4365,33549
06097,Sonoma County,CA,Expanded 2014,Metro,14.10,4862,34376
06099,Stanislaus County,CA,Expanded 2014,Metro,12.90,7674,59502
06101,Sutter County,CA,Expanded 2014,Metro,15.20,1744,11470
06103,Tehama County,CA,Expanded 2014,"Rural, near a metro",11.70,922,7848
06105,Trinity County,CA,Expanded 2014,"Rural, near a metro",10.10,236,2331
06107,Tulare County,CA,Expanded 2014,Metro,15.70,10592,67493
06109,Tuolumne County,CA,Expanded 2014,"Rural, near a metro",10.60,493,4633
06111,Ventura County,CA,Expanded 2014,Metro,20.60,12464,60386
06113,Yolo County,CA,Expanded 2014,Metro,13.20,3734,28237
06115,Yuba County,CA,Expanded 2014,Metro,12.70,1315,10370
08001,Adams County,CO,Expanded 2014,Metro,21.10,9062,43040
08003,Alamosa County,CO,Expanded 2014,Remote rural,12.60,310,2453
08005,Arapahoe County,CO,Expanded 2014,Metro,21.90,10527,47969
08007,Archuleta County,CO,Expanded 2014,Remote rural,16.80,199,1187
08009,Baca County,CO,Expanded 2014,Remote rural,14.30,69,484
08011,Bent County,CO,Expanded 2014,Remote rural,11.80,91,770
08013,Boulder County,CO,Expanded 2014,Metro,14.50,4153,28588
08014,Broomfield County,CO,Expanded 2014,Metro,14.50,522,3604
08015,Chaffee County,CO,Expanded 2014,Remote rural,12.90,205,1584
08017,Cheyenne County,CO,Expanded 2014,Remote rural,18.40,38,206
08019,Clear Creek County,CO,Expanded 2014,Metro,14.00,82,585
08021,Conejos County,CO,Expanded 2014,Remote rural,13.50,135,1003
08023,Costilla County,CO,Expanded 2014,Remote rural,15.10,91,603
08025,Crowley County,CO,Expanded 2014,"Rural, near a metro",13.90,73,525
08027,Custer County,CO,Expanded 2014,"Rural, near a metro",15.10,77,509
08029,Delta County,CO,Expanded 2014,"Rural, near a metro",16.10,587,3652
08031,Denver County,CO,Expanded 2014,Metro,16.70,10982,65782
08033,Dolores County,CO,Expanded 2014,Remote rural,10.90,34,311
08035,Douglas County,CO,Expanded 2014,Metro,15.60,1683,10799
08037,Eagle County,CO,Expanded 2014,Remote rural,23.20,904,3897
08039,Elbert County,CO,Expanded 2014,Metro,16.90,182,1076
08041,El Paso County,CO,Expanded 2014,Metro,14.10,8109,57513
08043,Fremont County,CO,Expanded 2014,"Rural, near a metro",12.20,599,4895
08045,Garfield County,CO,Expanded 2014,Remote rural,22.20,1096,4928
08047,Gilpin County,CO,Expanded 2014,Metro,14.30,54,378
08049,Grand County,CO,Expanded 2014,Remote rural,19.10,235,1228
08051,Gunnison County,CO,Expanded 2014,Remote rural,12.20,200,1642
08053,Hinsdale County,CO,Expanded 2014,Remote rural,14.50,9,62
08055,Huerfano County,CO,Expanded 2014,"Rural, near a metro",11.10,103,929
08057,Jackson County,CO,Expanded 2014,Remote rural,15.30,22,144
08059,Jefferson County,CO,Expanded 2014,Metro,14.80,4816,32439
08061,Kiowa County,CO,Expanded 2014,Remote rural,16.80,24,143
08063,Kit Carson County,CO,Expanded 2014,Remote rural,18.00,137,761
08065,Lake County,CO,Expanded 2014,"Rural, near a metro",17.40,118,678
08067,La Plata County,CO,Expanded 2014,"Rural, near a metro",12.50,608,4868
08069,Larimer County,CO,Expanded 2014,Metro,12.60,4218,33372
08071,Las Animas County,CO,Expanded 2014,Remote rural,14.10,276,1952
08073,Lincoln County,CO,Expanded 2014,"Rural, near a metro",13.40,75,559
08075,Logan County,CO,Expanded 2014,Remote rural,14.50,312,2150
08077,Mesa County,CO,Expanded 2014,Metro,16.00,2337,14591
08079,Mineral County,CO,Expanded 2014,Remote rural,13.30,11,83
08081,Moffat County,CO,Expanded 2014,Remote rural,17.50,255,1454
08083,Montezuma County,CO,Expanded 2014,"Rural, near a metro",12.60,364,2885
08085,Montrose County,CO,Expanded 2014,"Rural, near a metro",16.80,699,4160
08087,Morgan County,CO,Expanded 2014,"Rural, near a metro",18.90,584,3098
08089,Otero County,CO,Expanded 2014,"Rural, near a metro",14.00,386,2761
08091,Ouray County,CO,Expanded 2014,Remote rural,12.30,40,324
08093,Park County,CO,Expanded 2014,Metro,14.30,176,1235
08095,Phillips County,CO,Expanded 2014,Remote rural,21.80,104,476
08097,Pitkin County,CO,Expanded 2014,Remote rural,16.60,137,826
08099,Prowers County,CO,Expanded 2014,Remote rural,15.70,255,1629
08101,Pueblo County,CO,Expanded 2014,Metro,11.30,2283,20123
08103,Rio Blanco County,CO,Expanded 2014,Remote rural,15.40,92,598
08105,Rio Grande County,CO,Expanded 2014,Remote rural,16.10,238,1474
08107,Routt County,CO,Expanded 2014,Remote rural,16.10,237,1476
08109,Saguache County,CO,Expanded 2014,Remote rural,15.90,159,1003
08111,San Juan County,CO,Expanded 2014,Remote rural,20.00,20,100
08113,San Miguel County,CO,Expanded 2014,Remote rural,16.60,96,580
08115,Sedgwick County,CO,Expanded 2014,Remote rural,15.60,49,314
08117,Summit County,CO,Expanded 2014,Remote rural,20.20,457,2263
08119,Teller County,CO,Expanded 2014,Metro,13.50,218,1612
08121,Washington County,CO,Expanded 2014,Remote rural,16.80,84,499
08123,Weld County,CO,Expanded 2014,Metro,19.80,5498,27823
08125,Yuma County,CO,Expanded 2014,Remote rural,24.90,256,1028
12001,Alachua County,FL,Not expanded by 2023,Metro,20.60,8977,43514
12003,Baker County,FL,Not expanded by 2023,Metro,18.90,544,2877
12005,Bay County,FL,Not expanded by 2023,Metro,29.10,5654,19454
12007,Bradford County,FL,Not expanded by 2023,"Rural, near a metro",21.00,678,3235
12009,Brevard County,FL,Not expanded by 2023,Metro,26.00,13476,51918
12011,Broward County,FL,Not expanded by 2023,Metro,27.90,49129,176303
12013,Calhoun County,FL,Not expanded by 2023,"Rural, near a metro",24.00,432,1797
12015,Charlotte County,FL,Not expanded by 2023,Metro,26.40,3731,14117
12017,Citrus County,FL,Not expanded by 2023,Metro,24.90,4313,17350
12019,Clay County,FL,Not expanded by 2023,Metro,23.00,4213,18324
12021,Collier County,FL,Not expanded by 2023,Metro,41.10,10174,24730
12023,Columbia County,FL,Not expanded by 2023,"Rural, near a metro",22.70,2048,9018
12027,DeSoto County,FL,Not expanded by 2023,"Rural, near a metro",34.90,1979,5666
12029,Dixie County,FL,Not expanded by 2023,"Rural, near a metro",23.20,578,2493
12031,Duval County,FL,Not expanded by 2023,Metro,22.80,24922,109146
12033,Escambia County,FL,Not expanded by 2023,Metro,26.10,9070,34700
12035,Flagler County,FL,Not expanded by 2023,Metro,26.80,2787,10414
12037,Franklin County,FL,Not expanded by 2023,"Rural, near a metro",25.70,358,1395
12039,Gadsden County,FL,Not expanded by 2023,Metro,25.90,1692,6522
12041,Gilchrist County,FL,Not expanded by 2023,Metro,30.60,679,2218
12043,Glades County,FL,Not expanded by 2023,"Rural, near a metro",35.60,484,1358
12045,Gulf County,FL,Not expanded by 2023,Metro,23.00,365,1587
12047,Hamilton County,FL,Not expanded by 2023,"Rural, near a metro",23.50,436,1853
12049,Hardee County,FL,Not expanded by 2023,"Rural, near a metro",29.00,1101,3801
12051,Hendry County,FL,Not expanded by 2023,"Rural, near a metro",37.80,2663,7038
12053,Hernando County,FL,Not expanded by 2023,Metro,24.10,5328,22141
12055,Highlands County,FL,Not expanded by 2023,Metro,28.20,3464,12294
12057,Hillsborough County,FL,Not expanded by 2023,Metro,26.20,41752,159300
12059,Holmes County,FL,Not expanded by 2023,"Rural, near a metro",18.20,487,2677
12061,Indian River County,FL,Not expanded by 2023,Metro,29.80,4039,13568
12063,Jackson County,FL,Not expanded by 2023,"Rural, near a metro",20.00,1225,6130
12065,Jefferson County,FL,Not expanded by 2023,Metro,23.90,390,1631
12067,Lafayette County,FL,Not expanded by 2023,Remote rural,25.20,280,1109
12069,Lake County,FL,Not expanded by 2023,Metro,27.50,10004,36334
12071,Lee County,FL,Not expanded by 2023,Metro,33.10,22536,68098
12073,Leon County,FL,Not expanded by 2023,Metro,16.90,7467,44169
12075,Levy County,FL,Not expanded by 2023,"Rural, near a metro",27.40,1725,6285
12077,Liberty County,FL,Not expanded by 2023,"Rural, near a metro",20.30,169,833
12079,Madison County,FL,Not expanded by 2023,"Rural, near a metro",24.50,633,2587
12081,Manatee County,FL,Not expanded by 2023,Metro,29.80,10030,33656
12083,Marion County,FL,Not expanded by 2023,Metro,24.90,11059,44467
12085,Martin County,FL,Not expanded by 2023,Metro,33.10,3704,11204
12086,Miami-Dade County,FL,Not expanded by 2023,Metro,27.70,81517,293939
12087,Monroe County,FL,Not expanded by 2023,"Rural, near a metro",33.20,2242,6748
12089,Nassau County,FL,Not expanded by 2023,Metro,23.10,1515,6562
12091,Okaloosa County,FL,Not expanded by 2023,Metro,26.80,5056,18854
12093,Okeechobee County,FL,Not expanded by 2023,"Rural, near a metro",26.80,1370,5112
12095,Orange County,FL,Not expanded by 2023,Metro,25.80,41307,160139
12097,Osceola County,FL,Not expanded by 2023,Metro,24.60,13175,53651
12099,Palm Beach County,FL,Not expanded by 2023,Metro,32.10,38000,118530
12101,Pasco County,FL,Not expanded by 2023,Metro,25.30,13512,53435
12103,Pinellas County,FL,Not expanded by 2023,Metro,28.60,23229,81089
12105,Polk County,FL,Not expanded by 2023,Metro,28.40,24863,87689
12107,Putnam County,FL,Not expanded by 2023,"Rural, near a metro",24.70,3087,12473
12109,St. Johns County,FL,Not expanded by 2023,Metro,23.20,3589,15465
12111,St. Lucie County,FL,Not expanded by 2023,Metro,28.80,10290,35747
12113,Santa Rosa County,FL,Not expanded by 2023,Metro,23.90,3648,15267
12115,Sarasota County,FL,Not expanded by 2023,Metro,28.50,7584,26634
12117,Seminole County,FL,Not expanded by 2023,Metro,24.40,9708,39826
12119,Sumter County,FL,Not expanded by 2023,Metro,24.20,1483,6140
12121,Suwannee County,FL,Not expanded by 2023,"Rural, near a metro",22.10,1363,6159
12123,Taylor County,FL,Not expanded by 2023,"Rural, near a metro",23.60,649,2748
12125,Union County,FL,Not expanded by 2023,"Rural, near a metro",18.20,279,1536
12127,Volusia County,FL,Not expanded by 2023,Metro,21.70,12191,56257
12129,Wakulla County,FL,Not expanded by 2023,Metro,24.30,707,2904
12131,Walton County,FL,Not expanded by 2023,Metro,26.40,1761,6661
12133,Washington County,FL,Not expanded by 2023,"Rural, near a metro",25.30,888,3508
13001,Appling County,GA,Not expanded by 2023,Remote rural,32.80,829,2531
13003,Atkinson County,GA,Not expanded by 2023,Remote rural,42.10,637,1514
13005,Bacon County,GA,Not expanded by 2023,Remote rural,29.60,539,1822
13007,Baker County,GA,Not expanded by 2023,Metro,25.00,113,452
13009,Baldwin County,GA,Not expanded by 2023,"Rural, near a metro",24.50,1614,6593
13011,Banks County,GA,Not expanded by 2023,"Rural, near a metro",32.00,672,2102
13013,Barrow County,GA,Not expanded by 2023,Metro,33.30,3003,9021
13015,Bartow County,GA,Not expanded by 2023,Metro,31.60,3560,11254
13017,Ben Hill County,GA,Not expanded by 2023,Remote rural,23.80,707,2965
13019,Berrien County,GA,Not expanded by 2023,"Rural, near a metro",23.80,704,2959
13021,Bibb County,GA,Not expanded by 2023,Metro,21.50,5234,24364
13023,Bleckley County,GA,Not expanded by 2023,"Rural, near a metro",24.80,377,1521
13025,Brantley County,GA,Not expanded by 2023,Metro,32.20,849,2634
13027,Brooks County,GA,Not expanded by 2023,Metro,25.80,671,2600
13029,Bryan County,GA,Not expanded by 2023,Metro,27.80,958,3452
13031,Bulloch County,GA,Not expanded by 2023,"Rural, near a metro",25.90,3811,14713
13033,Burke County,GA,Not expanded by 2023,Metro,24.50,837,3417
13035,Butts County,GA,Not expanded by 2023,Metro,24.50,717,2927
13037,Calhoun County,GA,Not expanded by 2023,"Rural, near a metro",28.10,193,688
13039,Camden County,GA,Not expanded by 2023,"Rural, near a metro",24.60,1392,5658
13043,Candler County,GA,Not expanded by 2023,Remote rural,31.90,539,1690
13045,Carroll County,GA,Not expanded by 2023,Metro,28.80,4326,15045
13047,Catoosa County,GA,Not expanded by 2023,Metro,27.00,1604,5944
13049,Charlton County,GA,Not expanded by 2023,"Rural, near a metro",25.30,402,1590
13051,Chatham County,GA,Not expanded by 2023,Metro,28.40,9043,31868
13053,Chattahoochee County,GA,Not expanded by 2023,Metro,17.90,231,1292
13055,Chattooga County,GA,Not expanded by 2023,"Rural, near a metro",27.40,1027,3753
13057,Cherokee County,GA,Not expanded by 2023,Metro,38.00,5987,15769
13059,Clarke County,GA,Not expanded by 2023,Metro,23.10,5970,25841
13061,Clay County,GA,Not expanded by 2023,Remote rural,25.00,108,432
13063,Clayton County,GA,Not expanded by 2023,Metro,31.10,13288,42776
13065,Clinch County,GA,Not expanded by 2023,"Rural, near a metro",31.40,366,1165
13067,Cobb County,GA,Not expanded by 2023,Metro,35.70,18842,52736
13069,Coffee County,GA,Not expanded by 2023,Remote rural,30.30,2003,6616
13071,Colquitt County,GA,Not expanded by 2023,"Rural, near a metro",32.80,2324,7086
13073,Columbia County,GA,Not expanded by 2023,Metro,29.80,2926,9824
13075,Cook County,GA,Not expanded by 2023,"Rural, near a metro",27.50,778,2827
13077,Coweta County,GA,Not expanded by 2023,Metro,33.30,3650,10970
13079,Crawford County,GA,Not expanded by 2023,Metro,28.40,421,1483
13081,Crisp County,GA,Not expanded by 2023,"Rural, near a metro",20.00,680,3393
13083,Dade County,GA,Not expanded by 2023,Metro,26.40,455,1726
13085,Dawson County,GA,Not expanded by 2023,Metro,33.90,779,2298
13087,Decatur County,GA,Not expanded by 2023,"Rural, near a metro",27.20,1205,4438
13089,DeKalb County,GA,Not expanded by 2023,Metro,32.60,24706,75857
13091,Dodge County,GA,Not expanded by 2023,"Rural, near a metro",23.90,715,2987
13093,Dooly County,GA,Not expanded by 2023,"Rural, near a metro",29.50,405,1372
13095,Dougherty County,GA,Not expanded by 2023,Metro,21.70,3182,14665
13097,Douglas County,GA,Not expanded by 2023,Metro,28.60,4407,15412
13099,Early County,GA,Not expanded by 2023,"Rural, near a metro",25.90,454,1752
13101,Echols County,GA,Not expanded by 2023,Metro,32.10,186,579
13103,Effingham County,GA,Not expanded by 2023,Metro,26.80,1475,5499
13105,Elbert County,GA,Not expanded by 2023,"Rural, near a metro",26.80,711,2655
13107,Emanuel County,GA,Not expanded by 2023,Remote rural,26.30,939,3564
13109,Evans County,GA,Not expanded by 2023,"Rural, near a metro",30.70,482,1571
13111,Fannin County,GA,Not expanded by 2023,"Rural, near a metro",28.90,717,2483
13113,Fayette County,GA,Not expanded by 2023,Metro,33.40,1743,5216
13115,Floyd County,GA,Not expanded by 2023,Metro,28.70,3667,12778
13117,Forsyth County,GA,Not expanded by 2023,Metro,41.60,3709,8915
13119,Franklin County,GA,Not expanded by 2023,"Rural, near a metro",35.00,1205,3441
13121,Fulton County,GA,Not expanded by 2023,Metro,26.50,26984,101781
13123,Gilmer County,GA,Not expanded by 2023,"Rural, near a metro",35.70,1167,3273
13125,Glascock County,GA,Not expanded by 2023,Remote rural,22.80,89,391
13127,Glynn County,GA,Not expanded by 2023,Metro,30.20,2759,9127
13129,Gordon County,GA,Not expanded by 2023,"Rural, near a metro",34.10,2469,7250
13131,Grady County,GA,Not expanded by 2023,"Rural, near a metro",32.40,1140,3523
13133,Greene County,GA,Not expanded by 2023,"Rural, near a metro",30.10,451,1500
13135,Gwinnett County,GA,Not expanded by 2023,Metro,39.20,33181,84724
13137,Habersham County,GA,Not expanded by 2023,"Rural, near a metro",37.10,1766,4756
13139,Hall County,GA,Not expanded by 2023,Metro,36.40,7340,20174
13141,Hancock County,GA,Not expanded by 2023,Remote rural,23.00,278,1210
13143,Haralson County,GA,Not expanded by 2023,Metro,24.10,899,3733
13145,Harris County,GA,Not expanded by 2023,Metro,29.90,629,2103
13147,Hart County,GA,Not expanded by 2023,"Rural, near a metro",27.90,823,2949
13149,Heard County,GA,Not expanded by 2023,Metro,27.10,466,1717
13151,Henry County,GA,Not expanded by 2023,Metro,25.80,5514,21342
13153,Houston County,GA,Not expanded by 2023,Metro,29.70,5008,16842
13155,Irwin County,GA,Not expanded by 2023,Remote rural,25.80,337,1304
13157,Jackson County,GA,Not expanded by 2023,"Rural, near a metro",33.00,2159,6548
13159,Jasper County,GA,Not expanded by 2023,Metro,31.20,542,1738
13161,Jeff Davis County,GA,Not expanded by 2023,Remote rural,29.90,753,2519
13163,Jefferson County,GA,Not expanded by 2023,"Rural, near a metro",26.10,617,2362
13165,Jenkins County,GA,Not expanded by 2023,"Rural, near a metro",25.60,399,1561
13167,Johnson County,GA,Not expanded by 2023,Remote rural,25.20,313,1244
13169,Jones County,GA,Not expanded by 2023,Metro,26.70,780,2916
13171,Lamar County,GA,Not expanded by 2023,Metro,24.50,613,2498
13173,Lanier County,GA,Not expanded by 2023,Metro,32.80,572,1742
13175,Laurens County,GA,Not expanded by 2023,Remote rural,24.20,1762,7282
13177,Lee County,GA,Not expanded by 2023,Metro,25.50,715,2804
13179,Liberty County,GA,Not expanded by 2023,Metro,24.40,2152,8820
13181,Lincoln County,GA,Not expanded by 2023,Metro,28.90,239,827
13183,Long County,GA,Not expanded by 2023,Metro,29.30,877,2993
13185,Lowndes County,GA,Not expanded by 2023,Metro,24.60,4370,17739
13187,Lumpkin County,GA,Not expanded by 2023,"Rural, near a metro",32.30,1165,3602
13189,McDuffie County,GA,Not expanded by 2023,Metro,22.30,665,2982
13191,McIntosh County,GA,Not expanded by 2023,Metro,26.10,408,1562
13193,Macon County,GA,Not expanded by 2023,"Rural, near a metro",30.80,558,1813
13195,Madison County,GA,Not expanded by 2023,Metro,31.90,1216,3807
13197,Marion County,GA,Not expanded by 2023,Metro,33.40,380,1137
13199,Meriwether County,GA,Not expanded by 2023,Metro,25.90,753,2906
13201,Miller County,GA,Not expanded by 2023,"Rural, near a metro",25.20,207,821
13205,Mitchell County,GA,Not expanded by 2023,"Rural, near a metro",24.70,839,3400
13207,Monroe County,GA,Not expanded by 2023,Metro,26.50,647,2438
13209,Montgomery County,GA,Not expanded by 2023,Remote rural,28.10,310,1102
13211,Morgan County,GA,Not expanded by 2023,Metro,26.50,467,1759
13213,Murray County,GA,Not expanded by 2023,Metro,32.00,1593,4973
13215,Muscogee County,GA,Not expanded by 2023,Metro,23.40,6399,27289
13217,Newton County,GA,Not expanded by 2023,Metro,28.10,3895,13873
13219,Oconee County,GA,Not expanded by 2023,Metro,33.90,587,1730
13221,Oglethorpe County,GA,Not expanded by 2023,Metro,30.50,492,1614
13223,Paulding County,GA,Not expanded by 2023,Metro,28.40,3653,12845
13225,Peach County,GA,Not expanded by 2023,Metro,26.40,988,3736
13227,Pickens County,GA,Not expanded by 2023,Metro,27.60,881,3192
13229,Pierce County,GA,Not expanded by 2023,"Rural, near a metro",29.10,797,2736
13231,Pike County,GA,Not expanded by 2023,Metro,29.40,494,1681
13233,Polk County,GA,Not expanded by 2023,"Rural, near a metro",32.10,1884,5877
13235,Pulaski County,GA,Not expanded by 2023,Metro,25.70,338,1317
13237,Putnam County,GA,Not expanded by 2023,"Rural, near a metro",28.40,724,2553
13239,Quitman County,GA,Not expanded by 2023,Remote rural,24.60,74,301
13241,Rabun County,GA,Not expanded by 2023,Remote rural,36.00,674,1872
13243,Randolph County,GA,Not expanded by 2023,"Rural, near a metro",23.10,237,1028
13245,Richmond County,GA,Not expanded by 2023,Metro,23.60,7052,29913
13247,Rockdale County,GA,Not expanded by 2023,Metro,29.70,3277,11033
13249,Schley County,GA,Not expanded by 2023,"Rural, near a metro",24.00,139,580
13251,Screven County,GA,Not expanded by 2023,"Rural, near a metro",24.80,494,1991
13253,Seminole County,GA,Not expanded by 2023,"Rural, near a metro",23.10,317,1375
13255,Spalding County,GA,Not expanded by 2023,Metro,25.50,2458,9644
13257,Stephens County,GA,Not expanded by 2023,Remote rural,24.70,852,3446
13259,Stewart County,GA,Not expanded by 2023,"Rural, near a metro",26.40,191,723
13261,Sumter County,GA,Not expanded by 2023,"Rural, near a metro",24.80,1187,4788
13263,Talbot County,GA,Not expanded by 2023,"Rural, near a metro",24.90,192,772
13265,Taliaferro County,GA,Not expanded by 2023,"Rural, near a metro",24.80,57,230
13267,Tattnall County,GA,Not expanded by 2023,"Rural, near a metro",31.70,1033,3254
13269,Taylor County,GA,Not expanded by 2023,"Rural, near a metro",23.90,312,1305
13271,Telfair County,GA,Not expanded by 2023,Remote rural,23.20,407,1755
13273,Terrell County,GA,Not expanded by 2023,Metro,25.00,359,1434
13275,Thomas County,GA,Not expanded by 2023,"Rural, near a metro",22.90,1283,5593
13277,Tift County,GA,Not expanded by 2023,Remote rural,31.30,1906,6090
13279,Toombs County,GA,Not expanded by 2023,Remote rural,30.30,1305,4304
13281,Towns County,GA,Not expanded by 2023,Remote rural,27.50,313,1139
13283,Treutlen County,GA,Not expanded by 2023,Remote rural,24.40,238,977
13285,Troup County,GA,Not expanded by 2023,"Rural, near a metro",26.20,2528,9642
13287,Turner County,GA,Not expanded by 2023,"Rural, near a metro",26.40,417,1582
13289,Twiggs County,GA,Not expanded by 2023,Metro,24.60,246,998
13291,Union County,GA,Not expanded by 2023,Remote rural,31.70,695,2195
13293,Upson County,GA,Not expanded by 2023,"Rural, near a metro",24.20,1028,4246
13295,Walker County,GA,Not expanded by 2023,Metro,28.30,2329,8221
13297,Walton County,GA,Not expanded by 2023,Metro,29.20,2791,9549
13299,Ware County,GA,Not expanded by 2023,Remote rural,23.60,1288,5466
13301,Warren County,GA,Not expanded by 2023,"Rural, near a metro",24.40,201,825
13303,Washington County,GA,Not expanded by 2023,Remote rural,24.10,635,2632
13305,Wayne County,GA,Not expanded by 2023,"Rural, near a metro",27.30,1195,4372
13307,Webster County,GA,Not expanded by 2023,"Rural, near a metro",31.10,111,357
13309,Wheeler County,GA,Not expanded by 2023,Remote rural,27.50,237,862
13311,White County,GA,Not expanded by 2023,"Rural, near a metro",28.80,813,2820
13313,Whitfield County,GA,Not expanded by 2023,Metro,40.90,4903,11977
13315,Wilcox County,GA,Not expanded by 2023,"Rural, near a metro",30.10,328,1090
13317,Wilkes County,GA,Not expanded by 2023,"Rural, near a metro",28.20,373,1323
13319,Wilkinson County,GA,Not expanded by 2023,"Rural, near a metro",24.30,304,1250
13321,Worth County,GA,Not expanded by 2023,Metro,26.10,743,2850
15001,Hawaii County,HI,Expanded 2014,Remote rural,8.50,2143,25117
15003,Honolulu County,HI,Expanded 2014,Metro,7.90,5952,75510
15007,Kauai County,HI,Expanded 2014,Remote rural,8.60,555,6489
15009,Maui County,HI,Expanded 2014,Metro,9.70,1450,14971
16001,Ada County,ID,Expanded 2019-2022,Metro,18.80,6653,35398
16003,Adams County,ID,Expanded 2019-2022,Remote rural,19.90,96,482
16005,Bannock County,ID,Expanded 2019-2022,Metro,14.00,1386,9910
16007,Bear Lake County,ID,Expanded 2019-2022,Remote rural,18.50,115,620
16009,Benewah County,ID,Expanded 2019-2022,"Rural, near a metro",17.20,214,1242
16011,Bingham County,ID,Expanded 2019-2022,"Rural, near a metro",18.20,856,4709
16013,Blaine County,ID,Expanded 2019-2022,Remote rural,33.00,448,1357
16015,Boise County,ID,Expanded 2019-2022,Metro,21.90,136,622
16017,Bonner County,ID,Expanded 2019-2022,"Rural, near a metro",24.00,1148,4776
16019,Bonneville County,ID,Expanded 2019-2022,Metro,18.60,2186,11743
16021,Boundary County,ID,Expanded 2019-2022,Remote rural,25.90,397,1532
16023,Butte County,ID,Expanded 2019-2022,Metro,21.20,68,321
16025,Camas County,ID,Expanded 2019-2022,Remote rural,20.70,19,92
16027,Canyon County,ID,Expanded 2019-2022,Metro,25.20,5677,22538
16029,Caribou County,ID,Expanded 2019-2022,"Rural, near a metro",23.30,150,644
16031,Cassia County,ID,Expanded 2019-2022,Remote rural,23.30,593,2550
16033,Clark County,ID,Expanded 2019-2022,Remote rural,35.30,36,102
16035,Clearwater County,ID,Expanded 2019-2022,"Rural, near a metro",16.70,140,836
16037,Custer County,ID,Expanded 2019-2022,"Rural, near a metro",18.20,87,477
16039,Elmore County,ID,Expanded 2019-2022,"Rural, near a metro",21.70,721,3330
16041,Franklin County,ID,Expanded 2019-2022,Metro,18.80,259,1377
16043,Fremont County,ID,Expanded 2019-2022,"Rural, near a metro",24.90,358,1440
16045,Gem County,ID,Expanded 2019-2022,Metro,25.40,476,1871
16047,Gooding County,ID,Expanded 2019-2022,Remote rural,26.70,507,1899
16049,Idaho County,ID,Expanded 2019-2022,"Rural, near a metro",20.00,331,1657
16051,Jefferson County,ID,Expanded 2019-2022,Metro,22.40,605,2698
16053,Jerome County,ID,Expanded 2019-2022,Remote rural,30.40,871,2865
16055,Kootenai County,ID,Expanded 2019-2022,Metro,17.90,2661,14838
16057,Latah County,ID,Expanded 2019-2022,"Rural, near a metro",18.40,1010,5490
16059,Lemhi County,ID,Expanded 2019-2022,Remote rural,17.20,145,843
16061,Lewis County,ID,Expanded 2019-2022,"Rural, near a metro",14.40,61,423
16063,Lincoln County,ID,Expanded 2019-2022,Remote rural,27.50,179,651
16065,Madison County,ID,Expanded 2019-2022,"Rural, near a metro",14.30,1274,8939
16067,Minidoka County,ID,Expanded 2019-2022,Remote rural,23.40,521,2229
16069,Nez Perce County,ID,Expanded 2019-2022,Metro,13.90,585,4201
16071,Oneida County,ID,Expanded 2019-2022,"Rural, near a metro",16.80,77,459
16073,Owyhee County,ID,Expanded 2019-2022,Metro,27.20,390,1436
16075,Payette County,ID,Expanded 2019-2022,"Rural, near a metro",21.40,588,2745
16077,Power County,ID,Expanded 2019-2022,"Rural, near a metro",26.40,236,893
16079,Shoshone County,ID,Expanded 2019-2022,"Rural, near a metro",16.10,301,1872
16081,Teton County,ID,Expanded 2019-2022,Remote rural,28.80,294,1020
16083,Twin Falls County,ID,Expanded 2019-2022,Remote rural,21.20,2022,9545
16085,Valley County,ID,Expanded 2019-2022,"Rural, near a metro",19.50,181,930
16087,Washington County,ID,Expanded 2019-2022,"Rural, near a metro",19.30,252,1307
17001,Adams County,IL,Expanded 2014,Remote rural,9.20,533,5778
17003,Alexander County,IL,Expanded 2014,Metro,9.60,68,712
17005,Bond County,IL,Expanded 2014,Metro,11.50,165,1430
17007,Boone County,IL,Expanded 2014,Metro,16.00,674,4216
17009,Brown County,IL,Expanded 2014,Remote rural,9.90,48,487
17011,Bureau County,IL,Expanded 2014,Remote rural,10.80,327,3022
17013,Calhoun County,IL,Expanded 2014,Metro,11.30,38,336
17015,Carroll County,IL,Expanded 2014,Remote rural,12.00,162,1345
17017,Cass County,IL,Expanded 2014,"Rural, near a metro",18.50,246,1328
17019,Champaign County,IL,Expanded 2014,Metro,12.90,3895,30251
17021,Christian County,IL,Expanded 2014,"Rural, near a metro",10.30,315,3048
17023,Clark County,IL,Expanded 2014,"Rural, near a metro",11.00,160,1456
17025,Clay County,IL,Expanded 2014,Remote rural,11.40,175,1540
17027,Clinton County,IL,Expanded 2014,Metro,12.50,286,2283
17029,Coles County,IL,Expanded 2014,Remote rural,9.40,626,6651
17031,Cook County,IL,Expanded 2014,Metro,18.80,95918,510567
17033,Crawford County,IL,Expanded 2014,Remote rural,10.40,179,1714
17035,Cumberland County,IL,Expanded 2014,Remote rural,10.90,92,847
17037,DeKalb County,IL,Expanded 2014,Metro,14.20,1717,12072
17039,De Witt County,IL,Expanded 2014,Metro,10.70,144,1347
17041,Douglas County,IL,Expanded 2014,"Rural, near a metro",15.90,266,1676
17043,DuPage County,IL,Expanded 2014,Metro,18.30,8491,46344
17045,Edgar County,IL,Expanded 2014,"Rural, near a metro",10.70,191,1792
17047,Edwards County,IL,Expanded 2014,Remote rural,12.40,76,613
17049,Effingham County,IL,Expanded 2014,Remote rural,10.90,296,2710
17051,Fayette County,IL,Expanded 2014,"Rural, near a metro",11.60,249,2143
17053,Ford County,IL,Expanded 2014,Metro,11.30,145,1284
17055,Franklin County,IL,Expanded 2014,"Rural, near a metro",11.60,605,5234
17057,Fulton County,IL,Expanded 2014,"Rural, near a metro",11.10,372,3337
17059,Gallatin County,IL,Expanded 2014,"Rural, near a metro",11.80,61,515
17061,Greene County,IL,Expanded 2014,"Rural, near a metro",11.10,155,1397
17063,Grundy County,IL,Expanded 2014,Metro,11.40,381,3337
17065,Hamilton County,IL,Expanded 2014,Remote rural,12.80,103,804
17067,Hancock County,IL,Expanded 2014,Remote rural,12.00,194,1617
17069,Hardin County,IL,Expanded 2014,Remote rural,9.10,44,482
17071,Henderson County,IL,Expanded 2014,Remote rural,12.00,68,566
17073,Henry County,IL,Expanded 2014,Metro,11.00,396,3588
17075,Iroquois County,IL,Expanded 2014,"Rural, near a metro",13.70,338,2463
17077,Jackson County,IL,Expanded 2014,Metro,12.60,1268,10102
17079,Jasper County,IL,Expanded 2014,Remote rural,12.10,88,725
17081,Jefferson County,IL,Expanded 2014,Remote rural,11.50,448,3910
17083,Jersey County,IL,Expanded 2014,Metro,11.60,201,1726
17085,Jo Daviess County,IL,Expanded 2014,"Rural, near a metro",12.90,201,1562
17087,Johnson County,IL,Expanded 2014,"Rural, near a metro",11.30,136,1201
17089,Kane County,IL,Expanded 2014,Metro,21.70,7107,32791
17091,Kankakee County,IL,Expanded 2014,Metro,12.00,1308,10941
17093,Kendall County,IL,Expanded 2014,Metro,18.10,1161,6413
17095,Knox County,IL,Expanded 2014,"Rural, near a metro",11.90,637,5356
17097,Lake County,IL,Expanded 2014,Metro,20.20,8249,40802
17099,La Salle County,IL,Expanded 2014,"Rural, near a metro",11.30,1119,9944
17101,Lawrence County,IL,Expanded 2014,Remote rural,10.90,168,1539
17103,Lee County,IL,Expanded 2014,"Rural, near a metro",11.10,322,2904
17105,Livingston County,IL,Expanded 2014,"Rural, near a metro",12.00,356,2970
17107,Logan County,IL,Expanded 2014,"Rural, near a metro",9.20,224,2425
17109,McDonough County,IL,Expanded 2014,Remote rural,9.20,366,3990
17111,McHenry County,IL,Expanded 2014,Metro,15.60,2419,15485
17113,McLean County,IL,Expanded 2014,Metro,14.10,2473,17530
17115,Macon County,IL,Expanded 2014,Metro,9.00,1013,11285
17117,Macoupin County,IL,Expanded 2014,Metro,11.30,516,4583
17119,Madison County,IL,Expanded 2014,Metro,11.50,2679,23341
17121,Marion County,IL,Expanded 2014,"Rural, near a metro",11.50,537,4682
17123,Marshall County,IL,Expanded 2014,Metro,11.50,121,1056
17125,Mason County,IL,Expanded 2014,"Rural, near a metro",10.50,154,1462
17127,Massac County,IL,Expanded 2014,Remote rural,11.90,206,1728
17129,Menard County,IL,Expanded 2014,Metro,11.70,104,889
17131,Mercer County,IL,Expanded 2014,Metro,11.30,138,1224
17133,Monroe County,IL,Expanded 2014,Metro,12.00,163,1361
17135,Montgomery County,IL,Expanded 2014,"Rural, near a metro",10.10,268,2656
17137,Morgan County,IL,Expanded 2014,"Rural, near a metro",10.80,360,3329
17139,Moultrie County,IL,Expanded 2014,"Rural, near a metro",14.90,184,1233
17141,Ogle County,IL,Expanded 2014,"Rural, near a metro",12.50,487,3884
17143,Peoria County,IL,Expanded 2014,Metro,12.20,2448,20009
17145,Perry County,IL,Expanded 2014,"Rural, near a metro",11.50,247,2139
17147,Piatt County,IL,Expanded 2014,Metro,11.50,121,1055
17149,Pike County,IL,Expanded 2014,Remote rural,11.70,178,1518
17151,Pope County,IL,Expanded 2014,"Rural, near a metro",11.80,49,417
17153,Pulaski County,IL,Expanded 2014,"Rural, near a metro",9.90,72,728
17155,Putnam County,IL,Expanded 2014,"Rural, near a metro",13.20,51,387
17157,Randolph County,IL,Expanded 2014,"Rural, near a metro",14.80,398,2691
17159,Richland County,IL,Expanded 2014,Remote rural,10.80,191,1763
17161,Rock Island County,IL,Expanded 2014,Metro,12.80,1861,14536
17163,St. Clair County,IL,Expanded 2014,Metro,11.50,2858,24936
17165,Saline County,IL,Expanded 2014,"Rural, near a metro",10.30,332,3236
17167,Sangamon County,IL,Expanded 2014,Metro,11.40,2082,18278
17169,Schuyler County,IL,Expanded 2014,Remote rural,13.20,95,717
17171,Scott County,IL,Expanded 2014,Remote rural,10.70,47,441
17173,Shelby County,IL,Expanded 2014,"Rural, near a metro",10.80,188,1745
17175,Stark County,IL,Expanded 2014,Metro,12.40,62,498
17177,Stephenson County,IL,Expanded 2014,"Rural, near a metro",11.00,504,4601
17179,Tazewell County,IL,Expanded 2014,Metro,12.10,1197,9923
17181,Union County,IL,Expanded 2014,"Rural, near a metro",12.40,264,2124
17183,Vermilion County,IL,Expanded 2014,Metro,9.40,846,8977
17185,Wabash County,IL,Expanded 2014,Remote rural,10.40,116,1116
17187,Warren County,IL,Expanded 2014,"Rural, near a metro",14.20,214,1510
17189,Washington County,IL,Expanded 2014,"Rural, near a metro",10.30,101,984
17191,Wayne County,IL,Expanded 2014,Remote rural,13.40,225,1685
17193,White County,IL,Expanded 2014,"Rural, near a metro",10.30,157,1518
17195,Whiteside County,IL,Expanded 2014,"Rural, near a metro",11.30,561,4964
17197,Will County,IL,Expanded 2014,Metro,16.40,6205,37839
17199,Williamson County,IL,Expanded 2014,Metro,10.40,756,7284
17201,Winnebago County,IL,Expanded 2014,Metro,12.90,4371,33935
17203,Woodford County,IL,Expanded 2014,Metro,13.70,299,2178
18001,Adams County,IN,Expanded 2015-2017,"Rural, near a metro",17.50,646,3701
18003,Allen County,IN,Expanded 2015-2017,Metro,17.10,6788,39625
18005,Bartholomew County,IN,Expanded 2015-2017,Metro,18.40,1297,7038
18007,Benton County,IN,Expanded 2015-2017,Metro,15.90,150,942
18009,Blackford County,IN,Expanded 2015-2017,"Rural, near a metro",13.00,191,1465
18011,Boone County,IN,Expanded 2015-2017,Metro,16.30,564,3456
18013,Brown County,IN,Expanded 2015-2017,Metro,14.30,175,1224
18015,Carroll County,IN,Expanded 2015-2017,Metro,15.30,248,1626
18017,Cass County,IN,Expanded 2015-2017,"Rural, near a metro",17.90,773,4313
18019,Clark County,IN,Expanded 2015-2017,Metro,14.20,1610,11330
18021,Clay County,IN,Expanded 2015-2017,Metro,12.40,340,2753
18023,Clinton County,IN,Expanded 2015-2017,"Rural, near a metro",19.30,624,3241
18025,Crawford County,IN,Expanded 2015-2017,"Rural, near a metro",16.00,236,1472
18027,Daviess County,IN,Expanded 2015-2017,Remote rural,21.10,622,2950
18029,Dearborn County,IN,Expanded 2015-2017,Metro,13.80,498,3603
18031,Decatur County,IN,Expanded 2015-2017,"Rural, near a metro",12.50,298,2393
18033,De Kalb County,IN,Expanded 2015-2017,"Rural, near a metro",14.80,536,3624
18035,Delaware County,IN,Expanded 2015-2017,Metro,12.80,2350,18395
18037,Dubois County,IN,Expanded 2015-2017,Remote rural,15.70,444,2829
18039,Elkhart County,IN,Expanded 2015-2017,Metro,21.90,4131,18827
18041,Fayette County,IN,Expanded 2015-2017,"Rural, near a metro",11.70,408,3485
18043,Floyd County,IN,Expanded 2015-2017,Metro,13.40,835,6215
18045,Fountain County,IN,Expanded 2015-2017,"Rural, near a metro",14.40,239,1659
18047,Franklin County,IN,Expanded 2015-2017,"Rural, near a metro",15.40,266,1730
18049,Fulton County,IN,Expanded 2015-2017,Remote rural,16.10,337,2092
18051,Gibson County,IN,Expanded 2015-2017,"Rural, near a metro",12.60,362,2870
18053,Grant County,IN,Expanded 2015-2017,"Rural, near a metro",11.90,1030,8690
18055,Greene County,IN,Expanded 2015-2017,"Rural, near a metro",13.70,477,3494
18057,Hamilton County,IN,Expanded 2015-2017,Metro,16.00,2195,13701
18059,Hancock County,IN,Expanded 2015-2017,Metro,15.10,721,4771
18061,Harrison County,IN,Expanded 2015-2017,Metro,13.30,407,3057
18063,Hendricks County,IN,Expanded 2015-2017,Metro,16.90,1578,9345
18065,Henry County,IN,Expanded 2015-2017,"Rural, near a metro",12.20,633,5172
18067,Howard County,IN,Expanded 2015-2017,Metro,11.70,1039,8909
18069,Huntington County,IN,Expanded 2015-2017,"Rural, near a metro",12.70,451,3545
18071,Jackson County,IN,Expanded 2015-2017,"Rural, near a metro",17.10,734,4292
18073,Jasper County,IN,Expanded 2015-2017,Metro,14.10,379,2694
18075,Jay County,IN,Expanded 2015-2017,"Rural, near a metro",13.50,315,2327
18077,Jefferson County,IN,Expanded 2015-2017,"Rural, near a metro",13.80,449,3252
18079,Jennings County,IN,Expanded 2015-2017,"Rural, near a metro",13.20,430,3264
18081,Johnson County,IN,Expanded 2015-2017,Metro,13.20,1460,11069
18083,Knox County,IN,Expanded 2015-2017,Remote rural,11.40,461,4045
18085,Kosciusko County,IN,Expanded 2015-2017,"Rural, near a metro",17.90,1097,6112
18087,Lagrange County,IN,Expanded 2015-2017,"Rural, near a metro",31.90,893,2801
18089,Lake County,IN,Expanded 2015-2017,Metro,14.10,7036,50032
18091,La Porte County,IN,Expanded 2015-2017,Metro,14.20,1560,10957
18093,Lawrence County,IN,Expanded 2015-2017,"Rural, near a metro",13.20,588,4464
18095,Madison County,IN,Expanded 2015-2017,Metro,13.20,1984,14985
18097,Marion County,IN,Expanded 2015-2017,Metro,17.10,20029,117025
18099,Marshall County,IN,Expanded 2015-2017,"Rural, near a metro",19.70,786,3993
18101,Martin County,IN,Expanded 2015-2017,Remote rural,13.70,132,963
18103,Miami County,IN,Expanded 2015-2017,"Rural, near a metro",11.50,454,3959
18105,Monroe County,IN,Expanded 2015-2017,Metro,12.00,2704,22541
18107,Montgomery County,IN,Expanded 2015-2017,"Rural, near a metro",16.60,608,3655
18109,Morgan County,IN,Expanded 2015-2017,Metro,13.00,705,5434
18111,Newton County,IN,Expanded 2015-2017,Metro,18.20,233,1281
18113,Noble County,IN,Expanded 2015-2017,"Rural, near a metro",20.40,826,4045
18115,Ohio County,IN,Expanded 2015-2017,Metro,13.70,68,495
18117,Orange County,IN,Expanded 2015-2017,"Rural, near a metro",12.80,300,2337
18119,Owen County,IN,Expanded 2015-2017,Metro,15.10,375,2476
18121,Parke County,IN,Expanded 2015-2017,"Rural, near a metro",16.50,275,1662
18123,Perry County,IN,Expanded 2015-2017,"Rural, near a metro",12.80,238,1864
18125,Pike County,IN,Expanded 2015-2017,"Rural, near a metro",13.90,152,1096
18127,Porter County,IN,Expanded 2015-2017,Metro,14.60,1871,12790
18129,Posey County,IN,Expanded 2015-2017,Metro,12.70,219,1725
18131,Pulaski County,IN,Expanded 2015-2017,"Rural, near a metro",13.80,170,1228
18133,Putnam County,IN,Expanded 2015-2017,Metro,13.70,431,3140
18135,Randolph County,IN,Expanded 2015-2017,"Rural, near a metro",13.80,385,2799
18137,Ripley County,IN,Expanded 2015-2017,"Rural, near a metro",12.40,308,2476
18139,Rush County,IN,Expanded 2015-2017,"Rural, near a metro",14.10,267,1895
18141,St. Joseph County,IN,Expanded 2015-2017,Metro,18.70,5251,28069
18143,Scott County,IN,Expanded 2015-2017,Metro,11.80,407,3448
18145,Shelby County,IN,Expanded 2015-2017,Metro,14.80,611,4118
18147,Spencer County,IN,Expanded 2015-2017,"Rural, near a metro",14.40,217,1503
18149,Starke County,IN,Expanded 2015-2017,"Rural, near a metro",13.60,355,2618
18151,Steuben County,IN,Expanded 2015-2017,Remote rural,15.10,402,2667
18153,Sullivan County,IN,Expanded 2015-2017,Metro,13.60,296,2171
18155,Switzerland County,IN,Expanded 2015-2017,"Rural, near a metro",14.20,170,1201
18157,Tippecanoe County,IN,Expanded 2015-2017,Metro,14.10,3940,27899
18159,Tipton County,IN,Expanded 2015-2017,"Rural, near a metro",13.40,153,1139
18161,Union County,IN,Expanded 2015-2017,Metro,12.70,87,684
18163,Vanderburgh County,IN,Expanded 2015-2017,Metro,12.20,2428,19950
18165,Vermillion County,IN,Expanded 2015-2017,Metro,12.00,210,1750
18167,Vigo County,IN,Expanded 2015-2017,Metro,12.60,1905,15086
18169,Wabash County,IN,Expanded 2015-2017,"Rural, near a metro",13.00,376,2903
18171,Warren County,IN,Expanded 2015-2017,"Rural, near a metro",12.60,85,677
18173,Warrick County,IN,Expanded 2015-2017,Metro,14.10,528,3745
18175,Washington County,IN,Expanded 2015-2017,Metro,14.90,471,3165
18177,Wayne County,IN,Expanded 2015-2017,Remote rural,13.90,1202,8673
18179,Wells County,IN,Expanded 2015-2017,Metro,14.00,315,2242
18181,White County,IN,Expanded 2015-2017,"Rural, near a metro",16.90,359,2123
18183,Whitley County,IN,Expanded 2015-2017,Metro,14.30,334,2334
19001,Adair County,IA,Expanded 2014,"Rural, near a metro",10.20,67,657
19003,Adams County,IA,Expanded 2014,Remote rural,11.40,41,359
19005,Allamakee County,IA,Expanded 2014,"Rural, near a metro",16.80,215,1280
19007,Appanoose County,IA,Expanded 2014,Remote rural,11.60,180,1547
19009,Audubon County,IA,Expanded 2014,"Rural, near a metro",11.60,55,476
19011,Benton County,IA,Expanded 2014,Metro,10.80,184,1701
19013,Black Hawk County,IA,Expanded 2014,Metro,12.70,1999,15683
19015,Boone County,IA,Expanded 2014,"Rural, near a metro",10.90,194,1772
19017,Bremer County,IA,Expanded 2014,Metro,10.60,159,1499
19019,Buchanan County,IA,Expanded 2014,"Rural, near a metro",12.90,195,1506
19021,Buena Vista County,IA,Expanded 2014,Remote rural,23.70,412,1737
19023,Butler County,IA,Expanded 2014,"Rural, near a metro",13.40,141,1056
19025,Calhoun County,IA,Expanded 2014,Remote rural,11.10,88,790
19027,Carroll County,IA,Expanded 2014,Remote rural,10.20,160,1568
19029,Cass County,IA,Expanded 2014,"Rural, near a metro",11.90,157,1318
19031,Cedar County,IA,Expanded 2014,"Rural, near a metro",11.10,150,1353
19033,Cerro Gordo County,IA,Expanded 2014,Remote rural,9.50,348,3674
19035,Cherokee County,IA,Expanded 2014,"Rural, near a metro",11.50,110,953
19037,Chickasaw County,IA,Expanded 2014,"Rural, near a metro",13.00,100,768
19039,Clarke County,IA,Expanded 2014,"Rural, near a metro",13.80,141,1019
19041,Clay County,IA,Expanded 2014,Remote rural,11.50,161,1396
19043,Clayton County,IA,Expanded 2014,"Rural, near a metro",13.70,216,1577
19045,Clinton County,IA,Expanded 2014,"Rural, near a metro",11.70,539,4598
19047,Crawford County,IA,Expanded 2014,Remote rural,19.20,297,1545
19049,Dallas County,IA,Expanded 2014,Metro,15.20,869,5707
19051,Davis County,IA,Expanded 2014,Remote rural,17.50,156,891
19053,Decatur County,IA,Expanded 2014,Remote rural,12.20,121,994
19055,Delaware County,IA,Expanded 2014,"Rural, near a metro",12.00,144,1199
19057,Des Moines County,IA,Expanded 2014,Remote rural,10.80,448,4163
19059,Dickinson County,IA,Expanded 2014,Remote rural,13.90,147,1060
19061,Dubuque County,IA,Expanded 2014,Metro,9.70,753,7738
19063,Emmet County,IA,Expanded 2014,Remote rural,15.70,118,751
19065,Fayette County,IA,Expanded 2014,"Rural, near a metro",11.50,215,1873
19067,Floyd County,IA,Expanded 2014,Remote rural,10.70,145,1357
19069,Franklin County,IA,Expanded 2014,Remote rural,15.60,136,871
19071,Fremont County,IA,Expanded 2014,"Rural, near a metro",11.80,62,527
19073,Greene County,IA,Expanded 2014,"Rural, near a metro",11.20,83,738
19075,Grundy County,IA,Expanded 2014,Metro,12.40,85,683
19077,Guthrie County,IA,Expanded 2014,Metro,13.50,107,792
19079,Hamilton County,IA,Expanded 2014,"Rural, near a metro",16.20,184,1135
19081,Hancock County,IA,Expanded 2014,Remote rural,14.20,110,777
19083,Hardin County,IA,Expanded 2014,"Rural, near a metro",13.30,193,1450
19085,Harrison County,IA,Expanded 2014,Metro,11.60,137,1180
19087,Henry County,IA,Expanded 2014,"Rural, near a metro",12.40,224,1811
19089,Howard County,IA,Expanded 2014,"Rural, near a metro",14.20,110,772
19091,Humboldt County,IA,Expanded 2014,Remote rural,14.60,110,752
19093,Ida County,IA,Expanded 2014,"Rural, near a metro",11.10,61,548
19095,Iowa County,IA,Expanded 2014,"Rural, near a metro",12.00,137,1144
19097,Jackson County,IA,Expanded 2014,"Rural, near a metro",11.60,201,1726
19099,Jasper County,IA,Expanded 2014,"Rural, near a metro",12.60,380,3019
19101,Jefferson County,IA,Expanded 2014,Remote rural,15.50,305,1974
19103,Johnson County,IA,Expanded 2014,Metro,14.80,3223,21758
19105,Jones County,IA,Expanded 2014,Metro,11.40,181,1586
19107,Keokuk County,IA,Expanded 2014,"Rural, near a metro",11.50,112,974
19109,Kossuth County,IA,Expanded 2014,Remote rural,15.10,162,1071
19111,Lee County,IA,Expanded 2014,Remote rural,10.80,362,3337
19113,Linn County,IA,Expanded 2014,Metro,12.40,2390,19298
19115,Louisa County,IA,Expanded 2014,"Rural, near a metro",17.20,150,871
19117,Lucas County,IA,Expanded 2014,"Rural, near a metro",11.50,115,996
19119,Lyon County,IA,Expanded 2014,"Rural, near a metro",11.80,86,727
19121,Madison County,IA,Expanded 2014,Metro,12.50,124,995
19123,Mahaska County,IA,Expanded 2014,Remote rural,11.70,240,2056
19125,Marion County,IA,Expanded 2014,"Rural, near a metro",10.20,224,2189
19127,Marshall County,IA,Expanded 2014,"Rural, near a metro",17.20,619,3594
19129,Mills County,IA,Expanded 2014,Metro,11.60,110,945
19131,Mitchell County,IA,Expanded 2014,Remote rural,14.90,118,793
19133,Monona County,IA,Expanded 2014,"Rural, near a metro",10.70,87,812
19135,Monroe County,IA,Expanded 2014,Remote rural,10.80,76,703
19137,Montgomery County,IA,Expanded 2014,"Rural, near a metro",11.10,118,1059
19139,Muscatine County,IA,Expanded 2014,"Rural, near a metro",14.20,543,3830
19141,O'Brien County,IA,Expanded 2014,Remote rural,14.00,162,1158
19143,Osceola County,IA,Expanded 2014,Remote rural,17.00,76,448
19145,Page County,IA,Expanded 2014,"Rural, near a metro",9.50,138,1456
19147,Palo Alto County,IA,Expanded 2014,Remote rural,11.70,85,725
19149,Plymouth County,IA,Expanded 2014,Metro,15.00,240,1598
19151,Pocahontas County,IA,Expanded 2014,Remote rural,14.90,89,598
19153,Polk County,IA,Expanded 2014,Metro,15.90,6861,43018
19155,Pottawattamie County,IA,Expanded 2014,Metro,11.40,973,8561
19157,Poweshiek County,IA,Expanded 2014,Remote rural,10.80,162,1495
19159,Ringgold County,IA,Expanded 2014,Remote rural,11.60,56,482
19161,Sac County,IA,Expanded 2014,Remote rural,13.10,93,712
19163,Scott County,IA,Expanded 2014,Metro,13.20,2049,15581
19165,Shelby County,IA,Expanded 2014,"Rural, near a metro",12.10,109,900
19167,Sioux County,IA,Expanded 2014,Remote rural,16.90,337,1996
19169,Story County,IA,Expanded 2014,Metro,12.40,1737,14018
19171,Tama County,IA,Expanded 2014,"Rural, near a metro",14.40,214,1484
19173,Taylor County,IA,Expanded 2014,Remote rural,15.50,84,543
19175,Union County,IA,Expanded 2014,"Rural, near a metro",10.80,146,1347
19177,Van Buren County,IA,Expanded 2014,Remote rural,14.60,118,810
19179,Wapello County,IA,Expanded 2014,Remote rural,14.90,636,4260
19181,Warren County,IA,Expanded 2014,Metro,11.10,315,2836
19183,Washington County,IA,Expanded 2014,Metro,15.60,277,1780
19185,Wayne County,IA,Expanded 2014,Remote rural,13.50,103,763
19187,Webster County,IA,Expanded 2014,Remote rural,14.70,561,3805
19189,Winnebago County,IA,Expanded 2014,Remote rural,11.20,93,828
19191,Winneshiek County,IA,Expanded 2014,Remote rural,11.50,140,1216
19193,Woodbury County,IA,Expanded 2014,Metro,15.50,1724,11142
19195,Worth County,IA,Expanded 2014,Remote rural,11.80,65,551
19197,Wright County,IA,Expanded 2014,Remote rural,13.10,172,1310
20001,Allen County,KS,Not expanded by 2023,Remote rural,18.10,274,1511
20003,Anderson County,KS,Not expanded by 2023,"Rural, near a metro",20.20,165,816
20005,Atchison County,KS,Not expanded by 2023,"Rural, near a metro",16.80,274,1634
20007,Barber County,KS,Not expanded by 2023,Remote rural,20.70,87,421
20009,Barton County,KS,Not expanded by 2023,Remote rural,24.30,615,2529
20011,Bourbon County,KS,Not expanded by 2023,"Rural, near a metro",17.40,321,1848
20013,Brown County,KS,Not expanded by 2023,"Rural, near a metro",16.90,165,976
20015,Butler County,KS,Not expanded by 2023,Metro,21.00,972,4622
20017,Chase County,KS,Not expanded by 2023,Remote rural,20.30,47,231
20019,Chautauqua County,KS,Not expanded by 2023,"Rural, near a metro",20.90,93,446
20021,Cherokee County,KS,Not expanded by 2023,"Rural, near a metro",18.40,449,2434
20023,Cheyenne County,KS,Not expanded by 2023,Remote rural,28.20,78,277
20025,Clark County,KS,Not expanded by 2023,Remote rural,19.10,33,173
20027,Clay County,KS,Not expanded by 2023,"Rural, near a metro",20.30,139,686
20029,Cloud County,KS,Not expanded by 2023,Remote rural,21.60,193,892
20031,Coffey County,KS,Not expanded by 2023,"Rural, near a metro",19.60,137,699
20033,Comanche County,KS,Not expanded by 2023,Remote rural,18.30,30,164
20035,Cowley County,KS,Not expanded by 2023,"Rural, near a metro",18.60,707,3809
20037,Crawford County,KS,Not expanded by 2023,"Rural, near a metro",19.20,1179,6154
20039,Decatur County,KS,Not expanded by 2023,Remote rural,20.10,55,273
20041,Dickinson County,KS,Not expanded by 2023,Remote rural,20.40,349,1714
20043,Doniphan County,KS,Not expanded by 2023,Metro,19.90,130,654
20045,Douglas County,KS,Not expanded by 2023,Metro,18.70,3080,16445
20047,Edwards County,KS,Not expanded by 2023,Remote rural,29.30,73,249
20049,Elk County,KS,Not expanded by 2023,"Rural, near a metro",20.80,68,327
20051,Ellis County,KS,Not expanded by 2023,Remote rural,21.50,752,3503
20053,Ellsworth County,KS,Not expanded by 2023,Remote rural,19.50,92,473
20055,Finney County,KS,Not expanded by 2023,Remote rural,31.50,1121,3557
20057,Ford County,KS,Not expanded by 2023,Remote rural,35.00,1140,3259
20059,Franklin County,KS,Not expanded by 2023,"Rural, near a metro",21.30,533,2507
20061,Geary County,KS,Not expanded by 2023,"Rural, near a metro",17.40,800,4607
20063,Gove County,KS,Not expanded by 2023,Remote rural,20.40,49,240
20065,Graham County,KS,Not expanded by 2023,Remote rural,20.40,53,260
20067,Grant County,KS,Not expanded by 2023,Remote rural,34.20,201,588
20069,Gray County,KS,Not expanded by 2023,Remote rural,36.70,162,441
20071,Greeley County,KS,Not expanded by 2023,Remote rural,25.50,26,102
20073,Greenwood County,KS,Not expanded by 2023,"Rural, near a metro",19.80,139,702
20075,Hamilton County,KS,Not expanded by 2023,Remote rural,33.10,83,251
20077,Harper County,KS,Not expanded by 2023,"Rural, near a metro",22.70,152,671
20079,Harvey County,KS,Not expanded by 2023,Metro,19.30,543,2819
20081,Haskell County,KS,Not expanded by 2023,Remote rural,35.90,117,326
20083,Hodgeman County,KS,Not expanded by 2023,Remote rural,25.40,34,134
20085,Jackson County,KS,Not expanded by 2023,Metro,19.80,215,1084
20087,Jefferson County,KS,Not expanded by 2023,Metro,20.40,248,1215
20089,Jewell County,KS,Not expanded by 2023,Remote rural,23.00,62,270
20091,Johnson County,KS,Not expanded by 2023,Metro,22.80,6444,28248
20093,Kearny County,KS,Not expanded by 2023,Remote rural,30.50,102,334
20095,Kingman County,KS,Not expanded by 2023,Metro,17.70,144,813
20097,Kiowa County,KS,Not expanded by 2023,Remote rural,22.20,46,207
20099,Labette County,KS,Not expanded by 2023,Remote rural,18.50,507,2747
20101,Lane County,KS,Not expanded by 2023,Remote rural,25.90,35,135
20103,Leavenworth County,KS,Not expanded by 2023,Metro,20.50,1207,5876
20105,Lincoln County,KS,Not expanded by 2023,Remote rural,21.00,61,291
20107,Linn County,KS,Not expanded by 2023,Metro,20.90,217,1038
20109,Logan County,KS,Not expanded by 2023,Remote rural,21.10,59,280
20111,Lyon County,KS,Not expanded by 2023,"Rural, near a metro",22.80,963,4223
20113,McPherson County,KS,Not expanded by 2023,Remote rural,20.70,459,2214
20115,Marion County,KS,Not expanded by 2023,"Rural, near a metro",23.00,226,984
20117,Marshall County,KS,Not expanded by 2023,"Rural, near a metro",19.70,159,806
20119,Meade County,KS,Not expanded by 2023,Remote rural,30.40,102,335
20121,Miami County,KS,Not expanded by 2023,Metro,19.60,418,2133
20123,Mitchell County,KS,Not expanded by 2023,Remote rural,20.90,115,549
20125,Montgomery County,KS,Not expanded by 2023,Remote rural,17.20,681,3959
20127,Morris County,KS,Not expanded by 2023,"Rural, near a metro",22.90,105,458
20129,Morton County,KS,Not expanded by 2023,Remote rural,27.30,75,275
20131,Nemaha County,KS,Not expanded by 2023,"Rural, near a metro",20.40,135,661
20133,Neosho County,KS,Not expanded by 2023,Remote rural,19.10,336,1763
20135,Ness County,KS,Not expanded by 2023,Remote rural,28.80,53,184
20137,Norton County,KS,Not expanded by 2023,Remote rural,19.40,91,468
20139,Osage County,KS,Not expanded by 2023,Metro,19.30,274,1422
20141,Osborne County,KS,Not expanded by 2023,Remote rural,17.20,57,332
20143,Ottawa County,KS,Not expanded by 2023,Remote rural,20.10,100,497
20145,Pawnee County,KS,Not expanded by 2023,Remote rural,20.10,110,547
20147,Phillips County,KS,Not expanded by 2023,Remote rural,21.20,102,482
20149,Pottawatomie County,KS,Not expanded by 2023,Metro,21.40,351,1638
20151,Pratt County,KS,Not expanded by 2023,Remote rural,21.80,169,775
20153,Rawlins County,KS,Not expanded by 2023,Remote rural,21.50,46,214
20155,Reno County,KS,Not expanded by 2023,"Rural, near a metro",21.40,1348,6310
20157,Republic County,KS,Not expanded by 2023,Remote rural,18.20,82,450
20159,Rice County,KS,Not expanded by 2023,Remote rural,22.20,178,802
20161,Riley County,KS,Not expanded by 2023,Metro,17.70,2102,11862
20163,Rooks County,KS,Not expanded by 2023,Remote rural,21.70,98,451
20165,Rush County,KS,Not expanded by 2023,Remote rural,21.20,61,288
20167,Russell County,KS,Not expanded by 2023,Remote rural,18.10,137,757
20169,Saline County,KS,Not expanded by 2023,Remote rural,19.80,1024,5175
20171,Scott County,KS,Not expanded by 2023,Remote rural,30.40,119,391
20173,Sedgwick County,KS,Not expanded by 2023,Metro,25.00,14008,55992
20175,Seward County,KS,Not expanded by 2023,Remote rural,34.60,770,2226
20177,Shawnee County,KS,Not expanded by 2023,Metro,21.80,3966,18153
20179,Sheridan County,KS,Not expanded by 2023,Remote rural,25.70,53,206
20181,Sherman County,KS,Not expanded by 2023,Remote rural,22.20,123,554
20183,Smith County,KS,Not expanded by 2023,Remote rural,19.90,65,326
20185,Stafford County,KS,Not expanded by 2023,Remote rural,28.00,106,379
20187,Stanton County,KS,Not expanded by 2023,Remote rural,32.00,55,172
20189,Stevens County,KS,Not expanded by 2023,Remote rural,33.70,159,472
20191,Sumner County,KS,Not expanded by 2023,Metro,18.10,401,2219
20193,Thomas County,KS,Not expanded by 2023,Remote rural,24.20,157,648
20195,Trego County,KS,Not expanded by 2023,Remote rural,21.70,51,235
20197,Wabaunsee County,KS,Not expanded by 2023,Metro,21.30,106,497
20199,Wallace County,KS,Not expanded by 2023,Remote rural,23.00,34,148
20201,Washington County,KS,Not expanded by 2023,Remote rural,24.20,109,451
20203,Wichita County,KS,Not expanded by 2023,Remote rural,30.40,48,158
20205,Wilson County,KS,Not expanded by 2023,Remote rural,19.30,199,1033
20207,Woodson County,KS,Not expanded by 2023,Remote rural,18.40,67,364
20209,Wyandotte County,KS,Not expanded by 2023,Metro,30.90,6601,21335
21001,Adair County,KY,Expanded 2014,Remote rural,11.00,360,3275
21003,Allen County,KY,Expanded 2014,Metro,11.40,340,2988
21005,Anderson County,KY,Expanded 2014,"Rural, near a metro",11.20,284,2532
21007,Ballard County,KY,Expanded 2014,Remote rural,10.40,90,869
21009,Barren County,KY,Expanded 2014,"Rural, near a metro",11.70,829,7058
21011,Bath County,KY,Expanded 2014,"Rural, near a metro",10.40,228,2193
21013,Bell County,KY,Expanded 2014,Remote rural,10.10,520,5137
21015,Boone County,KY,Expanded 2014,Metro,13.90,1225,8797
21017,Bourbon County,KY,Expanded 2014,Metro,13.10,367,2801
21019,Boyd County,KY,Expanded 2014,Metro,9.60,595,6178
21021,Boyle County,KY,Expanded 2014,Remote rural,10.30,371,3590
21023,Bracken County,KY,Expanded 2014,Metro,11.20,123,1095
21025,Breathitt County,KY,Expanded 2014,Remote rural,9.90,246,2480
21027,Breckinridge County,KY,Expanded 2014,"Rural, near a metro",12.20,369,3027
21029,Bullitt County,KY,Expanded 2014,Metro,11.70,806,6863
21031,Butler County,KY,Expanded 2014,Metro,13.50,259,1923
21033,Caldwell County,KY,Expanded 2014,Remote rural,13.10,207,1585
21035,Calloway County,KY,Expanded 2014,Remote rural,12.60,694,5520
21037,Campbell County,KY,Expanded 2014,Metro,13.10,991,7548
21039,Carlisle County,KY,Expanded 2014,Remote rural,13.00,74,571
21041,Carroll County,KY,Expanded 2014,"Rural, near a metro",11.10,172,1549
21043,Carter County,KY,Expanded 2014,"Rural, near a metro",11.00,455,4144
21045,Casey County,KY,Expanded 2014,Remote rural,13.40,381,2843
21047,Christian County,KY,Expanded 2014,Metro,12.10,1241,10255
21049,Clark County,KY,Expanded 2014,Metro,9.70,407,4186
21051,Clay County,KY,Expanded 2014,Remote rural,10.60,476,4478
21053,Clinton County,KY,Expanded 2014,Remote rural,10.20,165,1610
21055,Crittenden County,KY,Expanded 2014,Remote rural,12.00,143,1188
21057,Cumberland County,KY,Expanded 2014,Remote rural,11.90,128,1072
21059,Daviess County,KY,Expanded 2014,Metro,11.90,1355,11424
21061,Edmonson County,KY,Expanded 2014,Metro,11.90,199,1671
21063,Elliott County,KY,Expanded 2014,Remote rural,11.60,124,1071
21065,Estill County,KY,Expanded 2014,"Rural, near a metro",11.90,289,2421
21067,Fayette County,KY,Expanded 2014,Metro,15.60,6378,40851
21069,Fleming County,KY,Expanded 2014,Remote rural,12.30,318,2593
21071,Floyd County,KY,Expanded 2014,Remote rural,10.60,714,6716
21073,Franklin County,KY,Expanded 2014,"Rural, near a metro",11.10,631,5660
21075,Fulton County,KY,Expanded 2014,Remote rural,9.60,102,1062
21077,Gallatin County,KY,Expanded 2014,Metro,12.60,144,1145
21079,Garrard County,KY,Expanded 2014,"Rural, near a metro",15.10,359,2380
21081,Grant County,KY,Expanded 2014,Metro,10.50,330,3134
21083,Graves County,KY,Expanded 2014,Remote rural,12.00,606,5055
21085,Grayson County,KY,Expanded 2014,"Rural, near a metro",12.10,457,3791
21087,Green County,KY,Expanded 2014,"Rural, near a metro",11.70,237,2024
21089,Greenup County,KY,Expanded 2014,Metro,11.70,492,4209
21091,Hancock County,KY,Expanded 2014,Metro,12.10,115,954
21093,Hardin County,KY,Expanded 2014,Metro,12.30,1539,12488
21095,Harlan County,KY,Expanded 2014,Remote rural,10.10,545,5413
21097,Harrison County,KY,Expanded 2014,"Rural, near a metro",10.80,274,2538
21099,Hart County,KY,Expanded 2014,"Rural, near a metro",12.40,410,3310
21101,Henderson County,KY,Expanded 2014,Metro,11.50,630,5494
21103,Henry County,KY,Expanded 2014,Metro,12.40,239,1922
21105,Hickman County,KY,Expanded 2014,Remote rural,12.10,69,570
21107,Hopkins County,KY,Expanded 2014,Remote rural,12.10,702,5791
21109,Jackson County,KY,Expanded 2014,Remote rural,12.00,283,2353
21111,Jefferson County,KY,Expanded 2014,Metro,13.50,11713,86810
21113,Jessamine County,KY,Expanded 2014,Metro,14.10,789,5591
21115,Johnson County,KY,Expanded 2014,Remote rural,10.90,454,4182
21117,Kenton County,KY,Expanded 2014,Metro,11.00,1617,14742
21119,Knott County,KY,Expanded 2014,Remote rural,10.80,270,2505
21121,Knox County,KY,Expanded 2014,Remote rural,10.20,679,6639
21123,Larue County,KY,Expanded 2014,Metro,11.50,253,2193
21125,Laurel County,KY,Expanded 2014,Remote rural,10.70,1091,10186
21127,Lawrence County,KY,Expanded 2014,"Rural, near a metro",10.40,287,2768
21129,Lee County,KY,Expanded 2014,Remote rural,11.00,159,1439
21131,Leslie County,KY,Expanded 2014,Remote rural,10.30,186,1814
21133,Letcher County,KY,Expanded 2014,Remote rural,10.90,449,4112
21135,Lewis County,KY,Expanded 2014,"Rural, near a metro",12.50,297,2378
21137,Lincoln County,KY,Expanded 2014,Remote rural,12.10,453,3750
21139,Livingston County,KY,Expanded 2014,Remote rural,11.30,123,1086
21141,Logan County,KY,Expanded 2014,"Rural, near a metro",10.70,372,3492
21143,Lyon County,KY,Expanded 2014,Remote rural,14.10,103,729
21145,McCracken County,KY,Expanded 2014,Remote rural,10.30,854,8262
21147,McCreary County,KY,Expanded 2014,Remote rural,11.30,425,3772
21149,McLean County,KY,Expanded 2014,Metro,11.50,114,993
21151,Madison County,KY,Expanded 2014,"Rural, near a metro",11.90,1510,12688
21153,Magoffin County,KY,Expanded 2014,Remote rural,10.90,256,2340
21155,Marion County,KY,Expanded 2014,Remote rural,11.00,296,2701
21157,Marshall County,KY,Expanded 2014,Remote rural,11.30,372,3299
21159,Martin County,KY,Expanded 2014,Remote rural,10.80,199,1849
21161,Mason County,KY,Expanded 2014,"Rural, near a metro",10.10,236,2346
21163,Meade County,KY,Expanded 2014,Metro,10.90,327,3007
21165,Menifee County,KY,Expanded 2014,Remote rural,10.80,123,1135
21167,Mercer County,KY,Expanded 2014,"Rural, near a metro",13.00,354,2722
21169,Metcalfe County,KY,Expanded 2014,Remote rural,10.30,197,1921
21171,Monroe County,KY,Expanded 2014,"Rural, near a metro",11.50,214,1867
21173,Montgomery County,KY,Expanded 2014,"Rural, near a metro",10.70,439,4094
21175,Morgan County,KY,Expanded 2014,Remote rural,11.50,240,2089
21177,Muhlenberg County,KY,Expanded 2014,"Rural, near a metro",11.10,420,3795
21179,Nelson County,KY,Expanded 2014,"Rural, near a metro",10.60,492,4633
21181,Nicholas County,KY,Expanded 2014,"Rural, near a metro",12.10,157,1300
21183,Ohio County,KY,Expanded 2014,"Rural, near a metro",13.70,438,3193
21185,Oldham County,KY,Expanded 2014,Metro,11.00,341,3104
21187,Owen County,KY,Expanded 2014,"Rural, near a metro",11.50,160,1395
21189,Owsley County,KY,Expanded 2014,Remote rural,9.80,83,850
21191,Pendleton County,KY,Expanded 2014,Metro,11.80,219,1861
21193,Perry County,KY,Expanded 2014,Remote rural,9.50,480,5061
21195,Pike County,KY,Expanded 2014,Remote rural,10.20,975,9575
21197,Powell County,KY,Expanded 2014,"Rural, near a metro",11.20,260,2317
21199,Pulaski County,KY,Expanded 2014,Remote rural,11.90,1231,10355
21201,Robertson County,KY,Expanded 2014,"Rural, near a metro",12.40,38,307
21203,Rockcastle County,KY,Expanded 2014,Remote rural,11.00,295,2691
21205,Rowan County,KY,Expanded 2014,Remote rural,9.80,402,4088
21207,Russell County,KY,Expanded 2014,Remote rural,10.30,288,2800
21209,Scott County,KY,Expanded 2014,Metro,11.40,561,4938
21211,Shelby County,KY,Expanded 2014,Metro,16.10,663,4130
21213,Simpson County,KY,Expanded 2014,"Rural, near a metro",11.60,299,2567
21215,Spencer County,KY,Expanded 2014,Metro,13.90,200,1444
21217,Taylor County,KY,Expanded 2014,Remote rural,9.70,335,3466
21219,Todd County,KY,Expanded 2014,"Rural, near a metro",16.30,271,1664
21221,Trigg County,KY,Expanded 2014,Metro,14.40,268,1865
21223,Trimble County,KY,Expanded 2014,Metro,12.30,127,1033
21225,Union County,KY,Expanded 2014,"Rural, near a metro",11.10,187,1691
21227,Warren County,KY,Expanded 2014,Metro,14.20,2983,21055
21229,Washington County,KY,Expanded 2014,Remote rural,9.80,150,1528
21231,Wayne County,KY,Expanded 2014,Remote rural,11.80,406,3435
21233,Webster County,KY,Expanded 2014,"Rural, near a metro",14.80,231,1561
21235,Whitley County,KY,Expanded 2014,Remote rural,10.30,645,6244
21237,Wolfe County,KY,Expanded 2014,Remote rural,11.30,146,1295
21239,Woodford County,KY,Expanded 2014,Metro,15.40,349,2263
22001,Acadia Parish,LA,Expanded 2015-2017,Metro,14.60,1387,9505
22003,Allen Parish,LA,Expanded 2015-2017,"Rural, near a metro",12.10,332,2735
22005,Ascension Parish,LA,Expanded 2015-2017,Metro,16.90,1792,10586
22007,Assumption Parish,LA,Expanded 2015-2017,"Rural, near a metro",16.50,430,2608
22009,Avoyelles Parish,LA,Expanded 2015-2017,"Rural, near a metro",13.80,869,6298
22011,Beauregard Parish,LA,Expanded 2015-2017,"Rural, near a metro",13.20,524,3980
22013,Bienville Parish,LA,Expanded 2015-2017,"Rural, near a metro",13.60,302,2221
22015,Bossier Parish,LA,Expanded 2015-2017,Metro,15.60,2486,15983
22017,Caddo Parish,LA,Expanded 2015-2017,Metro,14.70,5303,36119
22019,Calcasieu Parish,LA,Expanded 2015-2017,Metro,14.90,3672,24712
22021,Caldwell Parish,LA,Expanded 2015-2017,"Rural, near a metro",13.80,206,1496
22023,Cameron Parish,LA,Expanded 2015-2017,Metro,15.80,67,423
22025,Catahoula Parish,LA,Expanded 2015-2017,Remote rural,13.70,186,1355
22027,Claiborne Parish,LA,Expanded 2015-2017,"Rural, near a metro",13.60,288,2112
22029,Concordia Parish,LA,Expanded 2015-2017,Remote rural,11.80,374,3181
22031,De Soto Parish,LA,Expanded 2015-2017,Metro,14.00,495,3539
22033,East Baton Rouge Parish,LA,Expanded 2015-2017,Metro,15.70,9676,61656
22035,East Carroll Parish,LA,Expanded 2015-2017,Remote rural,12.20,153,1259
22037,East Feliciana Parish,LA,Expanded 2015-2017,Metro,12.80,263,2059
22039,Evangeline Parish,LA,Expanded 2015-2017,"Rural, near a metro",14.20,790,5550
22041,Franklin Parish,LA,Expanded 2015-2017,Remote rural,13.70,488,3568
22043,Grant Parish,LA,Expanded 2015-2017,Metro,13.90,346,2498
22045,Iberia Parish,LA,Expanded 2015-2017,Metro,14.40,1543,10686
22047,Iberville Parish,LA,Expanded 2015-2017,Metro,14.00,507,3618
22049,Jackson Parish,LA,Expanded 2015-2017,"Rural, near a metro",14.50,296,2037
22051,Jefferson Parish,LA,Expanded 2015-2017,Metro,23.10,12354,53437
22053,Jefferson Davis Parish,LA,Expanded 2015-2017,"Rural, near a metro",14.30,605,4237
22055,Lafayette Parish,LA,Expanded 2015-2017,Metro,20.60,6433,31244
22057,Lafourche Parish,LA,Expanded 2015-2017,Metro,13.90,1643,11802
22059,La Salle Parish,LA,Expanded 2015-2017,"Rural, near a metro",14.20,218,1534
22061,Lincoln Parish,LA,Expanded 2015-2017,"Rural, near a metro",13.80,1234,8937
22063,Livingston Parish,LA,Expanded 2015-2017,Metro,17.90,2840,15878
22065,Madison Parish,LA,Expanded 2015-2017,Remote rural,12.00,258,2145
22067,Morehouse Parish,LA,Expanded 2015-2017,"Rural, near a metro",11.80,528,4484
22069,Natchitoches Parish,LA,Expanded 2015-2017,"Rural, near a metro",12.10,774,6375
22071,Orleans Parish,LA,Expanded 2015-2017,Metro,13.20,7443,56225
22073,Ouachita Parish,LA,Expanded 2015-2017,Metro,14.60,3639,24974
22075,Plaquemines Parish,LA,Expanded 2015-2017,Metro,15.80,387,2452
22077,Pointe Coupee Parish,LA,Expanded 2015-2017,Metro,14.90,355,2384
22079,Rapides Parish,LA,Expanded 2015-2017,Metro,15.50,2684,17370
22081,Red River Parish,LA,Expanded 2015-2017,"Rural, near a metro",12.50,146,1168
22083,Richland Parish,LA,Expanded 2015-2017,"Rural, near a metro",14.00,482,3440
22085,Sabine Parish,LA,Expanded 2015-2017,"Rural, near a metro",13.90,464,3342
22087,St. Bernard Parish,LA,Expanded 2015-2017,Metro,15.90,1195,7498
22089,St. Charles Parish,LA,Expanded 2015-2017,Metro,16.70,688,4122
22091,St. Helena Parish,LA,Expanded 2015-2017,Metro,15.90,304,1908
22093,St. James Parish,LA,Expanded 2015-2017,Metro,13.00,260,2006
22095,St. John the Baptist Parish,LA,Expanded 2015-2017,Metro,14.70,777,5277
22097,St. Landry Parish,LA,Expanded 2015-2017,"Rural, near a metro",13.70,1957,14321
22099,St. Martin Parish,LA,Expanded 2015-2017,Metro,14.60,1079,7376
22101,St. Mary Parish,LA,Expanded 2015-2017,"Rural, near a metro",14.40,1037,7225
22103,St. Tammany Parish,LA,Expanded 2015-2017,Metro,17.90,4425,24689
22105,Tangipahoa Parish,LA,Expanded 2015-2017,Metro,14.70,2899,19698
22107,Tensas Parish,LA,Expanded 2015-2017,Remote rural,13.30,98,735
22109,Terrebonne Parish,LA,Expanded 2015-2017,Metro,13.30,1725,13003
22111,Union Parish,LA,Expanded 2015-2017,Metro,15.40,463,3013
22113,Vermilion Parish,LA,Expanded 2015-2017,Metro,15.40,1238,8052
22115,Vernon Parish,LA,Expanded 2015-2017,Remote rural,12.50,805,6416
22117,Washington Parish,LA,Expanded 2015-2017,"Rural, near a metro",13.10,1007,7699
22119,Webster Parish,LA,Expanded 2015-2017,Metro,13.50,815,6026
22121,West Baton Rouge Parish,LA,Expanded 2015-2017,Metro,13.50,380,2810
22123,West Carroll Parish,LA,Expanded 2015-2017,Remote rural,13.80,200,1450
22125,West Feliciana Parish,LA,Expanded 2015-2017,Metro,12.60,125,990
22127,Winn Parish,LA,Expanded 2015-2017,"Rural, near a metro",12.70,224,1770
23001,Androscoggin County,ME,Expanded 2019-2022,Metro,13.10,1467,11174
23003,Aroostook County,ME,Expanded 2019-2022,Remote rural,12.50,932,7483
23005,Cumberland County,ME,Expanded 2019-2022,Metro,15.20,2899,19128
23007,Franklin County,ME,Expanded 2019-2022,"Rural, near a metro",14.60,470,3212
23009,Hancock County,ME,Expanded 2019-2022,"Rural, near a metro",17.60,903,5137
23011,Kennebec County,ME,Expanded 2019-2022,"Rural, near a metro",13.00,1615,12461
23013,Knox County,ME,Expanded 2019-2022,Remote rural,16.60,558,3356
23015,Lincoln County,ME,Expanded 2019-2022,"Rural, near a metro",14.40,406,2827
23017,Oxford County,ME,Expanded 2019-2022,"Rural, near a metro",15.20,1069,7047
23019,Penobscot County,ME,Expanded 2019-2022,Metro,13.70,2379,17386
23021,Piscataquis County,ME,Expanded 2019-2022,"Rural, near a metro",13.30,279,2103
23023,Sagadahoc County,ME,Expanded 2019-2022,Metro,13.80,395,2859
23025,Somerset County,ME,Expanded 2019-2022,"Rural, near a metro",14.40,959,6637
23027,Waldo County,ME,Expanded 2019-2022,"Rural, near a metro",14.10,550,3908
23029,Washington County,ME,Expanded 2019-2022,Remote rural,13.50,563,4158
23031,York County,ME,Expanded 2019-2022,Metro,13.80,1964,14183
24001,Allegany County,MD,Expanded 2014,Metro,10.10,863,8504
24003,Anne Arundel County,MD,Expanded 2014,Metro,16.40,4660,28444
24005,Baltimore County,MD,Expanded 2014,Metro,15.30,9921,64820
24009,Calvert County,MD,Expanded 2014,Metro,12.10,481,3984
24011,Caroline County,MD,Expanded 2014,"Rural, near a metro",16.10,627,3888
24013,Carroll County,MD,Expanded 2014,Metro,13.50,993,7378
24015,Cecil County,MD,Expanded 2014,Metro,11.10,1017,9164
24017,Charles County,MD,Expanded 2014,Metro,15.20,1433,9442
24019,Dorchester County,MD,Expanded 2014,"Rural, near a metro",13.20,541,4112
24021,Frederick County,MD,Expanded 2014,Metro,18.80,2660,14180
24023,Garrett County,MD,Expanded 2014,"Rural, near a metro",12.50,344,2749
24025,Harford County,MD,Expanded 2014,Metro,12.80,1863,14549
24027,Howard County,MD,Expanded 2014,Metro,16.90,2348,13865
24029,Kent County,MD,Expanded 2014,"Rural, near a metro",12.50,203,1623
24031,Montgomery County,MD,Expanded 2014,Metro,24.40,15153,62087
24033,Prince George's County,MD,Expanded 2014,Metro,25.60,19497,76164
24035,Queen Anne's County,MD,Expanded 2014,Metro,16.20,408,2524
24037,St. Mary's County,MD,Expanded 2014,Metro,13.70,995,7267
24039,Somerset County,MD,Expanded 2014,Metro,11.40,365,3192
24041,Talbot County,MD,Expanded 2014,"Rural, near a metro",15.00,389,2596
24043,Washington County,MD,Expanded 2014,Metro,13.10,2042,15634
24045,Wicomico County,MD,Expanded 2014,Metro,15.40,1985,12925
24047,Worcester County,MD,Expanded 2014,Metro,13.50,594,4397
24510,Baltimore city,MD,Expanded 2014,Metro,11.10,9291,83345
26001,Alcona County,MI,Expanded 2014,Remote rural,10.30,121,1179
26003,Alger County,MI,Expanded 2014,Remote rural,9.60,74,771
26005,Allegan County,MI,Expanded 2014,"Rural, near a metro",14.10,1418,10028
26007,Alpena County,MI,Expanded 2014,Remote rural,10.60,411,3874
26009,Antrim County,MI,Expanded 2014,Remote rural,10.40,214,2049
26011,Arenac County,MI,Expanded 2014,"Rural, near a metro",11.20,201,1788
26013,Baraga County,MI,Expanded 2014,Remote rural,7.60,68,897
26015,Barry County,MI,Expanded 2014,Metro,11.80,578,4917
26017,Bay County,MI,Expanded 2014,Metro,10.60,1205,11363
26019,Benzie County,MI,Expanded 2014,Remote rural,10.70,171,1603
26021,Berrien County,MI,Expanded 2014,Metro,13.90,2336,16832
26023,Branch County,MI,Expanded 2014,"Rural, near a metro",14.50,750,5164
26025,Calhoun County,MI,Expanded 2014,Metro,11.70,1798,15381
26027,Cass County,MI,Expanded 2014,Metro,13.00,627,4812
26029,Charlevoix County,MI,Expanded 2014,Remote rural,10.30,214,2069
26031,Cheboygan County,MI,Expanded 2014,Remote rural,11.20,342,3044
26033,Chippewa County,MI,Expanded 2014,Remote rural,9.20,368,3982
26035,Clare County,MI,Expanded 2014,"Rural, near a metro",11.70,574,4907
26037,Clinton County,MI,Expanded 2014,Metro,9.50,553,5827
26039,Crawford County,MI,Expanded 2014,Remote rural,10.10,170,1681
26041,Delta County,MI,Expanded 2014,Remote rural,9.40,357,3817
26043,Dickinson County,MI,Expanded 2014,Remote rural,8.60,210,2450
26045,Eaton County,MI,Expanded 2014,Metro,10.70,914,8528
26047,Emmet County,MI,Expanded 2014,Remote rural,9.10,252,2755
26049,Genesee County,MI,Expanded 2014,Metro,9.90,5225,52861
26051,Gladwin County,MI,Expanded 2014,"Rural, near a metro",11.80,374,3175
26053,Gogebic County,MI,Expanded 2014,Remote rural,9.30,167,1799
26055,Grand Traverse County,MI,Expanded 2014,Remote rural,10.00,754,7514
26057,Gratiot County,MI,Expanded 2014,"Rural, near a metro",8.50,365,4272
26059,Hillsdale County,MI,Expanded 2014,"Rural, near a metro",12.10,653,5379
26061,Houghton County,MI,Expanded 2014,Remote rural,11.60,589,5074
26063,Huron County,MI,Expanded 2014,Remote rural,11.10,366,3283
26065,Ingham County,MI,Expanded 2014,Metro,10.60,4237,40058
26067,Ionia County,MI,Expanded 2014,"Rural, near a metro",11.50,685,5948
26069,Iosco County,MI,Expanded 2014,Remote rural,9.70,304,3150
26071,Iron County,MI,Expanded 2014,Remote rural,8.90,120,1343
26073,Isabella County,MI,Expanded 2014,"Rural, near a metro",9.80,1258,12780
26075,Jackson County,MI,Expanded 2014,Metro,9.10,1469,16095
26077,Kalamazoo County,MI,Expanded 2014,Metro,11.20,3343,29859
26079,Kalkaska County,MI,Expanded 2014,Remote rural,11.60,266,2300
26081,Kent County,MI,Expanded 2014,Metro,13.60,7848,57537
26083,Keweenaw County,MI,Expanded 2014,Remote rural,10.40,17,164
26085,Lake County,MI,Expanded 2014,Remote rural,12.00,217,1813
26087,Lapeer County,MI,Expanded 2014,Metro,13.60,1049,7690
26089,Leelanau County,MI,Expanded 2014,Remote rural,10.90,126,1161
26091,Lenawee County,MI,Expanded 2014,"Rural, near a metro",11.60,1050,9048
26093,Livingston County,MI,Expanded 2014,Metro,11.20,1007,8979
26095,Luce County,MI,Expanded 2014,Remote rural,7.50,49,655
26097,Mackinac County,MI,Expanded 2014,Remote rural,12.90,169,1307
26099,Macomb County,MI,Expanded 2014,Metro,11.80,8753,73958
26101,Manistee County,MI,Expanded 2014,Remote rural,10.00,256,2568
26103,Marquette County,MI,Expanded 2014,Remote rural,8.30,635,7693
26105,Mason County,MI,Expanded 2014,Remote rural,10.40,312,2997
26107,Mecosta County,MI,Expanded 2014,"Rural, near a metro",10.30,616,5963
26109,Menominee County,MI,Expanded 2014,Remote rural,9.70,232,2384
26111,Midland County,MI,Expanded 2014,Metro,9.30,693,7458
26113,Missaukee County,MI,Expanded 2014,Remote rural,13.90,239,1723
26115,Monroe County,MI,Expanded 2014,Metro,10.40,1414,13570
26117,Montcalm County,MI,Expanded 2014,Metro,12.00,865,7188
26119,Montmorency County,MI,Expanded 2014,Remote rural,10.40,135,1292
26121,Muskegon County,MI,Expanded 2014,Metro,9.90,1989,20078
26123,Newaygo County,MI,Expanded 2014,"Rural, near a metro",9.90,586,5892
26125,Oakland County,MI,Expanded 2014,Metro,12.40,9893,79828
26127,Oceana County,MI,Expanded 2014,"Rural, near a metro",13.60,439,3218
26129,Ogemaw County,MI,Expanded 2014,Remote rural,10.00,288,2876
26131,Ontonagon County,MI,Expanded 2014,Remote rural,10.10,59,586
26133,Osceola County,MI,Expanded 2014,Remote rural,11.30,336,2973
26135,Oscoda County,MI,Expanded 2014,Remote rural,12.30,138,1119
26137,Otsego County,MI,Expanded 2014,Remote rural,9.30,248,2660
26139,Ottawa County,MI,Expanded 2014,Metro,11.80,2448,20718
26141,Presque Isle County,MI,Expanded 2014,Remote rural,11.70,171,1458
26143,Roscommon County,MI,Expanded 2014,Remote rural,9.20,278,3026
26145,Saginaw County,MI,Expanded 2014,Metro,9.30,2205,23659
26147,St. Clair County,MI,Expanded 2014,Metro,10.10,1645,16256
26149,St. Joseph County,MI,Expanded 2014,"Rural, near a metro",14.00,884,6331
26151,Sanilac County,MI,Expanded 2014,"Rural, near a metro",14.10,659,4685
26153,Schoolcraft County,MI,Expanded 2014,Remote rural,8.90,82,920
26155,Shiawassee County,MI,Expanded 2014,"Rural, near a metro",10.60,793,7453
26157,Tuscola County,MI,Expanded 2014,"Rural, near a metro",9.80,593,6054
26159,Van Buren County,MI,Expanded 2014,Metro,14.90,1235,8293
26161,Washtenaw County,MI,Expanded 2014,Metro,9.80,3791,38815
26163,Wayne County,MI,Expanded 2014,Metro,11.70,29485,251603
26165,Wexford County,MI,Expanded 2014,Remote rural,9.90,407,4120
27001,Aitkin County,MN,Expanded 2014,"Rural, near a metro",10.00,144,1433
27003,Anoka County,MN,Expanded 2014,Metro,13.10,2717,20755
27005,Becker County,MN,Expanded 2014,"Rural, near a metro",9.20,269,2909
27007,Beltrami County,MN,Expanded 2014,Remote rural,8.80,482,5500
27009,Benton County,MN,Expanded 2014,Metro,11.50,436,3807
27011,Big Stone County,MN,Expanded 2014,Remote rural,9.50,39,412
27013,Blue Earth County,MN,Expanded 2014,Metro,13.40,1311,9800
27015,Brown County,MN,Expanded 2014,"Rural, near a metro",11.60,199,1722
27017,Carlton County,MN,Expanded 2014,Metro,9.70,285,2942
27019,Carver County,MN,Expanded 2014,Metro,12.70,449,3546
27021,Cass County,MN,Expanded 2014,Remote rural,9.90,289,2931
27023,Chippewa County,MN,Expanded 2014,Remote rural,14.60,160,1097
27025,Chisago County,MN,Expanded 2014,Metro,10.80,334,3104
27027,Clay County,MN,Expanded 2014,Metro,9.60,637,6644
27029,Clearwater County,MN,Expanded 2014,"Rural, near a metro",10.10,90,887
27031,Cook County,MN,Expanded 2014,Remote rural,9.90,45,456
27033,Cottonwood County,MN,Expanded 2014,Remote rural,13.70,131,953
27035,Crow Wing County,MN,Expanded 2014,"Rural, near a metro",10.20,578,5665
27037,Dakota County,MN,Expanded 2014,Metro,14.60,3275,22488
27039,Dodge County,MN,Expanded 2014,Metro,14.80,169,1141
27041,Douglas County,MN,Expanded 2014,"Rural, near a metro",11.60,319,2754
27043,Faribault County,MN,Expanded 2014,"Rural, near a metro",12.10,153,1261
27045,Fillmore County,MN,Expanded 2014,Metro,15.50,251,1616
27047,Freeborn County,MN,Expanded 2014,Remote rural,14.90,399,2684
27049,Goodhue County,MN,Expanded 2014,"Rural, near a metro",12.50,401,3198
27051,Grant County,MN,Expanded 2014,Remote rural,11.40,60,527
27053,Hennepin County,MN,Expanded 2014,Metro,11.10,11222,100838
27055,Houston County,MN,Expanded 2014,Metro,10.90,132,1207
27057,Hubbard County,MN,Expanded 2014,Remote rural,10.40,200,1919
27059,Isanti County,MN,Expanded 2014,Metro,11.90,361,3032
27061,Itasca County,MN,Expanded 2014,"Rural, near a metro",10.30,409,3975
27063,Jackson County,MN,Expanded 2014,Remote rural,10.90,79,726
27065,Kanabec County,MN,Expanded 2014,"Rural, near a metro",11.00,177,1615
27067,Kandiyohi County,MN,Expanded 2014,"Rural, near a metro",15.90,623,3928
27069,Kittson County,MN,Expanded 2014,Remote rural,9.60,26,270
27071,Koochiching County,MN,Expanded 2014,"Rural, near a metro",9.80,102,1043
27073,Lac qui Parle County,MN,Expanded 2014,Remote rural,12.20,56,459
27075,Lake County,MN,Expanded 2014,"Rural, near a metro",11.20,89,798
27077,Lake of the Woods County,MN,Expanded 2014,Remote rural,10.20,32,315
27079,Le Sueur County,MN,Expanded 2014,Metro,13.90,244,1760
27081,Lincoln County,MN,Expanded 2014,Remote rural,12.20,48,392
27083,Lyon County,MN,Expanded 2014,Remote rural,12.90,292,2256
27085,McLeod County,MN,Expanded 2014,"Rural, near a metro",11.80,296,2513
27087,Mahnomen County,MN,Expanded 2014,"Rural, near a metro",8.30,60,721
27089,Marshall County,MN,Expanded 2014,"Rural, near a metro",12.10,70,580
27091,Martin County,MN,Expanded 2014,Remote rural,9.30,165,1778
27093,Meeker County,MN,Expanded 2014,"Rural, near a metro",12.40,184,1484
27095,Mille Lacs County,MN,Expanded 2014,Metro,9.60,247,2566
27097,Morrison County,MN,Expanded 2014,"Rural, near a metro",11.20,318,2838
27099,Mower County,MN,Expanded 2014,"Rural, near a metro",18.90,698,3700
27101,Murray County,MN,Expanded 2014,Remote rural,13.00,71,548
27103,Nicollet County,MN,Expanded 2014,Metro,11.90,305,2571
27105,Nobles County,MN,Expanded 2014,Remote rural,21.20,408,1923
27107,Norman County,MN,Expanded 2014,"Rural, near a metro",11.00,59,538
27109,Olmsted County,MN,Expanded 2014,Metro,11.10,1205,10835
27111,Otter Tail County,MN,Expanded 2014,"Rural, near a metro",12.00,536,4485
27113,Pennington County,MN,Expanded 2014,"Rural, near a metro",9.60,106,1104
27115,Pine County,MN,Expanded 2014,"Rural, near a metro",10.10,277,2748
27117,Pipestone County,MN,Expanded 2014,"Rural, near a metro",12.50,98,785
27119,Polk County,MN,Expanded 2014,Metro,8.70,234,2682
27121,Pope County,MN,Expanded 2014,"Rural, near a metro",10.20,78,766
27123,Ramsey County,MN,Expanded 2014,Metro,12.70,6546,51643
27125,Red Lake County,MN,Expanded 2014,"Rural, near a metro",9.40,27,287
27127,Redwood County,MN,Expanded 2014,Remote rural,10.00,124,1236
27129,Renville County,MN,Expanded 2014,"Rural, near a metro",12.10,143,1179
27131,Rice County,MN,Expanded 2014,"Rural, near a metro",14.60,683,4676
27133,Rock County,MN,Expanded 2014,"Rural, near a metro",10.50,74,702
27135,Roseau County,MN,Expanded 2014,Remote rural,11.00,129,1169
27137,St. Louis County,MN,Expanded 2014,Metro,8.00,1783,22249
27139,Scott County,MN,Expanded 2014,Metro,13.30,907,6795
27141,Sherburne County,MN,Expanded 2014,Metro,12.00,624,5215
27143,Sibley County,MN,Expanded 2014,Metro,12.70,134,1053
27145,Stearns County,MN,Expanded 2014,Metro,12.80,1999,15562
27147,Steele County,MN,Expanded 2014,Remote rural,12.90,334,2587
27149,Stevens County,MN,Expanded 2014,Remote rural,12.70,104,822
27151,Swift County,MN,Expanded 2014,Remote rural,14.20,121,852
27153,Todd County,MN,Expanded 2014,"Rural, near a metro",15.40,354,2297
27155,Traverse County,MN,Expanded 2014,Remote rural,9.70,24,247
27157,Wabasha County,MN,Expanded 2014,Metro,11.60,161,1384
27159,Wadena County,MN,Expanded 2014,Remote rural,10.40,165,1583
27161,Waseca County,MN,Expanded 2014,"Rural, near a metro",11.60,170,1470
27163,Washington County,MN,Expanded 2014,Metro,10.90,1182,10894
27165,Watonwan County,MN,Expanded 2014,"Rural, near a metro",19.10,168,878
27167,Wilkin County,MN,Expanded 2014,"Rural, near a metro",10.30,53,517
27169,Winona County,MN,Expanded 2014,"Rural, near a metro",11.10,533,4790
27171,Wright County,MN,Expanded 2014,Metro,10.20,653,6404
27173,Yellow Medicine County,MN,Expanded 2014,Remote rural,10.30,74,715
28001,Adams County,MS,Not expanded by 2023,Remote rural,25.10,1192,4742
28003,Alcorn County,MS,Not expanded by 2023,Remote rural,22.80,1168,5132
28005,Amite County,MS,Not expanded by 2023,"Rural, near a metro",27.70,483,1744
28007,Attala County,MS,Not expanded by 2023,"Rural, near a metro",23.00,612,2660
28009,Benton County,MS,Not expanded by 2023,Metro,32.00,376,1176
28011,Bolivar County,MS,Not expanded by 2023,Remote rural,20.10,1131,5624
28013,Calhoun County,MS,Not expanded by 2023,Remote rural,30.10,584,1941
28015,Carroll County,MS,Not expanded by 2023,Remote rural,28.50,330,1156
28017,Chickasaw County,MS,Not expanded by 2023,Remote rural,28.40,739,2605
28019,Choctaw County,MS,Not expanded by 2023,Remote rural,24.20,272,1126
28021,Claiborne County,MS,Not expanded by 2023,"Rural, near a metro",21.90,337,1536
28023,Clarke County,MS,Not expanded by 2023,Remote rural,23.50,493,2101
28025,Clay County,MS,Not expanded by 2023,Remote rural,23.50,716,3046
28027,Coahoma County,MS,Not expanded by 2023,Remote rural,22.70,994,4382
28029,Copiah County,MS,Not expanded by 2023,Metro,24.70,1034,4182
28031,Covington County,MS,Not expanded by 2023,"Rural, near a metro",28.10,781,2780
28033,DeSoto County,MS,Not expanded by 2023,Metro,29.80,5002,16768
28035,Forrest County,MS,Not expanded by 2023,Metro,24.50,3164,12918
28037,Franklin County,MS,Not expanded by 2023,Remote rural,27.30,298,1092
28039,George County,MS,Not expanded by 2023,"Rural, near a metro",32.80,1131,3448
28041,Greene County,MS,Not expanded by 2023,"Rural, near a metro",27.30,417,1527
28043,Grenada County,MS,Not expanded by 2023,Remote rural,22.00,733,3326
28045,Hancock County,MS,Not expanded by 2023,Metro,25.20,1296,5146
28047,Harrison County,MS,Not expanded by 2023,Metro,27.10,7830,28916
28049,Hinds County,MS,Not expanded by 2023,Metro,25.10,8050,32074
28051,Holmes County,MS,Not expanded by 2023,"Rural, near a metro",19.90,667,3353
28053,Humphreys County,MS,Not expanded by 2023,"Rural, near a metro",20.70,360,1741
28055,Issaquena County,MS,Not expanded by 2023,"Rural, near a metro",27.40,40,146
28057,Itawamba County,MS,Not expanded by 2023,Remote rural,27.30,741,2716
28059,Jackson County,MS,Not expanded by 2023,Metro,27.90,5135,18392
28061,Jasper County,MS,Not expanded by 2023,Remote rural,26.80,624,2329
28063,Jefferson County,MS,Not expanded by 2023,"Rural, near a metro",23.40,316,1351
28065,Jefferson Davis County,MS,Not expanded by 2023,"Rural, near a metro",24.80,440,1773
28067,Jones County,MS,Not expanded by 2023,"Rural, near a metro",28.10,2575,9166
28069,Kemper County,MS,Not expanded by 2023,Remote rural,22.20,289,1302
28071,Lafayette County,MS,Not expanded by 2023,"Rural, near a metro",28.80,2327,8077
28073,Lamar County,MS,Not expanded by 2023,Metro,26.70,2161,8079
28075,Lauderdale County,MS,Not expanded by 2023,Remote rural,23.50,2497,10630
28077,Lawrence County,MS,Not expanded by 2023,"Rural, near a metro",26.70,495,1853
28079,Leake County,MS,Not expanded by 2023,"Rural, near a metro",28.00,879,3140
28081,Lee County,MS,Not expanded by 2023,Remote rural,24.00,2266,9456
28083,Leflore County,MS,Not expanded by 2023,Remote rural,21.30,1155,5421
28085,Lincoln County,MS,Not expanded by 2023,"Rural, near a metro",25.30,1250,4935
28087,Lowndes County,MS,Not expanded by 2023,Remote rural,25.50,2002,7849
28089,Madison County,MS,Not expanded by 2023,Metro,29.20,2400,8225
28091,Marion County,MS,Not expanded by 2023,"Rural, near a metro",26.60,1017,3824
28093,Marshall County,MS,Not expanded by 2023,Metro,25.80,1185,4586
28095,Monroe County,MS,Not expanded by 2023,Remote rural,26.40,1189,4503
28097,Montgomery County,MS,Not expanded by 2023,Remote rural,25.80,398,1544
28099,Neshoba County,MS,Not expanded by 2023,Remote rural,21.50,942,4382
28101,Newton County,MS,Not expanded by 2023,Remote rural,22.30,648,2905
28103,Noxubee County,MS,Not expanded by 2023,Remote rural,26.50,524,1978
28105,Oktibbeha County,MS,Not expanded by 2023,Remote rural,20.10,2137,10658
28107,Panola County,MS,Not expanded by 2023,"Rural, near a metro",25.50,1492,5844
28109,Pearl River County,MS,Not expanded by 2023,"Rural, near a metro",28.40,2037,7182
28111,Perry County,MS,Not expanded by 2023,Metro,26.70,452,1694
28113,Pike County,MS,Not expanded by 2023,"Rural, near a metro",25.80,1767,6852
28115,Pontotoc County,MS,Not expanded by 2023,Remote rural,28.80,1185,4116
28117,Prentiss County,MS,Not expanded by 2023,Remote rural,26.60,924,3468
28119,Quitman County,MS,Not expanded by 2023,"Rural, near a metro",20.70,263,1269
28121,Rankin County,MS,Not expanded by 2023,Metro,26.60,3381,12734
28123,Scott County,MS,Not expanded by 2023,"Rural, near a metro",32.50,1428,4393
28125,Sharkey County,MS,Not expanded by 2023,"Rural, near a metro",21.00,133,633
28127,Simpson County,MS,Not expanded by 2023,Metro,27.00,951,3526
28129,Smith County,MS,Not expanded by 2023,"Rural, near a metro",29.60,520,1759
28131,Stone County,MS,Not expanded by 2023,"Rural, near a metro",30.60,769,2511
28133,Sunflower County,MS,Not expanded by 2023,Remote rural,20.60,845,4110
28135,Tallahatchie County,MS,Not expanded by 2023,Remote rural,24.10,448,1862
28137,Tate County,MS,Not expanded by 2023,Metro,28.60,1042,3638
28139,Tippah County,MS,Not expanded by 2023,"Rural, near a metro",28.50,926,3252
28141,Tishomingo County,MS,Not expanded by 2023,"Rural, near a metro",29.40,775,2633
28143,Tunica County,MS,Not expanded by 2023,Metro,18.70,423,2265
28145,Union County,MS,Not expanded by 2023,"Rural, near a metro",31.60,1136,3590
28147,Walthall County,MS,Not expanded by 2023,Remote rural,30.70,658,2140
28149,Warren County,MS,Not expanded by 2023,"Rural, near a metro",22.20,1244,5609
28151,Washington County,MS,Not expanded by 2023,Remote rural,19.90,1656,8321
28153,Wayne County,MS,Not expanded by 2023,Remote rural,30.60,989,3229
28155,Webster County,MS,Not expanded by 2023,Remote rural,26.40,345,1307
28157,Wilkinson County,MS,Not expanded by 2023,"Rural, near a metro",24.60,307,1247
28159,Winston County,MS,Not expanded by 2023,Remote rural,22.50,591,2627
28161,Yalobusha County,MS,Not expanded by 2023,Remote rural,21.80,421,1935
28163,Yazoo County,MS,Not expanded by 2023,Metro,25.30,1029,4072
29001,Adair County,MO,Expanded 2019-2022,Remote rural,21.20,921,4342
29003,Andrew County,MO,Expanded 2019-2022,Metro,20.00,251,1256
29005,Atchison County,MO,Expanded 2019-2022,Remote rural,20.90,106,506
29007,Audrain County,MO,Expanded 2019-2022,"Rural, near a metro",20.70,615,2976
29009,Barry County,MO,Expanded 2019-2022,"Rural, near a metro",23.90,1102,4619
29011,Barton County,MO,Expanded 2019-2022,"Rural, near a metro",19.00,341,1791
29013,Bates County,MO,Expanded 2019-2022,Metro,21.80,417,1913
29015,Benton County,MO,Expanded 2019-2022,Remote rural,20.70,537,2595
29017,Bollinger County,MO,Expanded 2019-2022,Metro,19.20,262,1365
29019,Boone County,MO,Expanded 2019-2022,Metro,17.80,4349,24487
29021,Buchanan County,MO,Expanded 2019-2022,Metro,18.40,1851,10038
29023,Butler County,MO,Expanded 2019-2022,Remote rural,18.80,1246,6628
29025,Caldwell County,MO,Expanded 2019-2022,Metro,21.00,205,978
29027,Callaway County,MO,Expanded 2019-2022,Metro,17.20,712,4132
29029,Camden County,MO,Expanded 2019-2022,Remote rural,20.40,793,3883
29031,Cape Girardeau County,MO,Expanded 2019-2022,Metro,20.60,1781,8662
29033,Carroll County,MO,Expanded 2019-2022,"Rural, near a metro",18.90,168,889
29035,Carter County,MO,Expanded 2019-2022,Remote rural,17.40,144,827
29037,Cass County,MO,Expanded 2019-2022,Metro,18.10,1236,6814
29039,Cedar County,MO,Expanded 2019-2022,"Rural, near a metro",20.70,435,2103
29041,Chariton County,MO,Expanded 2019-2022,Remote rural,19.40,135,696
29043,Christian County,MO,Expanded 2019-2022,Metro,18.60,1302,7013
29045,Clark County,MO,Expanded 2019-2022,Remote rural,20.80,158,761
29047,Clay County,MO,Expanded 2019-2022,Metro,21.00,3763,17921
29049,Clinton County,MO,Expanded 2019-2022,Metro,19.30,351,1823
29051,Cole County,MO,Expanded 2019-2022,Metro,19.20,1156,6011
29053,Cooper County,MO,Expanded 2019-2022,"Rural, near a metro",18.90,299,1585
29055,Crawford County,MO,Expanded 2019-2022,"Rural, near a metro",19.90,597,2993
29057,Dade County,MO,Expanded 2019-2022,"Rural, near a metro",22.30,220,985
29059,Dallas County,MO,Expanded 2019-2022,Metro,23.30,594,2553
29061,Daviess County,MO,Expanded 2019-2022,"Rural, near a metro",23.50,231,982
29063,DeKalb County,MO,Expanded 2019-2022,Metro,21.10,193,915
29065,Dent County,MO,Expanded 2019-2022,Remote rural,18.50,376,2029
29067,Douglas County,MO,Expanded 2019-2022,"Rural, near a metro",20.50,368,1793
29069,Dunklin County,MO,Expanded 2019-2022,Remote rural,19.50,828,4246
29071,Franklin County,MO,Expanded 2019-2022,Metro,20.30,1745,8585
29073,Gasconade County,MO,Expanded 2019-2022,"Rural, near a metro",19.40,288,1484
29075,Gentry County,MO,Expanded 2019-2022,"Rural, near a metro",21.90,174,796
29077,Greene County,MO,Expanded 2019-2022,Metro,19.00,7390,38932
29079,Grundy County,MO,Expanded 2019-2022,Remote rural,20.90,261,1249
29081,Harrison County,MO,Expanded 2019-2022,Remote rural,20.10,229,1137
29083,Henry County,MO,Expanded 2019-2022,"Rural, near a metro",19.20,530,2766
29085,Hickory County,MO,Expanded 2019-2022,"Rural, near a metro",18.10,217,1196
29087,Holt County,MO,Expanded 2019-2022,"Rural, near a metro",19.20,82,428
29089,Howard County,MO,Expanded 2019-2022,"Rural, near a metro",18.90,178,944
29091,Howell County,MO,Expanded 2019-2022,Remote rural,19.50,1247,6393
29093,Iron County,MO,Expanded 2019-2022,Remote rural,17.70,240,1357
29095,Jackson County,MO,Expanded 2019-2022,Metro,21.90,16167,73924
29097,Jasper County,MO,Expanded 2019-2022,Metro,21.40,3584,16758
29099,Jefferson County,MO,Expanded 2019-2022,Metro,19.80,3179,16021
29101,Johnson County,MO,Expanded 2019-2022,"Rural, near a metro",17.90,1136,6338
29103,Knox County,MO,Expanded 2019-2022,Remote rural,26.10,140,536
29105,Laclede County,MO,Expanded 2019-2022,"Rural, near a metro",18.10,926,5129
29107,Lafayette County,MO,Expanded 2019-2022,Metro,19.40,601,3098
29109,Lawrence County,MO,Expanded 2019-2022,"Rural, near a metro",23.60,1131,4800
29111,Lewis County,MO,Expanded 2019-2022,Remote rural,20.40,212,1040
29113,Lincoln County,MO,Expanded 2019-2022,Metro,21.60,1089,5034
29115,Linn County,MO,Expanded 2019-2022,Remote rural,21.50,284,1318
29117,Livingston County,MO,Expanded 2019-2022,"Rural, near a metro",18.20,280,1539
29119,McDonald County,MO,Expanded 2019-2022,Metro,30.20,1118,3702
29121,Macon County,MO,Expanded 2019-2022,Remote rural,20.00,331,1656
29123,Madison County,MO,Expanded 2019-2022,"Rural, near a metro",18.00,277,1543
29125,Maries County,MO,Expanded 2019-2022,"Rural, near a metro",21.10,201,952
29127,Marion County,MO,Expanded 2019-2022,Remote rural,16.50,517,3135
29129,Mercer County,MO,Expanded 2019-2022,Remote rural,22.30,89,400
29131,Miller County,MO,Expanded 2019-2022,"Rural, near a metro",20.30,634,3128
29133,Mississippi County,MO,Expanded 2019-2022,"Rural, near a metro",19.10,360,1880
29135,Moniteau County,MO,Expanded 2019-2022,Metro,25.40,376,1478
29137,Monroe County,MO,Expanded 2019-2022,Remote rural,20.40,190,933
29139,Montgomery County,MO,Expanded 2019-2022,"Rural, near a metro",22.00,304,1382
29141,Morgan County,MO,Expanded 2019-2022,"Rural, near a metro",23.40,681,2914
29143,New Madrid County,MO,Expanded 2019-2022,Remote rural,17.70,404,2282
29145,Newton County,MO,Expanded 2019-2022,Metro,21.90,1552,7090
29147,Nodaway County,MO,Expanded 2019-2022,"Rural, near a metro",18.00,535,2973
29149,Oregon County,MO,Expanded 2019-2022,Remote rural,17.70,258,1461
29151,Osage County,MO,Expanded 2019-2022,Metro,19.80,206,1042
29153,Ozark County,MO,Expanded 2019-2022,Remote rural,21.60,301,1391
29155,Pemiscot County,MO,Expanded 2019-2022,Remote rural,17.10,471,2747
29157,Perry County,MO,Expanded 2019-2022,"Rural, near a metro",20.60,363,1766
29159,Pettis County,MO,Expanded 2019-2022,"Rural, near a metro",24.40,1259,5167
29161,Phelps County,MO,Expanded 2019-2022,Remote rural,19.30,1293,6707
29163,Pike County,MO,Expanded 2019-2022,"Rural, near a metro",19.30,384,1994
29165,Platte County,MO,Expanded 2019-2022,Metro,20.90,1349,6441
29167,Polk County,MO,Expanded 2019-2022,Metro,20.80,916,4409
29169,Pulaski County,MO,Expanded 2019-2022,Remote rural,17.60,923,5249
29171,Putnam County,MO,Expanded 2019-2022,Remote rural,18.90,104,549
29173,Ralls County,MO,Expanded 2019-2022,Remote rural,19.50,173,885
29175,Randolph County,MO,Expanded 2019-2022,"Rural, near a metro",19.00,542,2848
29177,Ray County,MO,Expanded 2019-2022,Metro,20.70,425,2053
29179,Reynolds County,MO,Expanded 2019-2022,Remote rural,18.10,157,869
29181,Ripley County,MO,Expanded 2019-2022,Remote rural,17.20,316,1835
29183,St. Charles County,MO,Expanded 2019-2022,Metro,19.40,3269,16824
29185,St. Clair County,MO,Expanded 2019-2022,"Rural, near a metro",18.10,251,1390
29186,Ste. Genevieve County,MO,Expanded 2019-2022,"Rural, near a metro",19.70,266,1347
29187,St. Francois County,MO,Expanded 2019-2022,"Rural, near a metro",17.30,1509,8709
29189,St. Louis County,MO,Expanded 2019-2022,Metro,19.50,13150,67596
29195,Saline County,MO,Expanded 2019-2022,"Rural, near a metro",19.50,474,2437
29197,Schuyler County,MO,Expanded 2019-2022,Remote rural,19.80,109,550
29199,Scotland County,MO,Expanded 2019-2022,Remote rural,27.60,148,537
29201,Scott County,MO,Expanded 2019-2022,"Rural, near a metro",18.50,866,4681
29203,Shannon County,MO,Expanded 2019-2022,Remote rural,17.80,194,1088
29205,Shelby County,MO,Expanded 2019-2022,Remote rural,21.50,150,698
29207,Stoddard County,MO,Expanded 2019-2022,"Rural, near a metro",19.70,744,3785
29209,Stone County,MO,Expanded 2019-2022,"Rural, near a metro",20.60,691,3362
29211,Sullivan County,MO,Expanded 2019-2022,Remote rural,24.30,183,754
29213,Taney County,MO,Expanded 2019-2022,"Rural, near a metro",21.80,1615,7395
29215,Texas County,MO,Expanded 2019-2022,Remote rural,21.40,818,3814
29217,Vernon County,MO,Expanded 2019-2022,Remote rural,20.30,554,2724
29219,Warren County,MO,Expanded 2019-2022,Metro,21.70,624,2881
29221,Washington County,MO,Expanded 2019-2022,"Rural, near a metro",20.10,697,3472
29223,Wayne County,MO,Expanded 2019-2022,Remote rural,20.60,382,1852
29225,Webster County,MO,Expanded 2019-2022,Metro,23.20,1105,4770
29227,Worth County,MO,Expanded 2019-2022,Remote rural,18.60,46,247
29229,Wright County,MO,Expanded 2019-2022,"Rural, near a metro",19.80,594,3002
29510,St. Louis city,MO,Expanded 2019-2022,Metro,15.60,6529,41968
30001,Beaverhead County,MT,Expanded 2015-2017,Remote rural,20.30,237,1166
30003,Big Horn County,MT,Expanded 2015-2017,"Rural, near a metro",16.80,315,1872
30005,Blaine County,MT,Expanded 2015-2017,Remote rural,17.90,172,960
30007,Broadwater County,MT,Expanded 2015-2017,Remote rural,24.00,150,625
30009,Carbon County,MT,Expanded 2015-2017,Metro,23.20,246,1060
30011,Carter County,MT,Expanded 2015-2017,Remote rural,23.70,40,169
30013,Cascade County,MT,Expanded 2015-2017,Metro,17.20,1467,8549
30015,Chouteau County,MT,Expanded 2015-2017,"Rural, near a metro",22.10,165,748
30017,Custer County,MT,Expanded 2015-2017,Remote rural,21.70,269,1242
30019,Daniels County,MT,Expanded 2015-2017,Remote rural,21.80,26,119
30021,Dawson County,MT,Expanded 2015-2017,Remote rural,21.70,166,766
30023,Deer Lodge County,MT,Expanded 2015-2017,Remote rural,19.70,206,1044
30025,Fallon County,MT,Expanded 2015-2017,Remote rural,22.40,60,268
30027,Fergus County,MT,Expanded 2015-2017,Remote rural,25.00,293,1171
30029,Flathead County,MT,Expanded 2015-2017,Remote rural,21.70,2049,9449
30031,Gallatin County,MT,Expanded 2015-2017,Remote rural,21.30,2524,11875
30033,Garfield County,MT,Expanded 2015-2017,Remote rural,26.80,51,190
30035,Glacier County,MT,Expanded 2015-2017,Remote rural,15.10,349,2310
30037,Golden Valley County,MT,Expanded 2015-2017,Metro,22.20,30,135
30039,Granite County,MT,Expanded 2015-2017,"Rural, near a metro",31.60,111,351
30041,Hill County,MT,Expanded 2015-2017,Remote rural,17.20,336,1958
30043,Jefferson County,MT,Expanded 2015-2017,Remote rural,24.30,195,801
30045,Judith Basin County,MT,Expanded 2015-2017,"Rural, near a metro",26.10,63,241
30047,Lake County,MT,Expanded 2015-2017,"Rural, near a metro",19.50,739,3784
30049,Lewis and Clark County,MT,Expanded 2015-2017,Remote rural,22.20,1310,5912
30051,Liberty County,MT,Expanded 2015-2017,Remote rural,25.40,72,284
30053,Lincoln County,MT,Expanded 2015-2017,Remote rural,24.60,636,2583
30055,McCone County,MT,Expanded 2015-2017,Remote rural,24.30,44,181
30057,Madison County,MT,Expanded 2015-2017,Remote rural,27.20,194,713
30059,Meagher County,MT,Expanded 2015-2017,Remote rural,22.30,49,220
30061,Mineral County,MT,Expanded 2015-2017,"Rural, near a metro",22.00,123,559
30063,Missoula County,MT,Expanded 2015-2017,Metro,18.00,2394,13298
30065,Musselshell County,MT,Expanded 2015-2017,"Rural, near a metro",23.90,146,612
30067,Park County,MT,Expanded 2015-2017,Remote rural,20.00,333,1663
30069,Petroleum County,MT,Expanded 2015-2017,Remote rural,20.30,14,69
30071,Phillips County,MT,Expanded 2015-2017,Remote rural,21.00,110,524
30073,Pondera County,MT,Expanded 2015-2017,Remote rural,18.90,175,927
30075,Powder River County,MT,Expanded 2015-2017,Remote rural,22.90,43,188
30077,Powell County,MT,Expanded 2015-2017,"Rural, near a metro",18.60,128,690
30079,Prairie County,MT,Expanded 2015-2017,Remote rural,33.00,34,103
30081,Ravalli County,MT,Expanded 2015-2017,"Rural, near a metro",24.80,943,3810
30083,Richland County,MT,Expanded 2015-2017,Remote rural,23.20,208,898
30085,Roosevelt County,MT,Expanded 2015-2017,Remote rural,14.60,220,1506
30087,Rosebud County,MT,Expanded 2015-2017,Remote rural,18.20,168,925
30089,Sanders County,MT,Expanded 2015-2017,"Rural, near a metro",24.20,397,1639
30091,Sheridan County,MT,Expanded 2015-2017,Remote rural,23.10,74,321
30093,Silver Bow County,MT,Expanded 2015-2017,Remote rural,17.90,754,4221
30095,Stillwater County,MT,Expanded 2015-2017,"Rural, near a metro",24.70,144,583
30097,Sweet Grass County,MT,Expanded 2015-2017,Remote rural,20.70,68,329
30099,Teton County,MT,Expanded 2015-2017,"Rural, near a metro",22.30,158,708
30101,Toole County,MT,Expanded 2015-2017,Remote rural,23.60,144,611
30103,Treasure County,MT,Expanded 2015-2017,"Rural, near a metro",22.80,18,79
30105,Valley County,MT,Expanded 2015-2017,Remote rural,19.90,140,704
30107,Wheatland County,MT,Expanded 2015-2017,Remote rural,23.70,68,287
30109,Wibaux County,MT,Expanded 2015-2017,Remote rural,22.50,23,102
30111,Yellowstone County,MT,Expanded 2015-2017,Metro,20.70,2847,13733
31001,Adams County,NE,Expanded 2019-2022,"Rural, near a metro",16.80,458,2721
31003,Antelope County,NE,Expanded 2019-2022,Remote rural,15.80,79,500
31005,Arthur County,NE,Expanded 2019-2022,Remote rural,15.00,9,60
31007,Banner County,NE,Expanded 2019-2022,Remote rural,19.70,14,71
31009,Blaine County,NE,Expanded 2019-2022,Remote rural,13.30,12,90
31011,Boone County,NE,Expanded 2019-2022,Remote rural,15.20,59,389
31013,Box Butte County,NE,Expanded 2019-2022,Remote rural,17.60,169,959
31015,Boyd County,NE,Expanded 2019-2022,Remote rural,14.60,28,192
31017,Brown County,NE,Expanded 2019-2022,Remote rural,15.60,50,320
31019,Buffalo County,NE,Expanded 2019-2022,"Rural, near a metro",18.20,825,4538
31021,Burt County,NE,Expanded 2019-2022,"Rural, near a metro",13.80,74,536
31023,Butler County,NE,Expanded 2019-2022,"Rural, near a metro",17.10,101,590
31025,Cass County,NE,Expanded 2019-2022,Metro,14.90,227,1522
31027,Cedar County,NE,Expanded 2019-2022,Remote rural,16.40,85,518
31029,Chase County,NE,Expanded 2019-2022,Remote rural,21.20,60,283
31031,Cherry County,NE,Expanded 2019-2022,Remote rural,12.30,81,660
31033,Cheyenne County,NE,Expanded 2019-2022,Remote rural,13.30,130,975
31035,Clay County,NE,Expanded 2019-2022,"Rural, near a metro",17.40,75,430
31037,Colfax County,NE,Expanded 2019-2022,Remote rural,32.50,272,836
31039,Cuming County,NE,Expanded 2019-2022,Remote rural,20.80,138,664
31041,Custer County,NE,Expanded 2019-2022,Remote rural,15.00,153,1020
31043,Dakota County,NE,Expanded 2019-2022,Metro,19.90,409,2059
31045,Dawes County,NE,Expanded 2019-2022,Remote rural,13.00,129,993
31047,Dawson County,NE,Expanded 2019-2022,Remote rural,20.30,458,2254
31049,Deuel County,NE,Expanded 2019-2022,Remote rural,14.00,26,186
31051,Dixon County,NE,Expanded 2019-2022,Metro,23.90,96,402
31053,Dodge County,NE,Expanded 2019-2022,"Rural, near a metro",17.90,569,3174
31055,Douglas County,NE,Expanded 2019-2022,Metro,20.20,10568,52403
31057,Dundy County,NE,Expanded 2019-2022,Remote rural,14.80,25,169
31059,Fillmore County,NE,Expanded 2019-2022,"Rural, near a metro",13.60,52,383
31061,Franklin County,NE,Expanded 2019-2022,Remote rural,14.30,36,252
31063,Frontier County,NE,Expanded 2019-2022,Remote rural,14.60,42,287
31065,Furnas County,NE,Expanded 2019-2022,Remote rural,13.90,62,445
31067,Gage County,NE,Expanded 2019-2022,"Rural, near a metro",11.90,231,1936
31069,Garden County,NE,Expanded 2019-2022,Remote rural,13.90,38,274
31071,Garfield County,NE,Expanded 2019-2022,Remote rural,13.10,28,213
31073,Gosper County,NE,Expanded 2019-2022,Remote rural,17.10,25,146
31075,Grant County,NE,Expanded 2019-2022,Remote rural,14.30,9,63
31077,Greeley County,NE,Expanded 2019-2022,"Rural, near a metro",16.70,35,210
31079,Hall County,NE,Expanded 2019-2022,Metro,21.80,1251,5740
31081,Hamilton County,NE,Expanded 2019-2022,Metro,13.90,78,560
31083,Harlan County,NE,Expanded 2019-2022,Remote rural,18.90,48,254
31085,Hayes County,NE,Expanded 2019-2022,Remote rural,19.80,17,86
31087,Hitchcock County,NE,Expanded 2019-2022,Remote rural,15.50,42,271
31089,Holt County,NE,Expanded 2019-2022,Remote rural,17.10,158,922
31091,Hooker County,NE,Expanded 2019-2022,Remote rural,15.00,12,80
31093,Howard County,NE,Expanded 2019-2022,Metro,14.80,75,506
31095,Jefferson County,NE,Expanded 2019-2022,Remote rural,13.10,79,601
31097,Johnson County,NE,Expanded 2019-2022,"Rural, near a metro",13.60,51,375
31099,Kearney County,NE,Expanded 2019-2022,Remote rural,17.90,81,453
31101,Keith County,NE,Expanded 2019-2022,Remote rural,15.30,112,731
31103,Keya Paha County,NE,Expanded 2019-2022,Remote rural,18.30,22,120
31105,Kimball County,NE,Expanded 2019-2022,"Rural, near a metro",16.10,52,323
31107,Knox County,NE,Expanded 2019-2022,Remote rural,13.00,99,762
31109,Lancaster County,NE,Expanded 2019-2022,Metro,13.90,4653,33472
31111,Lincoln County,NE,Expanded 2019-2022,Remote rural,13.90,444,3189
31113,Logan County,NE,Expanded 2019-2022,Remote rural,11.10,6,54
31115,Loup County,NE,Expanded 2019-2022,Remote rural,13.00,12,92
31117,McPherson County,NE,Expanded 2019-2022,Remote rural,14.80,8,54
31119,Madison County,NE,Expanded 2019-2022,Remote rural,15.80,478,3026
31121,Merrick County,NE,Expanded 2019-2022,Metro,15.90,108,679
31123,Morrill County,NE,Expanded 2019-2022,Remote rural,15.50,76,490
31125,Nance County,NE,Expanded 2019-2022,"Rural, near a metro",14.40,44,305
31127,Nemaha County,NE,Expanded 2019-2022,Remote rural,15.70,93,592
31129,Nuckolls County,NE,Expanded 2019-2022,Remote rural,15.90,51,320
31131,Otoe County,NE,Expanded 2019-2022,"Rural, near a metro",18.30,208,1138
31133,Pawnee County,NE,Expanded 2019-2022,Remote rural,16.70,46,275
31135,Perkins County,NE,Expanded 2019-2022,Remote rural,20.90,43,206
31137,Phelps County,NE,Expanded 2019-2022,Remote rural,15.30,103,675
31139,Pierce County,NE,Expanded 2019-2022,Remote rural,14.90,71,476
31141,Platte County,NE,Expanded 2019-2022,Remote rural,20.00,476,2376
31143,Polk County,NE,Expanded 2019-2022,Remote rural,18.80,63,335
31145,Red Willow County,NE,Expanded 2019-2022,Remote rural,16.40,150,917
31147,Richardson County,NE,Expanded 2019-2022,Remote rural,12.70,83,654
31149,Rock County,NE,Expanded 2019-2022,Remote rural,15.40,20,130
31151,Saline County,NE,Expanded 2019-2022,"Rural, near a metro",26.40,301,1141
31153,Sarpy County,NE,Expanded 2019-2022,Metro,15.90,1669,10487
31155,Saunders County,NE,Expanded 2019-2022,Metro,14.20,182,1280
31157,Scotts Bluff County,NE,Expanded 2019-2022,Remote rural,15.60,558,3573
31159,Seward County,NE,Expanded 2019-2022,Metro,14.50,147,1012
31161,Sheridan County,NE,Expanded 2019-2022,Remote rural,14.90,87,585
31163,Sherman County,NE,Expanded 2019-2022,"Rural, near a metro",14.40,47,327
31165,Sioux County,NE,Expanded 2019-2022,Remote rural,17.30,27,156
31167,Stanton County,NE,Expanded 2019-2022,Remote rural,14.80,51,344
31169,Thayer County,NE,Expanded 2019-2022,Remote rural,12.70,48,379
31171,Thomas County,NE,Expanded 2019-2022,Remote rural,14.00,13,93
31173,Thurston County,NE,Expanded 2019-2022,"Rural, near a metro",8.30,69,828
31175,Valley County,NE,Expanded 2019-2022,Remote rural,15.10,64,425
31177,Washington County,NE,Expanded 2019-2022,Metro,14.80,157,1059
31179,Wayne County,NE,Expanded 2019-2022,"Rural, near a metro",16.10,136,847
31181,Webster County,NE,Expanded 2019-2022,Remote rural,15.20,44,289
31183,Wheeler County,NE,Expanded 2019-2022,Remote rural,12.00,11,92
31185,York County,NE,Expanded 2019-2022,"Rural, near a metro",12.20,121,991
32001,Churchill County,NV,Expanded 2014,"Rural, near a metro",19.40,477,2454
32003,Clark County,NV,Expanded 2014,Metro,26.00,64885,249708
32005,Douglas County,NV,Expanded 2014,"Rural, near a metro",20.60,567,2759
32007,Elko County,NV,Expanded 2014,Remote rural,21.10,891,4214
32009,Esmeralda County,NV,Expanded 2014,Remote rural,27.50,22,80
32011,Eureka County,NV,Expanded 2014,Remote rural,15.90,29,182
32013,Humboldt County,NV,Expanded 2014,Remote rural,21.40,300,1404
32015,Lander County,NV,Expanded 2014,Remote rural,21.50,94,438
32017,Lincoln County,NV,Expanded 2014,"Rural, near a metro",16.10,66,411
32019,Lyon County,NV,Expanded 2014,"Rural, near a metro",22.60,1246,5520
32021,Mineral County,NV,Expanded 2014,Remote rural,13.10,69,528
32023,Nye County,NV,Expanded 2014,"Rural, near a metro",20.90,1357,6503
32027,Pershing County,NV,Expanded 2014,Remote rural,20.40,111,544
32029,Storey County,NV,Expanded 2014,Metro,19.80,47,237
32031,Washoe County,NV,Expanded 2014,Metro,22.00,9196,41819
32033,White Pine County,NV,Expanded 2014,Remote rural,14.10,97,686
32510,Carson City,NV,Expanded 2014,Metro,21.90,1134,5172
33001,Belknap County,NH,Expanded 2015-2017,"Rural, near a metro",13.30,593,4462
33003,Carroll County,NH,Expanded 2015-2017,"Rural, near a metro",14.30,499,3497
33005,Cheshire County,NH,Expanded 2015-2017,"Rural, near a metro",11.50,678,5899
33007,Coos County,NH,Expanded 2015-2017,Remote rural,13.30,452,3396
33009,Grafton County,NH,Expanded 2015-2017,Remote rural,13.20,859,6526
33011,Hillsborough County,NH,Expanded 2015-2017,Metro,16.10,4113,25589
33013,Merrimack County,NH,Expanded 2015-2017,"Rural, near a metro",11.90,1233,10333
33015,Rockingham County,NH,Expanded 2015-2017,Metro,12.20,1537,12619
33017,Strafford County,NH,Expanded 2015-2017,Metro,12.50,1298,10345
33019,Sullivan County,NH,Expanded 2015-2017,Remote rural,13.60,505,3714
34001,Atlantic County,NJ,Expanded 2014,Metro,17.70,4806,27085
34003,Bergen County,NJ,Expanded 2014,Metro,20.40,9734,47735
34005,Burlington County,NJ,Expanded 2014,Metro,14.40,3436,23932
34007,Camden County,NJ,Expanded 2014,Metro,16.40,8002,48750
34009,Cape May County,NJ,Expanded 2014,Metro,14.60,1002,6844
34011,Cumberland County,NJ,Expanded 2014,Metro,21.00,3784,18018
34013,Essex County,NJ,Expanded 2014,Metro,24.00,22584,94125
34015,Gloucester County,NJ,Expanded 2014,Metro,13.60,2512,18433
34017,Hudson County,NJ,Expanded 2014,Metro,24.80,20025,80748
34019,Hunterdon County,NJ,Expanded 2014,Metro,17.00,669,3945
34021,Mercer County,NJ,Expanded 2014,Metro,25.50,7597,29843
34023,Middlesex County,NJ,Expanded 2014,Metro,25.70,13822,53836
34025,Monmouth County,NJ,Expanded 2014,Metro,20.40,6215,30460
34027,Morris County,NJ,Expanded 2014,Metro,21.40,3916,18266
34029,Ocean County,NJ,Expanded 2014,Metro,16.00,7060,44179
34031,Passaic County,NJ,Expanded 2014,Metro,25.30,13585,53590
34033,Salem County,NJ,Expanded 2014,Metro,13.60,843,6194
34035,Somerset County,NJ,Expanded 2014,Metro,22.20,2974,13374
34037,Sussex County,NJ,Expanded 2014,Metro,15.90,1017,6377
34039,Union County,NJ,Expanded 2014,Metro,31.90,13431,42061
34041,Warren County,NJ,Expanded 2014,Metro,16.90,1210,7152
35001,Bernalillo County,NM,Expanded 2014,Metro,19.50,15681,80377
35003,Catron County,NM,Expanded 2014,Remote rural,14.90,71,477
35005,Chaves County,NM,Expanded 2014,Remote rural,25.30,2508,9905
35006,Cibola County,NM,Expanded 2014,"Rural, near a metro",14.50,561,3873
35007,Colfax County,NM,Expanded 2014,Remote rural,18.10,291,1610
35009,Curry County,NM,Expanded 2014,Remote rural,21.60,1505,6959
35011,DeBaca County,NM,Expanded 2014,Remote rural,22.50,55,244
35013,Dona Ana County,NM,Expanded 2014,Metro,24.70,9814,39807
35015,Eddy County,NM,Expanded 2014,Remote rural,23.80,1485,6249
35017,Grant County,NM,Expanded 2014,Remote rural,17.40,656,3774
35019,Guadalupe County,NM,Expanded 2014,Remote rural,22.40,145,648
35021,Harding County,NM,Expanded 2014,Remote rural,25.00,20,80
35023,Hidalgo County,NM,Expanded 2014,Remote rural,22.80,142,623
35025,Lea County,NM,Expanded 2014,Remote rural,30.70,2915,9497
35027,Lincoln County,NM,Expanded 2014,Remote rural,20.60,505,2450
35028,Los Alamos County,NM,Expanded 2014,"Rural, near a metro",18.60,122,656
35029,Luna County,NM,Expanded 2014,"Rural, near a metro",23.90,1104,4611
35031,McKinley County,NM,Expanded 2014,Remote rural,19.10,2309,12077
35033,Mora County,NM,Expanded 2014,Remote rural,16.70,97,580
35035,Otero County,NM,Expanded 2014,"Rural, near a metro",23.00,2303,10028
35037,Quay County,NM,Expanded 2014,Remote rural,17.60,245,1389
35039,Rio Arriba County,NM,Expanded 2014,"Rural, near a metro",21.10,1108,5256
35041,Roosevelt County,NM,Expanded 2014,Remote rural,22.10,682,3083
35043,Sandoval County,NM,Expanded 2014,Metro,16.70,2169,12952
35045,San Juan County,NM,Expanded 2014,Metro,17.90,2980,16630
35047,San Miguel County,NM,Expanded 2014,"Rural, near a metro",17.70,786,4437
35049,Santa Fe County,NM,Expanded 2014,Metro,25.00,3965,15886
35051,Sierra County,NM,Expanded 2014,"Rural, near a metro",17.30,330,1913
35053,Socorro County,NM,Expanded 2014,"Rural, near a metro",17.90,482,2690
35055,Taos County,NM,Expanded 2014,Remote rural,18.70,857,4586
35057,Torrance County,NM,Expanded 2014,Metro,21.10,556,2631
35059,Union County,NM,Expanded 2014,Remote rural,26.00,160,616
35061,Valencia County,NM,Expanded 2014,Metro,23.10,2325,10061
37001,Alamance County,NC,Not expanded by 2023,Metro,26.80,5076,18942
37003,Alexander County,NC,Not expanded by 2023,Metro,23.30,853,3658
37005,Alleghany County,NC,Not expanded by 2023,Remote rural,30.90,467,1513
37007,Anson County,NC,Not expanded by 2023,"Rural, near a metro",21.90,710,3247
37009,Ashe County,NC,Not expanded by 2023,Remote rural,25.10,836,3331
37011,Avery County,NC,Not expanded by 2023,"Rural, near a metro",26.90,509,1895
37013,Beaufort County,NC,Not expanded by 2023,"Rural, near a metro",21.60,1141,5281
37015,Bertie County,NC,Not expanded by 2023,Remote rural,18.20,442,2432
37017,Bladen County,NC,Not expanded by 2023,"Rural, near a metro",18.90,780,4126
37019,Brunswick County,NC,Not expanded by 2023,Metro,21.70,2542,11694
37021,Buncombe County,NC,Not expanded by 2023,Metro,28.90,7964,27530
37023,Burke County,NC,Not expanded by 2023,Metro,23.90,2627,10992
37025,Cabarrus County,NC,Not expanded by 2023,Metro,23.40,4302,18363
37027,Caldwell County,NC,Not expanded by 2023,Metro,25.40,2425,9533
37029,Camden County,NC,Not expanded by 2023,"Rural, near a metro",24.00,189,789
37031,Carteret County,NC,Not expanded by 2023,"Rural, near a metro",21.30,1251,5874
37033,Caswell County,NC,Not expanded by 2023,"Rural, near a metro",22.10,582,2636
37035,Catawba County,NC,Not expanded by 2023,Metro,27.80,4494,16155
37037,Chatham County,NC,Not expanded by 2023,Metro,34.40,1637,4755
37039,Cherokee County,NC,Not expanded by 2023,Remote rural,21.50,784,3653
37041,Chowan County,NC,Not expanded by 2023,"Rural, near a metro",21.00,351,1670
37043,Clay County,NC,Not expanded by 2023,Remote rural,22.90,299,1307
37045,Cleveland County,NC,Not expanded by 2023,"Rural, near a metro",18.10,2340,12922
37047,Columbus County,NC,Not expanded by 2023,"Rural, near a metro",20.40,1471,7218
37049,Craven County,NC,Not expanded by 2023,Metro,22.70,2431,10686
37051,Cumberland County,NC,Not expanded by 2023,Metro,17.90,7509,42017
37053,Currituck County,NC,Not expanded by 2023,Metro,25.90,532,2054
37055,Dare County,NC,Not expanded by 2023,"Rural, near a metro",27.70,703,2536
37057,Davidson County,NC,Not expanded by 2023,Metro,25.20,4741,18798
37059,Davie County,NC,Not expanded by 2023,Metro,25.40,887,3495
37061,Duplin County,NC,Not expanded by 2023,"Rural, near a metro",32.60,2231,6844
37063,Durham County,NC,Not expanded by 2023,Metro,28.20,9030,32063
37065,Edgecombe County,NC,Not expanded by 2023,Metro,19.00,1519,7977
37067,Forsyth County,NC,Not expanded by 2023,Metro,26.40,11212,42431
37069,Franklin County,NC,Not expanded by 2023,Metro,27.20,1927,7097
37071,Gaston County,NC,Not expanded by 2023,Metro,24.70,6154,24935
37073,Gates County,NC,Not expanded by 2023,Metro,22.10,234,1057
37075,Graham County,NC,Not expanded by 2023,Remote rural,21.50,204,947
37077,Granville County,NC,Not expanded by 2023,"Rural, near a metro",26.00,1552,5978
37079,Greene County,NC,Not expanded by 2023,"Rural, near a metro",29.80,814,2728
37081,Guilford County,NC,Not expanded by 2023,Metro,22.90,13722,59792
37083,Halifax County,NC,Not expanded by 2023,"Rural, near a metro",18.00,1312,7304
37085,Harnett County,NC,Not expanded by 2023,"Rural, near a metro",25.60,3987,15569
37087,Haywood County,NC,Not expanded by 2023,Metro,23.10,1497,6484
37089,Henderson County,NC,Not expanded by 2023,Metro,29.60,3066,10372
37091,Hertford County,NC,Not expanded by 2023,"Rural, near a metro",17.30,488,2813
37093,Hoke County,NC,Not expanded by 2023,Metro,22.50,1649,7330
37095,Hyde County,NC,Not expanded by 2023,Remote rural,28.20,164,582
37097,Iredell County,NC,Not expanded by 2023,Metro,26.60,4154,15643
37099,Jackson County,NC,Not expanded by 2023,"Rural, near a metro",24.40,1327,5436
37101,Johnston County,NC,Not expanded by 2023,Metro,29.70,6330,21328
37103,Jones County,NC,Not expanded by 2023,Metro,24.10,320,1327
37105,Lee County,NC,Not expanded by 2023,"Rural, near a metro",29.40,2369,8046
37107,Lenoir County,NC,Not expanded by 2023,"Rural, near a metro",21.00,1838,8762
37109,Lincoln County,NC,Not expanded by 2023,Metro,26.80,2005,7472
37111,McDowell County,NC,Not expanded by 2023,"Rural, near a metro",23.30,1366,5859
37113,Macon County,NC,Not expanded by 2023,Remote rural,28.80,1219,4236
37115,Madison County,NC,Not expanded by 2023,Metro,20.60,516,2507
37117,Martin County,NC,Not expanded by 2023,"Rural, near a metro",19.70,553,2801
37119,Mecklenburg County,NC,Not expanded by 2023,Metro,32.10,30881,96223
37121,Mitchell County,NC,Not expanded by 2023,Remote rural,23.90,408,1704
37123,Montgomery County,NC,Not expanded by 2023,"Rural, near a metro",28.30,874,3087
37125,Moore County,NC,Not expanded by 2023,"Rural, near a metro",24.10,1856,7703
37127,Nash County,NC,Not expanded by 2023,Metro,23.60,2635,11153
37129,New Hanover County,NC,Not expanded by 2023,Metro,24.00,5703,23716
37131,Northampton County,NC,Not expanded by 2023,Remote rural,17.90,381,2127
37133,Onslow County,NC,Not expanded by 2023,Metro,16.10,3568,22118
37135,Orange County,NC,Not expanded by 2023,Metro,25.20,3385,13434
37137,Pamlico County,NC,Not expanded by 2023,Metro,23.40,268,1144
37139,Pasquotank County,NC,Not expanded by 2023,"Rural, near a metro",18.90,884,4667
37141,Pender County,NC,Not expanded by 2023,Metro,27.00,1501,5561
37143,Perquimans County,NC,Not expanded by 2023,"Rural, near a metro",23.50,326,1390
37145,Person County,NC,Not expanded by 2023,Metro,21.30,928,4348
37147,Pitt County,NC,Not expanded by 2023,Metro,20.80,5717,27433
37149,Polk County,NC,Not expanded by 2023,"Rural, near a metro",27.30,500,1829
37151,Randolph County,NC,Not expanded by 2023,Metro,26.40,4692,17787
37153,Richmond County,NC,Not expanded by 2023,Remote rural,17.10,1147,6690
37155,Robeson County,NC,Not expanded by 2023,"Rural, near a metro",19.10,3508,18411
37157,Rockingham County,NC,Not expanded by 2023,Metro,25.00,2922,11681
37159,Rowan County,NC,Not expanded by 2023,Metro,23.40,4166,17805
37161,Rutherford County,NC,Not expanded by 2023,"Rural, near a metro",23.80,2086,8780
37163,Sampson County,NC,Not expanded by 2023,"Rural, near a metro",31.10,2594,8336
37165,Scotland County,NC,Not expanded by 2023,"Rural, near a metro",15.50,793,5127
37167,Stanly County,NC,Not expanded by 2023,"Rural, near a metro",20.40,1335,6548
37169,Stokes County,NC,Not expanded by 2023,Metro,22.80,1038,4551
37171,Surry County,NC,Not expanded by 2023,"Rural, near a metro",27.30,2445,8957
37173,Swain County,NC,Not expanded by 2023,"Rural, near a metro",20.40,352,1722
37175,Transylvania County,NC,Not expanded by 2023,"Rural, near a metro",22.80,719,3159
37177,Tyrrell County,NC,Not expanded by 2023,Remote rural,29.00,146,504
37179,Union County,NC,Not expanded by 2023,Metro,29.10,4206,14463
37181,Vance County,NC,Not expanded by 2023,"Rural, near a metro",20.70,1379,6673
37183,Wake County,NC,Not expanded by 2023,Metro,25.30,19530,77227
37185,Warren County,NC,Not expanded by 2023,"Rural, near a metro",22.40,565,2517
37187,Washington County,NC,Not expanded by 2023,Remote rural,17.00,278,1632
37189,Watauga County,NC,Not expanded by 2023,Remote rural,23.00,2018,8778
37191,Wayne County,NC,Not expanded by 2023,Metro,27.40,4289,15650
37193,Wilkes County,NC,Not expanded by 2023,"Rural, near a metro",26.70,2234,8362
37195,Wilson County,NC,Not expanded by 2023,"Rural, near a metro",24.90,2830,11368
37197,Yadkin County,NC,Not expanded by 2023,Metro,26.30,1105,4202
37199,Yancey County,NC,Not expanded by 2023,"Rural, near a metro",25.40,565,2221
38001,Adams County,ND,Expanded 2014,Remote rural,16.80,32,191
38003,Barnes County,ND,Expanded 2014,"Rural, near a metro",12.10,98,809
38005,Benson County,ND,Expanded 2014,Remote rural,7.80,53,678
38007,Billings County,ND,Expanded 2014,Remote rural,16.30,16,98
38009,Bottineau County,ND,Expanded 2014,Remote rural,14.00,51,364
38011,Bowman County,ND,Expanded 2014,Remote rural,14.10,26,184
38013,Burke County,ND,Expanded 2014,Remote rural,14.30,15,105
38015,Burleigh County,ND,Expanded 2014,Metro,12.00,677,5627
38017,Cass County,ND,Expanded 2014,Metro,11.80,2024,17201
38019,Cavalier County,ND,Expanded 2014,Remote rural,12.70,19,150
38021,Dickey County,ND,Expanded 2014,Remote rural,16.90,59,350
38023,Divide County,ND,Expanded 2014,Remote rural,15.00,20,133
38025,Dunn County,ND,Expanded 2014,Remote rural,17.40,41,236
38027,Eddy County,ND,Expanded 2014,Remote rural,10.60,18,170
38029,Emmons County,ND,Expanded 2014,"Rural, near a metro",14.60,36,247
38031,Foster County,ND,Expanded 2014,Remote rural,13.00,27,208
38033,Golden Valley County,ND,Expanded 2014,Remote rural,13.10,17,130
38035,Grand Forks County,ND,Expanded 2014,Metro,10.20,834,8180
38037,Grant County,ND,Expanded 2014,"Rural, near a metro",15.40,37,240
38039,Griggs County,ND,Expanded 2014,Remote rural,12.30,19,155
38041,Hettinger County,ND,Expanded 2014,Remote rural,14.40,25,174
38043,Kidder County,ND,Expanded 2014,"Rural, near a metro",13.50,30,223
38045,LaMoure County,ND,Expanded 2014,Remote rural,14.80,34,229
38047,Logan County,ND,Expanded 2014,Remote rural,13.40,27,202
38049,McHenry County,ND,Expanded 2014,Remote rural,13.90,50,360
38051,McIntosh County,ND,Expanded 2014,Remote rural,14.80,29,196
38053,McKenzie County,ND,Expanded 2014,Remote rural,10.80,117,1080
38055,McLean County,ND,Expanded 2014,"Rural, near a metro",12.80,63,493
38057,Mercer County,ND,Expanded 2014,Remote rural,13.60,59,434
38059,Morton County,ND,Expanded 2014,Metro,9.60,219,2286
38061,Mountrail County,ND,Expanded 2014,Remote rural,12.00,95,791
38063,Nelson County,ND,Expanded 2014,"Rural, near a metro",13.30,23,173
38065,Oliver County,ND,Expanded 2014,Metro,11.50,13,113
38067,Pembina County,ND,Expanded 2014,Remote rural,14.40,52,362
38069,Pierce County,ND,Expanded 2014,Remote rural,11.60,34,294
38071,Ramsey County,ND,Expanded 2014,Remote rural,9.30,83,895
38073,Ransom County,ND,Expanded 2014,"Rural, near a metro",13.80,53,385
38075,Renville County,ND,Expanded 2014,Remote rural,14.70,20,136
38077,Richland County,ND,Expanded 2014,"Rural, near a metro",11.70,133,1132
38079,Rolette County,ND,Expanded 2014,Remote rural,8.10,111,1376
38081,Sargent County,ND,Expanded 2014,Remote rural,11.00,24,219
38083,Sheridan County,ND,Expanded 2014,Remote rural,14.70,15,102
38085,Sioux County,ND,Expanded 2014,Metro,7.60,53,694
38087,Slope County,ND,Expanded 2014,Remote rural,16.70,11,66
38089,Stark County,ND,Expanded 2014,Remote rural,12.80,321,2514
38091,Steele County,ND,Expanded 2014,"Rural, near a metro",12.50,10,80
38093,Stutsman County,ND,Expanded 2014,Remote rural,11.70,195,1662
38095,Towner County,ND,Expanded 2014,Remote rural,15.80,19,120
38097,Traill County,ND,Expanded 2014,"Rural, near a metro",12.20,55,449
38099,Walsh County,ND,Expanded 2014,"Rural, near a metro",14.20,104,731
38101,Ward County,ND,Expanded 2014,Remote rural,12.40,672,5405
38103,Wells County,ND,Expanded 2014,Remote rural,12.90,32,248
38105,Williams County,ND,Expanded 2014,Remote rural,14.10,415,2944
39001,Adams County,OH,Expanded 2014,"Rural, near a metro",13.40,544,4048
39003,Allen County,OH,Expanded 2014,Metro,12.60,1303,10354
39005,Ashland County,OH,Expanded 2014,"Rural, near a metro",14.60,729,5001
39007,Ashtabula County,OH,Expanded 2014,"Rural, near a metro",12.70,1570,12332
39009,Athens County,OH,Expanded 2014,"Rural, near a metro",12.20,1491,12177
39011,Auglaize County,OH,Expanded 2014,"Rural, near a metro",12.40,386,3111
39013,Belmont County,OH,Expanded 2014,Metro,12.30,823,6692
39015,Brown County,OH,Expanded 2014,Metro,14.70,765,5204
39017,Butler County,OH,Expanded 2014,Metro,16.80,6135,36529
39019,Carroll County,OH,Expanded 2014,Metro,14.30,374,2612
39021,Champaign County,OH,Expanded 2014,"Rural, near a metro",14.60,476,3254
39023,Clark County,OH,Expanded 2014,Metro,13.00,1998,15424
39025,Clermont County,OH,Expanded 2014,Metro,14.10,2276,16139
39027,Clinton County,OH,Expanded 2014,"Rural, near a metro",14.50,630,4355
39029,Columbiana County,OH,Expanded 2014,"Rural, near a metro",13.90,1542,11081
39031,Coshocton County,OH,Expanded 2014,"Rural, near a metro",14.00,661,4713
39033,Crawford County,OH,Expanded 2014,"Rural, near a metro",13.70,674,4912
39035,Cuyahoga County,OH,Expanded 2014,Metro,13.10,18663,142557
39037,Darke County,OH,Expanded 2014,"Rural, near a metro",13.50,638,4733
39039,Defiance County,OH,Expanded 2014,"Rural, near a metro",13.90,464,3330
39041,Delaware County,OH,Expanded 2014,Metro,20.40,1605,7882
39043,Erie County,OH,Expanded 2014,"Rural, near a metro",12.00,844,7054
39045,Fairfield County,OH,Expanded 2014,Metro,15.00,1864,12412
39047,Fayette County,OH,Expanded 2014,"Rural, near a metro",14.60,523,3576
39049,Franklin County,OH,Expanded 2014,Metro,19.80,30059,151663
39051,Fulton County,OH,Expanded 2014,Metro,13.90,421,3018
39053,Gallia County,OH,Expanded 2014,"Rural, near a metro",13.10,516,3926
39055,Geauga County,OH,Expanded 2014,Metro,23.40,994,4240
39057,Greene County,OH,Expanded 2014,Metro,14.50,1958,13489
39059,Guernsey County,OH,Expanded 2014,"Rural, near a metro",17.20,840,4878
39061,Hamilton County,OH,Expanded 2014,Metro,13.90,11992,86062
39063,Hancock County,OH,Expanded 2014,"Rural, near a metro",13.00,832,6381
39065,Hardin County,OH,Expanded 2014,"Rural, near a metro",13.30,464,3489
39067,Harrison County,OH,Expanded 2014,"Rural, near a metro",13.50,219,1627
39069,Henry County,OH,Expanded 2014,"Rural, near a metro",13.60,275,2021
39071,Highland County,OH,Expanded 2014,"Rural, near a metro",15.20,775,5096
39073,Hocking County,OH,Expanded 2014,Metro,12.50,428,3425
39075,Holmes County,OH,Expanded 2014,Remote rural,31.80,1123,3531
39077,Huron County,OH,Expanded 2014,"Rural, near a metro",12.60,735,5828
39079,Jackson County,OH,Expanded 2014,Remote rural,13.40,585,4365
39081,Jefferson County,OH,Expanded 2014,Metro,13.00,996,7657
39083,Knox County,OH,Expanded 2014,"Rural, near a metro",16.10,898,5582
39085,Lake County,OH,Expanded 2014,Metro,14.70,2335,15851
39087,Lawrence County,OH,Expanded 2014,Metro,12.10,922,7638
39089,Licking County,OH,Expanded 2014,Metro,14.50,2059,14168
39091,Logan County,OH,Expanded 2014,"Rural, near a metro",14.10,575,4084
39093,Lorain County,OH,Expanded 2014,Metro,13.20,3694,28045
39095,Lucas County,OH,Expanded 2014,Metro,12.20,6616,54357
39097,Madison County,OH,Expanded 2014,Metro,15.40,517,3366
39099,Mahoning County,OH,Expanded 2014,Metro,11.70,3250,27807
39101,Marion County,OH,Expanded 2014,"Rural, near a metro",12.40,929,7503
39103,Medina County,OH,Expanded 2014,Metro,15.30,1550,10135
39105,Meigs County,OH,Expanded 2014,"Rural, near a metro",12.80,422,3298
39107,Mercer County,OH,Expanded 2014,Remote rural,14.00,370,2645
39109,Miami County,OH,Expanded 2014,Metro,12.00,1065,8897
39111,Monroe County,OH,Expanded 2014,"Rural, near a metro",14.50,218,1505
39113,Montgomery County,OH,Expanded 2014,Metro,14.40,8749,60634
39115,Morgan County,OH,Expanded 2014,"Rural, near a metro",13.20,238,1803
39117,Morrow County,OH,Expanded 2014,Metro,17.90,575,3216
39119,Muskingum County,OH,Expanded 2014,"Rural, near a metro",12.20,1312,10769
39121,Noble County,OH,Expanded 2014,Remote rural,14.70,171,1166
39123,Ottawa County,OH,Expanded 2014,"Rural, near a metro",14.50,363,2503
39125,Paulding County,OH,Expanded 2014,"Rural, near a metro",13.90,222,1601
39127,Perry County,OH,Expanded 2014,Metro,14.30,591,4130
39129,Pickaway County,OH,Expanded 2014,Metro,14.10,751,5323
39131,Pike County,OH,Expanded 2014,Remote rural,12.90,604,4670
39133,Portage County,OH,Expanded 2014,Metro,12.10,2048,16862
39135,Preble County,OH,Expanded 2014,"Rural, near a metro",14.00,489,3489
39137,Putnam County,OH,Expanded 2014,"Rural, near a metro",14.50,245,1692
39139,Richland County,OH,Expanded 2014,Metro,13.90,1900,13627
39141,Ross County,OH,Expanded 2014,"Rural, near a metro",12.40,1129,9137
39143,Sandusky County,OH,Expanded 2014,"Rural, near a metro",13.30,739,5569
39145,Scioto County,OH,Expanded 2014,"Rural, near a metro",11.10,1280,11499
39147,Seneca County,OH,Expanded 2014,"Rural, near a metro",12.70,696,5487
39149,Shelby County,OH,Expanded 2014,"Rural, near a metro",13.50,554,4102
39151,Stark County,OH,Expanded 2014,Metro,12.30,4628,37617
39153,Summit County,OH,Expanded 2014,Metro,14.00,7281,52129
39155,Trumbull County,OH,Expanded 2014,Metro,13.50,3337,24756
39157,Tuscarawas County,OH,Expanded 2014,"Rural, near a metro",15.50,1390,8959
39159,Union County,OH,Expanded 2014,Metro,16.30,480,2945
39161,Van Wert County,OH,Expanded 2014,"Rural, near a metro",12.70,314,2480
39163,Vinton County,OH,Expanded 2014,"Rural, near a metro",14.80,282,1909
39165,Warren County,OH,Expanded 2014,Metro,18.90,2088,11030
39167,Washington County,OH,Expanded 2014,"Rural, near a metro",14.50,910,6282
39169,Wayne County,OH,Expanded 2014,"Rural, near a metro",17.30,1551,8950
39171,Williams County,OH,Expanded 2014,"Rural, near a metro",13.50,479,3561
39173,Wood County,OH,Expanded 2014,Metro,12.10,1501,12448
39175,Wyandot County,OH,Expanded 2014,Remote rural,12.90,226,1746
40001,Adair County,OK,Expanded 2019-2022,"Rural, near a metro",19.50,629,3226
40003,Alfalfa County,OK,Expanded 2019-2022,Remote rural,29.40,157,534
40005,Atoka County,OK,Expanded 2019-2022,Remote rural,27.10,542,2000
40007,Beaver County,OK,Expanded 2019-2022,Remote rural,39.50,212,537
40009,Beckham County,OK,Expanded 2019-2022,Remote rural,29.10,843,2894
40011,Blaine County,OK,Expanded 2019-2022,"Rural, near a metro",24.00,230,960
40013,Bryan County,OK,Expanded 2019-2022,"Rural, near a metro",26.50,1913,7210
40015,Caddo County,OK,Expanded 2019-2022,"Rural, near a metro",21.30,680,3198
40017,Canadian County,OK,Expanded 2019-2022,Metro,29.30,3826,13066
40019,Carter County,OK,Expanded 2019-2022,Remote rural,24.00,1586,6616
40021,Cherokee County,OK,Expanded 2019-2022,"Rural, near a metro",26.50,1958,7397
40023,Choctaw County,OK,Expanded 2019-2022,Remote rural,22.10,532,2403
40025,Cimarron County,OK,Expanded 2019-2022,Remote rural,31.50,90,286
40027,Cleveland County,OK,Expanded 2019-2022,Metro,23.10,8030,34814
40029,Coal County,OK,Expanded 2019-2022,Remote rural,24.40,219,899
40031,Comanche County,OK,Expanded 2019-2022,Metro,21.80,3604,16556
40033,Cotton County,OK,Expanded 2019-2022,Metro,22.50,174,775
40035,Craig County,OK,Expanded 2019-2022,"Rural, near a metro",21.50,476,2213
40037,Creek County,OK,Expanded 2019-2022,Metro,23.40,1987,8476
40039,Custer County,OK,Expanded 2019-2022,Remote rural,28.80,1216,4216
40041,Delaware County,OK,Expanded 2019-2022,"Rural, near a metro",23.70,1427,6019
40043,Dewey County,OK,Expanded 2019-2022,Remote rural,27.60,135,490
40045,Ellis County,OK,Expanded 2019-2022,Remote rural,31.10,127,409
40047,Garfield County,OK,Expanded 2019-2022,Remote rural,32.10,2372,7389
40049,Garvin County,OK,Expanded 2019-2022,"Rural, near a metro",25.50,916,3592
40051,Grady County,OK,Expanded 2019-2022,Metro,24.40,1342,5493
40053,Grant County,OK,Expanded 2019-2022,Remote rural,25.40,114,448
40055,Greer County,OK,Expanded 2019-2022,Remote rural,25.10,201,800
40057,Harmon County,OK,Expanded 2019-2022,Remote rural,30.60,123,402
40059,Harper County,OK,Expanded 2019-2022,Remote rural,41.60,156,375
40061,Haskell County,OK,Expanded 2019-2022,"Rural, near a metro",23.70,454,1919
40063,Hughes County,OK,Expanded 2019-2022,Remote rural,25.00,484,1934
40065,Jackson County,OK,Expanded 2019-2022,Remote rural,26.60,823,3096
40067,Jefferson County,OK,Expanded 2019-2022,"Rural, near a metro",25.50,217,851
40069,Johnston County,OK,Expanded 2019-2022,Remote rural,19.20,300,1559
40071,Kay County,OK,Expanded 2019-2022,Remote rural,22.60,1335,5916
40073,Kingfisher County,OK,Expanded 2019-2022,"Rural, near a metro",32.10,463,1442
40075,Kiowa County,OK,Expanded 2019-2022,"Rural, near a metro",22.40,316,1408
40077,Latimer County,OK,Expanded 2019-2022,Remote rural,19.00,287,1510
40079,Le Flore County,OK,Expanded 2019-2022,Metro,27.00,2106,7787
40081,Lincoln County,OK,Expanded 2019-2022,Metro,21.70,969,4465
40083,Logan County,OK,Expanded 2019-2022,Metro,29.70,1403,4720
40085,Love County,OK,Expanded 2019-2022,Remote rural,27.90,374,1342
40087,McClain County,OK,Expanded 2019-2022,Metro,27.80,1048,3773
40089,McCurtain County,OK,Expanded 2019-2022,Remote rural,22.10,1054,4766
40091,McIntosh County,OK,Expanded 2019-2022,"Rural, near a metro",22.90,727,3179
40093,Major County,OK,Expanded 2019-2022,Remote rural,29.90,229,765
40095,Marshall County,OK,Expanded 2019-2022,"Rural, near a metro",31.80,699,2197
40097,Mayes County,OK,Expanded 2019-2022,"Rural, near a metro",21.90,1169,5333
40099,Murray County,OK,Expanded 2019-2022,Remote rural,22.90,356,1556
40101,Muskogee County,OK,Expanded 2019-2022,"Rural, near a metro",20.90,2010,9597
40103,Noble County,OK,Expanded 2019-2022,"Rural, near a metro",22.50,248,1103
40105,Nowata County,OK,Expanded 2019-2022,"Rural, near a metro",20.90,276,1319
40107,Okfuskee County,OK,Expanded 2019-2022,"Rural, near a metro",21.50,407,1892
40109,Oklahoma County,OK,Expanded 2019-2022,Metro,31.10,31439,101020
40111,Okmulgee County,OK,Expanded 2019-2022,Metro,23.10,1257,5433
40113,Osage County,OK,Expanded 2019-2022,Metro,26.40,1277,4837
40115,Ottawa County,OK,Expanded 2019-2022,"Rural, near a metro",22.40,1059,4734
40117,Pawnee County,OK,Expanded 2019-2022,Metro,23.20,474,2047
40119,Payne County,OK,Expanded 2019-2022,"Rural, near a metro",22.80,3577,15680
40121,Pittsburg County,OK,Expanded 2019-2022,Remote rural,23.50,1357,5783
40123,Pontotoc County,OK,Expanded 2019-2022,Remote rural,21.50,980,4551
40125,Pottawatomie County,OK,Expanded 2019-2022,"Rural, near a metro",21.70,2085,9617
40127,Pushmataha County,OK,Expanded 2019-2022,Remote rural,24.70,449,1817
40129,Roger Mills County,OK,Expanded 2019-2022,Remote rural,29.30,122,417
40131,Rogers County,OK,Expanded 2019-2022,Metro,25.10,2073,8243
40133,Seminole County,OK,Expanded 2019-2022,Remote rural,23.40,922,3939
40135,Sequoyah County,OK,Expanded 2019-2022,Metro,20.90,1350,6460
40137,Stephens County,OK,Expanded 2019-2022,"Rural, near a metro",25.00,1437,5753
40139,Texas County,OK,Expanded 2019-2022,Remote rural,44.70,1120,2505
40141,Tillman County,OK,Expanded 2019-2022,"Rural, near a metro",28.40,296,1041
40143,Tulsa County,OK,Expanded 2019-2022,Metro,28.30,22494,79509
40145,Wagoner County,OK,Expanded 2019-2022,Metro,30.00,2276,7587
40147,Washington County,OK,Expanded 2019-2022,"Rural, near a metro",24.60,1539,6256
40149,Washita County,OK,Expanded 2019-2022,Remote rural,26.60,409,1538
40151,Woods County,OK,Expanded 2019-2022,Remote rural,23.00,218,946
40153,Woodward County,OK,Expanded 2019-2022,Remote rural,26.30,624,2369
41001,Baker County,OR,Expanded 2014,Remote rural,10.30,198,1931
41003,Benton County,OR,Expanded 2014,Metro,11.30,1618,14279
41005,Clackamas County,OR,Expanded 2014,Metro,12.90,3435,26533
41007,Clatsop County,OR,Expanded 2014,"Rural, near a metro",11.70,496,4252
41009,Columbia County,OR,Expanded 2014,Metro,11.20,460,4115
41011,Coos County,OR,Expanded 2014,Remote rural,10.70,882,8211
41013,Crook County,OR,Expanded 2014,"Rural, near a metro",10.70,262,2458
41015,Curry County,OR,Expanded 2014,Remote rural,11.30,294,2613
41017,Deschutes County,OR,Expanded 2014,Metro,13.30,2179,16436
41019,Douglas County,OR,Expanded 2014,"Rural, near a metro",8.90,1188,13390
41021,Gilliam County,OR,Expanded 2014,Remote rural,12.60,24,190
41023,Grant County,OR,Expanded 2014,Remote rural,12.00,95,789
41025,Harney County,OR,Expanded 2014,Remote rural,11.70,117,1003
41027,Hood River County,OR,Expanded 2014,"Rural, near a metro",19.50,400,2049
41029,Jackson County,OR,Expanded 2014,Metro,13.50,3276,24250
41031,Jefferson County,OR,Expanded 2014,"Rural, near a metro",10.40,286,2759
41033,Josephine County,OR,Expanded 2014,Metro,10.90,1295,11888
41035,Klamath County,OR,Expanded 2014,Remote rural,10.30,988,9563
41037,Lake County,OR,Expanded 2014,Remote rural,14.40,148,1026
41039,Lane County,OR,Expanded 2014,Metro,11.40,5886,51739
41041,Lincoln County,OR,Expanded 2014,Remote rural,12.40,703,5661
41043,Linn County,OR,Expanded 2014,Metro,11.10,1617,14626
41045,Malheur County,OR,Expanded 2014,"Rural, near a metro",15.50,673,4341
41047,Marion County,OR,Expanded 2014,Metro,19.10,7069,37061
41049,Morrow County,OR,Expanded 2014,"Rural, near a metro",19.30,269,1396
41051,Multnomah County,OR,Expanded 2014,Metro,12.40,10866,87660
41053,Polk County,OR,Expanded 2014,Metro,12.00,1031,8603
41055,Sherman County,OR,Expanded 2014,Remote rural,11.30,24,213
41057,Tillamook County,OR,Expanded 2014,"Rural, near a metro",12.80,341,2667
41059,Umatilla County,OR,Expanded 2014,"Rural, near a metro",15.50,1307,8429
41061,Union County,OR,Expanded 2014,Remote rural,11.60,365,3160
41063,Wallowa County,OR,Expanded 2014,Remote rural,11.60,90,776
41065,Wasco County,OR,Expanded 2014,"Rural, near a metro",14.80,448,3021
41067,Washington County,OR,Expanded 2014,Metro,18.10,7571,41768
41069,Wheeler County,OR,Expanded 2014,Remote rural,10.40,22,212
41071,Yamhill County,OR,Expanded 2014,Metro,13.90,1267,9119
42001,Adams County,PA,Expanded 2015-2017,Metro,14.60,1036,7100
42003,Allegheny County,PA,Expanded 2015-2017,Metro,11.20,11598,103453
42005,Armstrong County,PA,Expanded 2015-2017,Metro,10.20,624,6096
42007,Beaver County,PA,Expanded 2015-2017,Metro,10.60,1487,13981
42009,Bedford County,PA,Expanded 2015-2017,"Rural, near a metro",12.90,608,4725
42011,Berks County,PA,Expanded 2015-2017,Metro,17.30,6704,38852
42013,Blair County,PA,Expanded 2015-2017,Metro,11.00,1465,13355
42015,Bradford County,PA,Expanded 2015-2017,"Rural, near a metro",11.90,708,5934
42017,Bucks County,PA,Expanded 2015-2017,Metro,13.00,3931,30282
42019,Butler County,PA,Expanded 2015-2017,Metro,10.30,1299,12615
42021,Cambria County,PA,Expanded 2015-2017,Metro,9.70,1286,13267
42023,Cameron County,PA,Expanded 2015-2017,Remote rural,10.00,59,591
42025,Carbon County,PA,Expanded 2015-2017,Metro,12.30,775,6312
42027,Centre County,PA,Expanded 2015-2017,Metro,12.20,2580,21136
42029,Chester County,PA,Expanded 2015-2017,Metro,16.30,4129,25363
42031,Clarion County,PA,Expanded 2015-2017,"Rural, near a metro",10.20,429,4215
42033,Clearfield County,PA,Expanded 2015-2017,"Rural, near a metro",11.10,919,8268
42035,Clinton County,PA,Expanded 2015-2017,"Rural, near a metro",11.20,459,4102
42037,Columbia County,PA,Expanded 2015-2017,Metro,10.40,759,7322
42039,Crawford County,PA,Expanded 2015-2017,"Rural, near a metro",13.00,1204,9268
42041,Cumberland County,PA,Expanded 2015-2017,Metro,14.30,2515,17541
42043,Dauphin County,PA,Expanded 2015-2017,Metro,13.60,3805,28071
42045,Delaware County,PA,Expanded 2015-2017,Metro,13.20,5615,42604
42047,Elk County,PA,Expanded 2015-2017,Remote rural,10.60,276,2593
42049,Erie County,PA,Expanded 2015-2017,Metro,9.30,2894,31267
42051,Fayette County,PA,Expanded 2015-2017,Metro,8.90,1423,15926
42053,Forest County,PA,Expanded 2015-2017,Remote rural,18.70,126,673
42055,Franklin County,PA,Expanded 2015-2017,Metro,16.40,2065,12590
42057,Fulton County,PA,Expanded 2015-2017,"Rural, near a metro",11.00,159,1439
42059,Greene County,PA,Expanded 2015-2017,"Rural, near a metro",10.50,362,3451
42061,Huntingdon County,PA,Expanded 2015-2017,"Rural, near a metro",11.30,450,3986
42063,Indiana County,PA,Expanded 2015-2017,"Rural, near a metro",13.40,1378,10277
42065,Jefferson County,PA,Expanded 2015-2017,Remote rural,13.70,702,5128
42067,Juniata County,PA,Expanded 2015-2017,"Rural, near a metro",17.70,380,2144
42069,Lackawanna County,PA,Expanded 2015-2017,Metro,12.70,2944,23227
42071,Lancaster County,PA,Expanded 2015-2017,Metro,16.10,6209,38502
42073,Lawrence County,PA,Expanded 2015-2017,"Rural, near a metro",9.90,845,8522
42075,Lebanon County,PA,Expanded 2015-2017,Metro,15.00,1770,11817
42077,Lehigh County,PA,Expanded 2015-2017,Metro,15.10,5420,35834
42079,Luzerne County,PA,Expanded 2015-2017,Metro,15.00,5653,37774
42081,Lycoming County,PA,Expanded 2015-2017,Metro,10.40,1178,11340
42083,Mc Kean County,PA,Expanded 2015-2017,Remote rural,11.10,495,4457
42085,Mercer County,PA,Expanded 2015-2017,Metro,12.20,1339,10950
42087,Mifflin County,PA,Expanded 2015-2017,"Rural, near a metro",15.70,847,5383
42089,Monroe County,PA,Expanded 2015-2017,Metro,15.20,2339,15373
42091,Montgomery County,PA,Expanded 2015-2017,Metro,15.90,6851,43211
42093,Montour County,PA,Expanded 2015-2017,Metro,12.20,164,1342
42095,Northampton County,PA,Expanded 2015-2017,Metro,13.90,3151,22734
42097,Northumberland County,PA,Expanded 2015-2017,"Rural, near a metro",11.10,1046,9411
42099,Perry County,PA,Expanded 2015-2017,Metro,14.80,520,3523
42101,Philadelphia County,PA,Expanded 2015-2017,Metro,13.10,31433,240775
42103,Pike County,PA,Expanded 2015-2017,Metro,14.80,751,5076
42105,Potter County,PA,Expanded 2015-2017,Remote rural,11.20,195,1740
42107,Schuylkill County,PA,Expanded 2015-2017,"Rural, near a metro",11.70,1646,14009
42109,Snyder County,PA,Expanded 2015-2017,Remote rural,14.50,478,3293
42111,Somerset County,PA,Expanded 2015-2017,"Rural, near a metro",11.20,749,6668
42113,Sullivan County,PA,Expanded 2015-2017,"Rural, near a metro",13.90,71,510
42115,Susquehanna County,PA,Expanded 2015-2017,"Rural, near a metro",12.00,419,3478
42117,Tioga County,PA,Expanded 2015-2017,"Rural, near a metro",12.10,511,4237
42119,Union County,PA,Expanded 2015-2017,"Rural, near a metro",15.80,501,3170
42121,Venango County,PA,Expanded 2015-2017,"Rural, near a metro",10.80,616,5692
42123,Warren County,PA,Expanded 2015-2017,"Rural, near a metro",9.80,356,3626
42125,Washington County,PA,Expanded 2015-2017,Metro,11.50,1724,15049
42127,Wayne County,PA,Expanded 2015-2017,"Rural, near a metro",13.20,599,4529
42129,Westmoreland County,PA,Expanded 2015-2017,Metro,9.20,2482,26945
42131,Wyoming County,PA,Expanded 2015-2017,Metro,10.70,253,2354
42133,York County,PA,Expanded 2015-2017,Metro,12.50,4061,32591
44001,Bristol County,RI,Expanded 2014,Metro,10.90,264,2417
44003,Kent County,RI,Expanded 2014,Metro,9.60,1112,11538
44005,Newport County,RI,Expanded 2014,Metro,11.60,578,4982
44007,Providence County,RI,Expanded 2014,Metro,12.20,8185,67247
44009,Washington County,RI,Expanded 2014,Metro,9.20,687,7485
45001,Abbeville County,SC,Not expanded by 2023,"Rural, near a metro",22.70,655,2884
45003,Aiken County,SC,Not expanded by 2023,Metro,25.10,4764,18961
45005,Allendale County,SC,Not expanded by 2023,"Rural, near a metro",16.90,228,1348
45007,Anderson County,SC,Not expanded by 2023,Metro,25.40,5782,22749
45009,Bamberg County,SC,Not expanded by 2023,Remote rural,21.50,439,2046
45011,Barnwell County,SC,Not expanded by 2023,"Rural, near a metro",21.40,705,3291
45013,Beaufort County,SC,Not expanded by 2023,Metro,28.20,3542,12563
45015,Berkeley County,SC,Not expanded by 2023,Metro,22.80,5171,22729
45017,Calhoun County,SC,Not expanded by 2023,Metro,21.40,370,1725
45019,Charleston County,SC,Not expanded by 2023,Metro,24.60,9118,37037
45021,Cherokee County,SC,Not expanded by 2023,"Rural, near a metro",21.10,1697,8035
45023,Chester County,SC,Not expanded by 2023,Metro,20.80,957,4594
45025,Chesterfield County,SC,Not expanded by 2023,"Rural, near a metro",22.30,1468,6595
45027,Clarendon County,SC,Not expanded by 2023,"Rural, near a metro",19.90,896,4508
45029,Colleton County,SC,Not expanded by 2023,"Rural, near a metro",24.40,1454,5969
45031,Darlington County,SC,Not expanded by 2023,Metro,19.40,1778,9178
45033,Dillon County,SC,Not expanded by 2023,"Rural, near a metro",19.10,997,5215
45035,Dorchester County,SC,Not expanded by 2023,Metro,25.20,3880,15412
45037,Edgefield County,SC,Not expanded by 2023,Metro,29.30,908,3097
45039,Fairfield County,SC,Not expanded by 2023,Metro,18.20,508,2791
45041,Florence County,SC,Not expanded by 2023,Metro,20.50,3619,17694
45043,Georgetown County,SC,Not expanded by 2023,"Rural, near a metro",22.40,1430,6387
45045,Greenville County,SC,Not expanded by 2023,Metro,28.10,14039,49931
45047,Greenwood County,SC,Not expanded by 2023,"Rural, near a metro",22.40,1957,8722
45049,Hampton County,SC,Not expanded by 2023,"Rural, near a metro",24.20,678,2805
45051,Horry County,SC,Not expanded by 2023,Metro,26.30,11167,42417
45053,Jasper County,SC,Not expanded by 2023,Metro,31.10,1217,3907
45055,Kershaw County,SC,Not expanded by 2023,Metro,23.80,1761,7409
45057,Lancaster County,SC,Not expanded by 2023,Metro,27.40,2469,9010
45059,Laurens County,SC,Not expanded by 2023,Metro,23.70,2211,9338
45061,Lee County,SC,Not expanded by 2023,"Rural, near a metro",22.50,590,2619
45063,Lexington County,SC,Not expanded by 2023,Metro,22.20,6408,28812
45065,McCormick County,SC,Not expanded by 2023,"Rural, near a metro",20.30,172,849
45067,Marion County,SC,Not expanded by 2023,"Rural, near a metro",18.70,1001,5353
45069,Marlboro County,SC,Not expanded by 2023,"Rural, near a metro",15.90,690,4341
45071,Newberry County,SC,Not expanded by 2023,"Rural, near a metro",26.00,1161,4461
45073,Oconee County,SC,Not expanded by 2023,"Rural, near a metro",25.60,2401,9365
45075,Orangeburg County,SC,Not expanded by 2023,"Rural, near a metro",18.90,2346,12400
45077,Pickens County,SC,Not expanded by 2023,Metro,23.20,4289,18473
45079,Richland County,SC,Not expanded by 2023,Metro,21.10,10912,51787
45081,Saluda County,SC,Not expanded by 2023,Metro,31.20,783,2510
45083,Spartanburg County,SC,Not expanded by 2023,Metro,26.20,10321,39437
45085,Sumter County,SC,Not expanded by 2023,Metro,17.90,2490,13938
45087,Union County,SC,Not expanded by 2023,Metro,19.60,815,4150
45089,Williamsburg County,SC,Not expanded by 2023,"Rural, near a metro",22.10,997,4518
45091,York County,SC,Not expanded by 2023,Metro,24.50,5309,21630
46003,Aurora County,SD,Not expanded by 2023,Remote rural,29.90,76,254
46005,Beadle County,SD,Not expanded by 2023,Remote rural,30.40,619,2034
46007,Bennett County,SD,Not expanded by 2023,Remote rural,17.90,99,553
46009,Bon Homme County,SD,Not expanded by 2023,Remote rural,23.60,99,420
46011,Brookings County,SD,Not expanded by 2023,Remote rural,25.10,912,3632
46013,Brown County,SD,Not expanded by 2023,Remote rural,25.00,726,2906
46015,Brule County,SD,Not expanded by 2023,Remote rural,23.10,127,550
46017,Buffalo County,SD,Not expanded by 2023,Remote rural,15.00,52,346
46019,Butte County,SD,Not expanded by 2023,"Rural, near a metro",26.60,299,1122
46021,Campbell County,SD,Not expanded by 2023,Remote rural,24.70,20,81
46023,Charles Mix County,SD,Not expanded by 2023,Remote rural,21.40,208,973
46025,Clark County,SD,Not expanded by 2023,Remote rural,29.80,87,292
46027,Clay County,SD,Not expanded by 2023,"Rural, near a metro",24.30,533,2197
46029,Codington County,SD,Not expanded by 2023,Remote rural,22.90,549,2398
46031,Corson County,SD,Not expanded by 2023,Remote rural,17.70,129,729
46033,Custer County,SD,Not expanded by 2023,Metro,26.30,152,577
46035,Davison County,SD,Not expanded by 2023,Remote rural,21.80,418,1914
46037,Day County,SD,Not expanded by 2023,Remote rural,24.90,113,453
46039,Deuel County,SD,Not expanded by 2023,Remote rural,24.60,84,341
46041,Dewey County,SD,Not expanded by 2023,Remote rural,17.10,137,801
46043,Douglas County,SD,Not expanded by 2023,Remote rural,26.70,55,206
46045,Edmunds County,SD,Not expanded by 2023,Remote rural,27.90,80,287
46047,Fall River County,SD,Not expanded by 2023,"Rural, near a metro",23.20,179,771
46049,Faulk County,SD,Not expanded by 2023,Remote rural,27.40,40,146
46051,Grant County,SD,Not expanded by 2023,Remote rural,31.50,155,492
46053,Gregory County,SD,Not expanded by 2023,Remote rural,24.60,104,423
46055,Haakon County,SD,Not expanded by 2023,"Rural, near a metro",23.60,37,157
46057,Hamlin County,SD,Not expanded by 2023,Remote rural,31.80,124,390
46059,Hand County,SD,Not expanded by 2023,Remote rural,26.40,62,235
46061,Hanson County,SD,Not expanded by 2023,"Rural, near a metro",26.40,64,242
46063,Harding County,SD,Not expanded by 2023,Remote rural,22.70,35,154
46065,Hughes County,SD,Not expanded by 2023,Remote rural,18.20,224,1233
46067,Hutchinson County,SD,Not expanded by 2023,"Rural, near a metro",23.60,130,552
46069,Hyde County,SD,Not expanded by 2023,Remote rural,22.10,21,95
46071,Jackson County,SD,Not expanded by 2023,"Rural, near a metro",21.80,101,463
46073,Jerauld County,SD,Not expanded by 2023,Remote rural,24.80,34,137
46075,Jones County,SD,Not expanded by 2023,Remote rural,17.70,17,96
46077,Kingsbury County,SD,Not expanded by 2023,Remote rural,25.20,98,389
46079,Lake County,SD,Not expanded by 2023,"Rural, near a metro",22.60,170,753
46081,Lawrence County,SD,Not expanded by 2023,"Rural, near a metro",25.70,617,2404
46083,Lincoln County,SD,Not expanded by 2023,Metro,26.20,906,3454
46085,Lyman County,SD,Not expanded by 2023,Remote rural,21.60,102,473
46087,McCook County,SD,Not expanded by 2023,Metro,25.70,93,362
46089,McPherson County,SD,Not expanded by 2023,Remote rural,24.60,45,183
46091,Marshall County,SD,Not expanded by 2023,Remote rural,28.40,90,317
46093,Meade County,SD,Not expanded by 2023,Metro,24.20,608,2512
46095,Mellette County,SD,Not expanded by 2023,Remote rural,23.20,72,311
46097,Miner County,SD,Not expanded by 2023,"Rural, near a metro",26.80,42,157
46099,Minnehaha County,SD,Not expanded by 2023,Metro,23.70,3796,15987
46101,Moody County,SD,Not expanded by 2023,"Rural, near a metro",26.20,117,447
46102,Oglala Lakota County,SD,Not expanded by 2023,"Rural, near a metro",12.30,314,2554
46103,Pennington County,SD,Not expanded by 2023,Metro,21.50,2130,9900
46105,Perkins County,SD,Not expanded by 2023,"Rural, near a metro",23.90,76,318
46107,Potter County,SD,Not expanded by 2023,Remote rural,20.80,30,144
46109,Roberts County,SD,Not expanded by 2023,Remote rural,21.20,213,1005
46111,Sanborn County,SD,Not expanded by 2023,Remote rural,26.90,64,238
46115,Spink County,SD,Not expanded by 2023,Remote rural,24.70,113,458
46117,Stanley County,SD,Not expanded by 2023,Remote rural,21.70,38,175
46119,Sully County,SD,Not expanded by 2023,Remote rural,30.80,24,78
46121,Todd County,SD,Not expanded by 2023,Remote rural,16.30,283,1738
46123,Tripp County,SD,Not expanded by 2023,Remote rural,24.10,166,690
46125,Turner County,SD,Not expanded by 2023,Metro,28.60,174,609
46127,Union County,SD,Not expanded by 2023,Metro,25.10,226,900
46129,Walworth County,SD,Not expanded by 2023,Remote rural,21.50,106,492
46135,Yankton County,SD,Not expanded by 2023,Remote rural,23.00,398,1731
46137,Ziebach County,SD,Not expanded by 2023,"Rural, near a metro",17.20,81,471
47001,Anderson County,TN,Not expanded by 2023,Metro,19.60,1798,9170
47003,Bedford County,TN,Not expanded by 2023,"Rural, near a metro",27.20,1494,5490
47005,Benton County,TN,Not expanded by 2023,Remote rural,21.70,466,2145
47007,Bledsoe County,TN,Not expanded by 2023,"Rural, near a metro",29.30,671,2291
47009,Blount County,TN,Not expanded by 2023,Metro,22.30,2469,11078
47011,Bradley County,TN,Not expanded by 2023,Metro,22.80,2952,12958
47013,Campbell County,TN,Not expanded by 2023,Metro,18.90,1168,6179
47015,Cannon County,TN,Not expanded by 2023,Metro,22.80,407,1789
47017,Carroll County,TN,Not expanded by 2023,"Rural, near a metro",18.40,658,3580
47019,Carter County,TN,Not expanded by 2023,Metro,22.10,1809,8196
47021,Cheatham County,TN,Not expanded by 2023,Metro,27.30,995,3648
47023,Chester County,TN,Not expanded by 2023,Metro,21.50,426,1986
47025,Claiborne County,TN,Not expanded by 2023,"Rural, near a metro",19.00,918,4828
47027,Clay County,TN,Not expanded by 2023,Remote rural,25.00,299,1196
47029,Cocke County,TN,Not expanded by 2023,"Rural, near a metro",20.40,1199,5869
47031,Coffee County,TN,Not expanded by 2023,"Rural, near a metro",23.20,1654,7138
47033,Crockett County,TN,Not expanded by 2023,Metro,24.30,405,1670
47035,Cumberland County,TN,Not expanded by 2023,"Rural, near a metro",22.00,1484,6756
47037,Davidson County,TN,Not expanded by 2023,Metro,26.90,19294,71650
47039,Decatur County,TN,Not expanded by 2023,Remote rural,21.80,358,1642
47041,DeKalb County,TN,Not expanded by 2023,"Rural, near a metro",25.40,737,2903
47043,Dickson County,TN,Not expanded by 2023,Metro,20.20,1010,4990
47045,Dyer County,TN,Not expanded by 2023,Remote rural,18.50,930,5021
47047,Fayette County,TN,Not expanded by 2023,Metro,22.70,733,3224
47049,Fentress County,TN,Not expanded by 2023,Remote rural,21.10,626,2972
47051,Franklin County,TN,Not expanded by 2023,"Rural, near a metro",20.70,894,4328
47053,Gibson County,TN,Not expanded by 2023,"Rural, near a metro",19.70,1254,6359
47055,Giles County,TN,Not expanded by 2023,"Rural, near a metro",21.10,733,3479
47057,Grainger County,TN,Not expanded by 2023,Metro,23.00,712,3100
47059,Greene County,TN,Not expanded by 2023,"Rural, near a metro",21.80,1975,9051
47061,Grundy County,TN,Not expanded by 2023,"Rural, near a metro",20.80,438,2105
47063,Hamblen County,TN,Not expanded by 2023,Metro,27.90,2460,8804
47065,Hamilton County,TN,Not expanded by 2023,Metro,24.60,8393,34055
47067,Hancock County,TN,Not expanded by 2023,"Rural, near a metro",19.70,259,1312
47069,Hardeman County,TN,Not expanded by 2023,"Rural, near a metro",18.70,641,3431
47071,Hardin County,TN,Not expanded by 2023,"Rural, near a metro",22.20,838,3770
47073,Hawkins County,TN,Not expanded by 2023,Metro,22.20,1725,7770
47075,Haywood County,TN,Not expanded by 2023,"Rural, near a metro",19.20,515,2686
47077,Henderson County,TN,Not expanded by 2023,"Rural, near a metro",22.00,802,3649
47079,Henry County,TN,Not expanded by 2023,Remote rural,19.00,821,4319
47081,Hickman County,TN,Not expanded by 2023,Metro,22.30,665,2984
47083,Houston County,TN,Not expanded by 2023,"Rural, near a metro",21.80,225,1030
47085,Humphreys County,TN,Not expanded by 2023,"Rural, near a metro",22.20,512,2304
47087,Jackson County,TN,Not expanded by 2023,"Rural, near a metro",23.60,394,1673
47089,Jefferson County,TN,Not expanded by 2023,Metro,20.80,1252,6013
47091,Johnson County,TN,Not expanded by 2023,"Rural, near a metro",24.50,648,2642
47093,Knox County,TN,Not expanded by 2023,Metro,25.40,12901,50799
47095,Lake County,TN,Not expanded by 2023,Remote rural,17.80,183,1030
47097,Lauderdale County,TN,Not expanded by 2023,"Rural, near a metro",18.10,681,3757
47099,Lawrence County,TN,Not expanded by 2023,"Rural, near a metro",23.00,1351,5878
47101,Lewis County,TN,Not expanded by 2023,"Rural, near a metro",22.20,390,1760
47103,Lincoln County,TN,Not expanded by 2023,"Rural, near a metro",25.20,949,3760
47105,Loudon County,TN,Not expanded by 2023,Metro,28.50,1285,4503
47107,McMinn County,TN,Not expanded by 2023,"Rural, near a metro",22.00,1456,6623
47109,McNairy County,TN,Not expanded by 2023,"Rural, near a metro",20.30,734,3618
47111,Macon County,TN,Not expanded by 2023,Metro,26.20,1007,3846
47113,Madison County,TN,Not expanded by 2023,Metro,21.80,2651,12137
47115,Marion County,TN,Not expanded by 2023,Metro,24.10,912,3779
47117,Marshall County,TN,Not expanded by 2023,"Rural, near a metro",25.40,971,3818
47119,Maury County,TN,Not expanded by 2023,Metro,21.30,2017,9467
47121,Meigs County,TN,Not expanded by 2023,"Rural, near a metro",20.70,370,1791
47123,Monroe County,TN,Not expanded by 2023,"Rural, near a metro",23.70,1401,5906
47125,Montgomery County,TN,Not expanded by 2023,Metro,24.20,6248,25768
47127,Moore County,TN,Not expanded by 2023,Remote rural,24.40,139,570
47129,Morgan County,TN,Not expanded by 2023,Metro,27.20,709,2611
47131,Obion County,TN,Not expanded by 2023,Remote rural,21.10,861,4074
47133,Overton County,TN,Not expanded by 2023,Remote rural,22.40,662,2956
47135,Perry County,TN,Not expanded by 2023,"Rural, near a metro",22.80,250,1097
47137,Pickett County,TN,Not expanded by 2023,Remote rural,24.50,153,624
47139,Polk County,TN,Not expanded by 2023,Metro,24.20,563,2323
47141,Putnam County,TN,Not expanded by 2023,"Rural, near a metro",23.20,2591,11159
47143,Rhea County,TN,Not expanded by 2023,"Rural, near a metro",20.40,939,4612
47145,Roane County,TN,Not expanded by 2023,Metro,19.70,1106,5611
47147,Robertson County,TN,Not expanded by 2023,Metro,24.40,1553,6355
47149,Rutherford County,TN,Not expanded by 2023,Metro,25.50,8257,32425
47151,Scott County,TN,Not expanded by 2023,"Rural, near a metro",21.50,828,3850
47153,Sequatchie County,TN,Not expanded by 2023,Metro,26.40,589,2229
47155,Sevier County,TN,Not expanded by 2023,"Rural, near a metro",30.60,3518,11495
47157,Shelby County,TN,Not expanded by 2023,Metro,26.30,28585,108659
47159,Smith County,TN,Not expanded by 2023,Metro,21.60,477,2208
47161,Stewart County,TN,Not expanded by 2023,"Rural, near a metro",20.90,335,1603
47163,Sullivan County,TN,Not expanded by 2023,Metro,20.40,3799,18664
47165,Sumner County,TN,Not expanded by 2023,Metro,22.60,3277,14492
47167,Tipton County,TN,Not expanded by 2023,Metro,21.90,1332,6077
47169,Trousdale County,TN,Not expanded by 2023,Metro,22.20,280,1259
47171,Unicoi County,TN,Not expanded by 2023,Metro,20.60,477,2310
47173,Union County,TN,Not expanded by 2023,Metro,22.90,592,2581
47175,Van Buren County,TN,Not expanded by 2023,Remote rural,25.20,197,782
47177,Warren County,TN,Not expanded by 2023,"Rural, near a metro",26.10,1552,5952
47179,Washington County,TN,Not expanded by 2023,Metro,23.60,4073,17256
47181,Wayne County,TN,Not expanded by 2023,"Rural, near a metro",25.20,503,1998
47183,Weakley County,TN,Not expanded by 2023,Remote rural,17.60,838,4754
47185,White County,TN,Not expanded by 2023,Remote rural,22.20,834,3758
47187,Williamson County,TN,Not expanded by 2023,Metro,28.30,2364,8358
47189,Wilson County,TN,Not expanded by 2023,Metro,24.60,2567,10428
48001,Anderson County,TX,Not expanded by 2023,Remote rural,35.20,2173,6178
48003,Andrews County,TX,Not expanded by 2023,"Rural, near a metro",41.80,653,1564
48005,Angelina County,TX,Not expanded by 2023,Remote rural,33.70,3949,11719
48007,Aransas County,TX,Not expanded by 2023,Metro,27.80,777,2793
48009,Archer County,TX,Not expanded by 2023,Metro,35.90,244,680
48011,Armstrong County,TX,Not expanded by 2023,Metro,22.60,33,146
48013,Atascosa County,TX,Not expanded by 2023,Metro,34.80,2194,6307
48015,Austin County,TX,Not expanded by 2023,Metro,39.70,1194,3007
48017,Bailey County,TX,Not expanded by 2023,Remote rural,45.30,422,931
48019,Bandera County,TX,Not expanded by 2023,Metro,36.70,784,2139
48021,Bastrop County,TX,Not expanded by 2023,Metro,44.70,4742,10599
48023,Baylor County,TX,Not expanded by 2023,"Rural, near a metro",28.80,122,423
48025,Bee County,TX,Not expanded by 2023,"Rural, near a metro",24.30,805,3312
48027,Bell County,TX,Not expanded by 2023,Metro,30.50,13865,45416
48029,Bexar County,TX,Not expanded by 2023,Metro,35.30,85916,243316
48031,Blanco County,TX,Not expanded by 2023,"Rural, near a metro",35.90,320,891
48033,Borden County,TX,Not expanded by 2023,"Rural, near a metro",28.60,14,49
48035,Bosque County,TX,Not expanded by 2023,"Rural, near a metro",35.50,698,1967
48037,Bowie County,TX,Not expanded by 2023,Metro,26.10,2911,11161
48039,Brazoria County,TX,Not expanded by 2023,Metro,38.20,10575,27653
48041,Brazos County,TX,Not expanded by 2023,Metro,28.20,12599,44611
48043,Brewster County,TX,Not expanded by 2023,Remote rural,36.90,371,1006
48045,Briscoe County,TX,Not expanded by 2023,Remote rural,43.00,65,151
48047,Brooks County,TX,Not expanded by 2023,Remote rural,29.70,361,1217
48049,Brown County,TX,Not expanded by 2023,Remote rural,30.20,1401,4641
48051,Burleson County,TX,Not expanded by 2023,Metro,38.40,759,1975
48053,Burnet County,TX,Not expanded by 2023,"Rural, near a metro",39.90,1704,4272
48055,Caldwell County,TX,Not expanded by 2023,Metro,40.90,2554,6241
48057,Calhoun County,TX,Not expanded by 2023,"Rural, near a metro",33.30,672,2015
48059,Callahan County,TX,Not expanded by 2023,Metro,27.90,436,1560
48061,Cameron County,TX,Not expanded by 2023,Metro,44.70,31676,70796
48063,Camp County,TX,Not expanded by 2023,"Rural, near a metro",37.00,665,1796
48065,Carson County,TX,Not expanded by 2023,Metro,30.30,125,413
48067,Cass County,TX,Not expanded by 2023,"Rural, near a metro",28.00,1034,3693
48069,Castro County,TX,Not expanded by 2023,"Rural, near a metro",38.90,354,909
48071,Chambers County,TX,Not expanded by 2023,Metro,41.70,1439,3450
48073,Cherokee County,TX,Not expanded by 2023,"Rural, near a metro",37.50,2552,6809
48075,Childress County,TX,Not expanded by 2023,Remote rural,35.10,247,704
48077,Clay County,TX,Not expanded by 2023,Metro,30.90,312,1011
48079,Cochran County,TX,Not expanded by 2023,Remote rural,46.70,175,375
48081,Coke County,TX,Not expanded by 2023,"Rural, near a metro",28.70,104,363
48083,Coleman County,TX,Not expanded by 2023,"Rural, near a metro",35.30,383,1084
48085,Collin County,TX,Not expanded by 2023,Metro,35.10,22729,64811
48087,Collingsworth County,TX,Not expanded by 2023,Remote rural,33.60,109,324
48089,Colorado County,TX,Not expanded by 2023,"Rural, near a metro",38.10,793,2083
48091,Comal County,TX,Not expanded by 2023,Metro,34.80,3802,10918
48093,Comanche County,TX,Not expanded by 2023,Remote rural,40.30,680,1686
48095,Concho County,TX,Not expanded by 2023,"Rural, near a metro",27.80,68,245
48097,Cooke County,TX,Not expanded by 2023,"Rural, near a metro",41.20,1798,4364
48099,Coryell County,TX,Not expanded by 2023,Metro,24.90,2525,10138
48101,Cottle County,TX,Not expanded by 2023,Remote rural,28.20,51,181
48103,Crane County,TX,Not expanded by 2023,"Rural, near a metro",43.60,183,420
48105,Crockett County,TX,Not expanded by 2023,Remote rural,39.80,107,269
48107,Crosby County,TX,Not expanded by 2023,Metro,34.00,250,735
48109,Culberson County,TX,Not expanded by 2023,Remote rural,29.90,86,288
48111,Dallam County,TX,Not expanded by 2023,Remote rural,47.20,434,920
48113,Dallas County,TX,Not expanded by 2023,Metro,45.10,127516,283034
48115,Dawson County,TX,Not expanded by 2023,Remote rural,37.30,535,1434
48117,Deaf Smith County,TX,Not expanded by 2023,"Rural, near a metro",41.60,1003,2409
48119,Delta County,TX,Not expanded by 2023,"Rural, near a metro",26.00,168,647
48121,Denton County,TX,Not expanded by 2023,Metro,34.60,22192,64160
48123,DeWitt County,TX,Not expanded by 2023,"Rural, near a metro",31.10,662,2132
48125,Dickens County,TX,Not expanded by 2023,"Rural, near a metro",30.00,65,217
48127,Dimmit County,TX,Not expanded by 2023,"Rural, near a metro",29.50,391,1325
48129,Donley County,TX,Not expanded by 2023,"Rural, near a metro",30.10,129,429
48131,Duval County,TX,Not expanded by 2023,Remote rural,24.50,329,1341
48133,Eastland County,TX,Not expanded by 2023,"Rural, near a metro",32.50,752,2313
48135,Ector County,TX,Not expanded by 2023,Metro,40.80,6858,16826
48137,Edwards County,TX,Not expanded by 2023,Remote rural,44.60,62,139
48139,Ellis County,TX,Not expanded by 2023,Metro,38.10,6307,16566
48141,El Paso County,TX,Not expanded by 2023,Metro,44.30,54158,122253
48143,Erath County,TX,Not expanded by 2023,"Rural, near a metro",37.20,2143,5757
48145,Falls County,TX,Not expanded by 2023,Metro,33.00,727,2205
48147,Fannin County,TX,Not expanded by 2023,"Rural, near a metro",33.60,1338,3984
48149,Fayette County,TX,Not expanded by 2023,"Rural, near a metro",37.40,709,1898
48151,Fisher County,TX,Not expanded by 2023,"Rural, near a metro",32.10,114,355
48153,Floyd County,TX,Not expanded by 2023,"Rural, near a metro",36.40,243,668
48155,Foard County,TX,Not expanded by 2023,Remote rural,28.80,40,139
48157,Fort Bend County,TX,Not expanded by 2023,Metro,38.90,21494,55231
48159,Franklin County,TX,Not expanded by 2023,Remote rural,32.80,402,1226
48161,Freestone County,TX,Not expanded by 2023,Remote rural,36.60,830,2265
48163,Frio County,TX,Not expanded by 2023,"Rural, near a metro",34.20,834,2437
48165,Gaines County,TX,Not expanded by 2023,Remote rural,52.40,1344,2563
48167,Galveston County,TX,Not expanded by 2023,Metro,38.70,11869,30630
48169,Garza County,TX,Not expanded by 2023,"Rural, near a metro",29.40,159,540
48171,Gillespie County,TX,Not expanded by 2023,Remote rural,42.00,755,1798
48173,Glasscock County,TX,Not expanded by 2023,"Rural, near a metro",44.20,23,52
48175,Goliad County,TX,Not expanded by 2023,Metro,35.40,241,680
48177,Gonzales County,TX,Not expanded by 2023,"Rural, near a metro",39.40,960,2437
48179,Gray County,TX,Not expanded by 2023,"Rural, near a metro",39.20,981,2504
48181,Grayson County,TX,Not expanded by 2023,Metro,35.90,4980,13864
48183,Gregg County,TX,Not expanded by 2023,Metro,35.50,5540,15620
48185,Grimes County,TX,Not expanded by 2023,"Rural, near a metro",36.70,1177,3208
48187,Guadalupe County,TX,Not expanded by 2023,Metro,33.10,4642,14035
48189,Hale County,TX,Not expanded by 2023,"Rural, near a metro",39.30,1704,4333
48191,Hall County,TX,Not expanded by 2023,Remote rural,41.00,186,454
48193,Hamilton County,TX,Not expanded by 2023,"Rural, near a metro",36.50,363,995
48195,Hansford County,TX,Not expanded by 2023,Remote rural,48.50,243,501
48197,Hardeman County,TX,Not expanded by 2023,Remote rural,34.40,167,486
48199,Hardin County,TX,Not expanded by 2023,Metro,30.60,1665,5436
48201,Harris County,TX,Not expanded by 2023,Metro,45.70,263804,577007
48203,Harrison County,TX,Not expanded by 2023,"Rural, near a metro",29.40,2290,7784
48205,Hartley County,TX,Not expanded by 2023,Remote rural,35.30,127,360
48207,Haskell County,TX,Not expanded by 2023,"Rural, near a metro",34.90,234,670
48209,Hays County,TX,Not expanded by 2023,Metro,31.90,8875,27781
48211,Hemphill County,TX,Not expanded by 2023,Remote rural,39.70,106,267
48213,Henderson County,TX,Not expanded by 2023,"Rural, near a metro",36.30,3995,10992
48215,Hidalgo County,TX,Not expanded by 2023,Metro,47.30,74672,157956
48217,Hill County,TX,Not expanded by 2023,"Rural, near a metro",38.20,1705,4462
48219,Hockley County,TX,Not expanded by 2023,"Rural, near a metro",37.60,958,2549
48221,Hood County,TX,Not expanded by 2023,Metro,35.90,1740,4845
48223,Hopkins County,TX,Not expanded by 2023,"Rural, near a metro",39.20,1784,4548
48225,Houston County,TX,Not expanded by 2023,Remote rural,31.30,934,2980
48227,Howard County,TX,Not expanded by 2023,"Rural, near a metro",30.30,1037,3427
48229,Hudspeth County,TX,Not expanded by 2023,Metro,44.20,235,532
48231,Hunt County,TX,Not expanded by 2023,Metro,38.80,4924,12707
48233,Hutchinson County,TX,Not expanded by 2023,"Rural, near a metro",32.10,587,1830
48235,Irion County,TX,Not expanded by 2023,Metro,37.60,38,101
48237,Jack County,TX,Not expanded by 2023,"Rural, near a metro",38.80,381,981
48239,Jackson County,TX,Not expanded by 2023,"Rural, near a metro",37.50,583,1553
48241,Jasper County,TX,Not expanded by 2023,"Rural, near a metro",27.40,1252,4571
48243,Jeff Davis County,TX,Not expanded by 2023,Remote rural,30.80,45,146
48245,Jefferson County,TX,Not expanded by 2023,Metro,41.80,13478,32274
48247,Jim Hogg County,TX,Not expanded by 2023,"Rural, near a metro",28.70,206,719
48249,Jim Wells County,TX,Not expanded by 2023,"Rural, near a metro",31.10,1812,5819
48251,Johnson County,TX,Not expanded by 2023,Metro,38.10,6957,18283
48253,Jones County,TX,Not expanded by 2023,Metro,34.20,654,1913
48255,Karnes County,TX,Not expanded by 2023,"Rural, near a metro",33.30,459,1377
48257,Kaufman County,TX,Not expanded by 2023,Metro,41.30,6662,16129
48259,Kendall County,TX,Not expanded by 2023,Metro,42.80,1043,2435
48261,Kenedy County,TX,Not expanded by 2023,Remote rural,41.10,23,56
48263,Kent County,TX,Not expanded by 2023,Remote rural,22.00,13,59
48265,Kerr County,TX,Not expanded by 2023,"Rural, near a metro",38.50,1892,4915
48267,Kimble County,TX,Not expanded by 2023,Remote rural,32.40,170,524
48269,King County,TX,Not expanded by 2023,Remote rural,44.40,12,27
48271,Kinney County,TX,Not expanded by 2023,Remote rural,28.00,74,264
48273,Kleberg County,TX,Not expanded by 2023,"Rural, near a metro",31.80,1629,5123
48275,Knox County,TX,Not expanded by 2023,Remote rural,40.40,182,451
48277,Lamar County,TX,Not expanded by 2023,Remote rural,30.60,1996,6525
48279,Lamb County,TX,Not expanded by 2023,"Rural, near a metro",40.30,672,1667
48281,Lampasas County,TX,Not expanded by 2023,Metro,36.90,864,2339
48283,La Salle County,TX,Not expanded by 2023,"Rural, near a metro",33.10,257,777
48285,Lavaca County,TX,Not expanded by 2023,"Rural, near a metro",37.80,622,1646
48287,Lee County,TX,Not expanded by 2023,"Rural, near a metro",40.60,787,1937
48289,Leon County,TX,Not expanded by 2023,"Rural, near a metro",38.80,688,1774
48291,Liberty County,TX,Not expanded by 2023,Metro,45.00,6090,13532
48293,Limestone County,TX,Not expanded by 2023,"Rural, near a metro",34.40,1040,3024
48295,Lipscomb County,TX,Not expanded by 2023,Remote rural,40.30,122,303
48297,Live Oak County,TX,Not expanded by 2023,"Rural, near a metro",36.40,400,1100
48299,Llano County,TX,Not expanded by 2023,Remote rural,36.40,642,1762
48301,Loving County,TX,Not expanded by 2023,Remote rural,0.00,0,2
48303,Lubbock County,TX,Not expanded by 2023,Metro,28.60,13098,45780
48305,Lynn County,TX,Not expanded by 2023,Metro,32.50,186,573
48307,McCulloch County,TX,Not expanded by 2023,Remote rural,36.40,328,901
48309,McLennan County,TX,Not expanded by 2023,Metro,31.60,11410,36097
48311,McMullen County,TX,Not expanded by 2023,Remote rural,36.40,16,44
48313,Madison County,TX,Not expanded by 2023,"Rural, near a metro",39.20,574,1464
48315,Marion County,TX,Not expanded by 2023,"Rural, near a metro",29.40,392,1332
48317,Martin County,TX,Not expanded by 2023,Metro,41.20,145,352
48319,Mason County,TX,Not expanded by 2023,Remote rural,36.70,139,379
48321,Matagorda County,TX,Not expanded by 2023,"Rural, near a metro",39.00,1788,4586
48323,Maverick County,TX,Not expanded by 2023,Remote rural,39.30,3345,8512
48325,Medina County,TX,Not expanded by 2023,Metro,34.90,1591,4559
48327,Menard County,TX,Not expanded by 2023,Remote rural,33.30,83,249
48329,Midland County,TX,Not expanded by 2023,Metro,37.00,4954,13384
48331,Milam County,TX,Not expanded by 2023,"Rural, near a metro",32.90,977,2967
48333,Mills County,TX,Not expanded by 2023,Remote rural,35.00,166,474
48335,Mitchell County,TX,Not expanded by 2023,Remote rural,28.70,241,839
48337,Montague County,TX,Not expanded by 2023,"Rural, near a metro",35.40,800,2263
48339,Montgomery County,TX,Not expanded by 2023,Metro,45.70,25179,55051
48341,Moore County,TX,Not expanded by 2023,Remote rural,47.00,1069,2274
48343,Morris County,TX,Not expanded by 2023,"Rural, near a metro",29.50,538,1822
48345,Motley County,TX,Not expanded by 2023,Remote rural,26.90,39,145
48347,Nacogdoches County,TX,Not expanded by 2023,Remote rural,36.60,3783,10334
48349,Navarro County,TX,Not expanded by 2023,"Rural, near a metro",40.30,2921,7252
48351,Newton County,TX,Not expanded by 2023,Metro,32.60,535,1639
48353,Nolan County,TX,Not expanded by 2023,"Rural, near a metro",30.60,605,1975
48355,Nueces County,TX,Not expanded by 2023,Metro,35.20,14712,41837
48357,Ochiltree County,TX,Not expanded by 2023,Remote rural,48.70,497,1020
48359,Oldham County,TX,Not expanded by 2023,Metro,38.70,65,168
48361,Orange County,TX,Not expanded by 2023,Metro,31.90,2876,9018
48363,Palo Pinto County,TX,Not expanded by 2023,"Rural, near a metro",39.20,1455,3708
48365,Panola County,TX,Not expanded by 2023,"Rural, near a metro",34.50,782,2267
48367,Parker County,TX,Not expanded by 2023,Metro,36.40,4047,11108
48369,Parmer County,TX,Not expanded by 2023,Remote rural,47.70,526,1103
48371,Pecos County,TX,Not expanded by 2023,Remote rural,36.90,575,1558
48373,Polk County,TX,Not expanded by 2023,"Rural, near a metro",30.50,1870,6132
48375,Potter County,TX,Not expanded by 2023,Metro,39.20,6655,16974
48377,Presidio County,TX,Not expanded by 2023,Remote rural,46.90,343,732
48379,Rains County,TX,Not expanded by 2023,"Rural, near a metro",35.10,483,1378
48381,Randall County,TX,Not expanded by 2023,Metro,34.10,4045,11867
48383,Reagan County,TX,Not expanded by 2023,"Rural, near a metro",39.10,120,307
48385,Real County,TX,Not expanded by 2023,Remote rural,30.90,109,353
48387,Red River County,TX,Not expanded by 2023,"Rural, near a metro",31.20,530,1699
48389,Reeves County,TX,Not expanded by 2023,Remote rural,38.40,510,1328
48391,Refugio County,TX,Not expanded by 2023,"Rural, near a metro",28.90,237,819
48393,Roberts County,TX,Not expanded by 2023,Remote rural,29.40,20,68
48395,Robertson County,TX,Not expanded by 2023,Metro,32.70,664,2028
48397,Rockwall County,TX,Not expanded by 2023,Metro,38.10,2169,5686
48399,Runnels County,TX,Not expanded by 2023,"Rural, near a metro",35.30,376,1065
48401,Rusk County,TX,Not expanded by 2023,Metro,34.90,1884,5404
48403,Sabine County,TX,Not expanded by 2023,"Rural, near a metro",29.70,363,1224
48405,San Augustine County,TX,Not expanded by 2023,Remote rural,34.30,393,1146
48407,San Jacinto County,TX,Not expanded by 2023,"Rural, near a metro",38.70,1332,3444
48409,San Patricio County,TX,Not expanded by 2023,Metro,33.50,2958,8839
48411,San Saba County,TX,Not expanded by 2023,Remote rural,41.00,279,680
48413,Schleicher County,TX,Not expanded by 2023,"Rural, near a metro",37.70,95,252
48415,Scurry County,TX,Not expanded by 2023,Remote rural,34.50,552,1602
48417,Shackelford County,TX,Not expanded by 2023,"Rural, near a metro",29.90,97,324
48419,Shelby County,TX,Not expanded by 2023,Remote rural,36.50,1276,3498
48421,Sherman County,TX,Not expanded by 2023,Remote rural,46.10,136,295
48423,Smith County,TX,Not expanded by 2023,Metro,36.60,9550,26084
48425,Somervell County,TX,Not expanded by 2023,Metro,37.10,281,757
48427,Starr County,TX,Not expanded by 2023,"Rural, near a metro",44.60,5554,12450
48429,Stephens County,TX,Not expanded by 2023,Remote rural,33.70,369,1096
48431,Sterling County,TX,Not expanded by 2023,"Rural, near a metro",39.60,42,106
48433,Stonewall County,TX,Not expanded by 2023,Remote rural,31.00,35,113
48435,Sutton County,TX,Not expanded by 2023,Remote rural,40.90,126,308
48437,Swisher County,TX,Not expanded by 2023,"Rural, near a metro",38.00,356,936
48439,Tarrant County,TX,Not expanded by 2023,Metro,39.90,78928,198035
48441,Taylor County,TX,Not expanded by 2023,Metro,30.60,5376,17582
48443,Terrell County,TX,Not expanded by 2023,Remote rural,26.30,20,76
48445,Terry County,TX,Not expanded by 2023,"Rural, near a metro",42.50,697,1639
48447,Throckmorton County,TX,Not expanded by 2023,Remote rural,31.50,53,168
48449,Titus County,TX,Not expanded by 2023,Remote rural,42.30,1725,4081
48451,Tom Green County,TX,Not expanded by 2023,Metro,34.80,4402,12647
48453,Travis County,TX,Not expanded by 2023,Metro,30.60,36694,120076
48455,Trinity County,TX,Not expanded by 2023,Remote rural,30.60,586,1918
48457,Tyler County,TX,Not expanded by 2023,"Rural, near a metro",31.10,735,2362
48459,Upshur County,TX,Not expanded by 2023,Metro,28.30,1566,5525
48461,Upton County,TX,Not expanded by 2023,"Rural, near a metro",36.80,110,299
48463,Uvalde County,TX,Not expanded by 2023,"Rural, near a metro",36.20,1321,3645
48465,Val Verde County,TX,Not expanded by 2023,Remote rural,34.40,2040,5924
48467,Van Zandt County,TX,Not expanded by 2023,"Rural, near a metro",37.60,2580,6856
48469,Victoria County,TX,Not expanded by 2023,Metro,32.50,3564,10983
48471,Walker County,TX,Not expanded by 2023,"Rural, near a metro",32.40,3524,10876
48473,Waller County,TX,Not expanded by 2023,Metro,43.90,2671,6091
48475,Ward County,TX,Not expanded by 2023,"Rural, near a metro",36.80,395,1074
48477,Washington County,TX,Not expanded by 2023,"Rural, near a metro",33.70,1076,3190
48479,Webb County,TX,Not expanded by 2023,Metro,47.10,18802,39897
48481,Wharton County,TX,Not expanded by 2023,"Rural, near a metro",36.80,1811,4920
48483,Wheeler County,TX,Not expanded by 2023,Remote rural,42.60,254,596
48485,Wichita County,TX,Not expanded by 2023,Metro,31.50,4757,15125
48487,Wilbarger County,TX,Not expanded by 2023,"Rural, near a metro",31.30,586,1871
48489,Willacy County,TX,Not expanded by 2023,"Rural, near a metro",37.60,1163,3094
48491,Williamson County,TX,Not expanded by 2023,Metro,35.20,13478,38274
48493,Wilson County,TX,Not expanded by 2023,Metro,33.90,1327,3911
48495,Winkler County,TX,Not expanded by 2023,"Rural, near a metro",40.00,249,623
48497,Wise County,TX,Not expanded by 2023,Metro,38.90,2404,6178
48499,Wood County,TX,Not expanded by 2023,"Rural, near a metro",33.70,1738,5158
48501,Yoakum County,TX,Not expanded by 2023,Remote rural,45.60,318,697
48503,Young County,TX,Not expanded by 2023,Remote rural,39.90,805,2019
48505,Zapata County,TX,Not expanded by 2023,"Rural, near a metro",47.00,1087,2313
48507,Zavala County,TX,Not expanded by 2023,Remote rural,29.90,489,1635
49001,Beaver County,UT,Expanded 2019-2022,Remote rural,20.90,132,632
49003,Box Elder County,UT,Expanded 2019-2022,Metro,16.90,789,4664
49005,Cache County,UT,Expanded 2019-2022,Metro,17.70,2851,16090
49007,Carbon County,UT,Expanded 2019-2022,Remote rural,13.20,330,2505
49009,Daggett County,UT,Expanded 2019-2022,Remote rural,17.90,14,78
49011,Davis County,UT,Expanded 2019-2022,Metro,19.40,3547,18264
49013,Duchesne County,UT,Expanded 2019-2022,Remote rural,15.50,323,2079
49015,Emery County,UT,Expanded 2019-2022,Remote rural,18.30,167,913
49017,Garfield County,UT,Expanded 2019-2022,Remote rural,16.70,84,503
49019,Grand County,UT,Expanded 2019-2022,Remote rural,18.70,179,955
49021,Iron County,UT,Expanded 2019-2022,"Rural, near a metro",16.50,1254,7598
49023,Juab County,UT,Expanded 2019-2022,Metro,15.50,153,984
49025,Kane County,UT,Expanded 2019-2022,"Rural, near a metro",15.60,116,744
49027,Millard County,UT,Expanded 2019-2022,Remote rural,26.60,337,1268
49029,Morgan County,UT,Expanded 2019-2022,Metro,19.80,88,445
49031,Piute County,UT,Expanded 2019-2022,Remote rural,18.60,34,183
49033,Rich County,UT,Expanded 2019-2022,"Rural, near a metro",21.80,45,206
49035,Salt Lake County,UT,Expanded 2019-2022,Metro,23.80,20676,86929
49037,San Juan County,UT,Expanded 2019-2022,Remote rural,11.90,211,1778
49039,Sanpete County,UT,Expanded 2019-2022,"Rural, near a metro",21.20,702,3312
49041,Sevier County,UT,Expanded 2019-2022,Remote rural,16.70,362,2168
49043,Summit County,UT,Expanded 2019-2022,"Rural, near a metro",29.20,454,1557
49045,Tooele County,UT,Expanded 2019-2022,Metro,18.20,938,5167
49047,Uintah County,UT,Expanded 2019-2022,Remote rural,16.50,649,3928
49049,Utah County,UT,Expanded 2019-2022,Metro,15.10,9511,62779
49051,Wasatch County,UT,Expanded 2019-2022,"Rural, near a metro",23.30,388,1666
49053,Washington County,UT,Expanded 2019-2022,Metro,20.80,3301,15846
49055,Wayne County,UT,Expanded 2019-2022,Remote rural,21.20,60,283
49057,Weber County,UT,Expanded 2019-2022,Metro,20.20,4034,19969
51001,Accomack County,VA,Expanded 2019-2022,"Rural, near a metro",19.20,737,3838
51003,Albemarle County,VA,Expanded 2019-2022,Metro,18.30,1185,6464
51005,Alleghany County,VA,Expanded 2019-2022,"Rural, near a metro",13.00,190,1463
51007,Amelia County,VA,Expanded 2019-2022,Metro,15.10,193,1278
51009,Amherst County,VA,Expanded 2019-2022,Metro,12.50,377,3023
51011,Appomattox County,VA,Expanded 2019-2022,Metro,14.10,246,1739
51013,Arlington County,VA,Expanded 2019-2022,Metro,16.90,2259,13340
51015,Augusta County,VA,Expanded 2019-2022,Metro,13.10,720,5514
51017,Bath County,VA,Expanded 2019-2022,"Rural, near a metro",11.80,50,422
51019,Bedford County,VA,Expanded 2019-2022,Metro,15.10,971,6413
51021,Bland County,VA,Expanded 2019-2022,"Rural, near a metro",11.80,64,543
51023,Botetourt County,VA,Expanded 2019-2022,Metro,13.80,263,1905
51025,Brunswick County,VA,Expanded 2019-2022,"Rural, near a metro",12.90,263,2037
51027,Buchanan County,VA,Expanded 2019-2022,Remote rural,12.40,375,3015
51029,Buckingham County,VA,Expanded 2019-2022,Metro,13.00,254,1950
51031,Campbell County,VA,Expanded 2019-2022,Metro,13.80,738,5359
51033,Caroline County,VA,Expanded 2019-2022,Metro,15.40,404,2629
51035,Carroll County,VA,Expanded 2019-2022,Remote rural,15.20,565,3710
51036,Charles City County,VA,Expanded 2019-2022,Metro,12.40,71,574
51037,Charlotte County,VA,Expanded 2019-2022,"Rural, near a metro",13.00,201,1548
51041,Chesterfield County,VA,Expanded 2019-2022,Metro,17.80,3867,21711
51043,Clarke County,VA,Expanded 2019-2022,Metro,17.40,140,805
51045,Craig County,VA,Expanded 2019-2022,Metro,14.10,65,461
51047,Culpeper County,VA,Expanded 2019-2022,Metro,21.00,859,4081
51049,Cumberland County,VA,Expanded 2019-2022,"Rural, near a metro",12.10,134,1112
51051,Dickenson County,VA,Expanded 2019-2022,Remote rural,12.70,245,1927
51053,Dinwiddie County,VA,Expanded 2019-2022,Metro,13.70,358,2620
51057,Essex County,VA,Expanded 2019-2022,"Rural, near a metro",13.50,173,1284
51059,Fairfax County,VA,Expanded 2019-2022,Metro,26.70,14254,53428
51061,Fauquier County,VA,Expanded 2019-2022,Metro,23.10,761,3293
51063,Floyd County,VA,Expanded 2019-2022,Metro,13.70,216,1579
51065,Fluvanna County,VA,Expanded 2019-2022,Metro,14.10,236,1669
51067,Franklin County,VA,Expanded 2019-2022,Metro,14.00,729,5214
51069,Frederick County,VA,Expanded 2019-2022,Metro,19.90,1078,5407
51071,Giles County,VA,Expanded 2019-2022,Metro,13.90,234,1687
51073,Gloucester County,VA,Expanded 2019-2022,Metro,13.60,381,2796
51075,Goochland County,VA,Expanded 2019-2022,Metro,12.80,122,950
51077,Grayson County,VA,Expanded 2019-2022,Remote rural,14.30,285,1988
51079,Greene County,VA,Expanded 2019-2022,Metro,17.10,281,1642
51081,Greensville County,VA,Expanded 2019-2022,"Rural, near a metro",10.90,129,1186
51083,Halifax County,VA,Expanded 2019-2022,"Rural, near a metro",11.90,491,4116
51085,Hanover County,VA,Expanded 2019-2022,Metro,14.80,726,4898
51087,Henrico County,VA,Expanded 2019-2022,Metro,18.60,4307,23128
51089,Henry County,VA,Expanded 2019-2022,"Rural, near a metro",11.80,779,6622
51091,Highland County,VA,Expanded 2019-2022,"Rural, near a metro",12.40,31,249
51093,Isle of Wight County,VA,Expanded 2019-2022,Metro,15.10,391,2587
51095,James City County,VA,Expanded 2019-2022,Metro,15.90,609,3820
51097,King and Queen County,VA,Expanded 2019-2022,"Rural, near a metro",14.30,98,685
51099,King George County,VA,Expanded 2019-2022,"Rural, near a metro",13.80,252,1823
51101,King William County,VA,Expanded 2019-2022,Metro,13.30,174,1311
51103,Lancaster County,VA,Expanded 2019-2022,Remote rural,14.40,129,895
51105,Lee County,VA,Expanded 2019-2022,"Rural, near a metro",12.10,414,3433
51107,Loudoun County,VA,Expanded 2019-2022,Metro,22.10,2893,13117
51109,Louisa County,VA,Expanded 2019-2022,"Rural, near a metro",17.00,573,3377
51111,Lunenburg County,VA,Expanded 2019-2022,Remote rural,16.10,225,1396
51113,Madison County,VA,Expanded 2019-2022,"Rural, near a metro",19.50,234,1202
51115,Mathews County,VA,Expanded 2019-2022,Metro,14.40,84,584
51117,Mecklenburg County,VA,Expanded 2019-2022,Remote rural,14.60,506,3461
51119,Middlesex County,VA,Expanded 2019-2022,"Rural, near a metro",16.40,139,847
51121,Montgomery County,VA,Expanded 2019-2022,Metro,12.50,2053,16380
51125,Nelson County,VA,Expanded 2019-2022,Metro,15.60,200,1279
51127,New Kent County,VA,Expanded 2019-2022,Metro,17.40,185,1062
51131,Northampton County,VA,Expanded 2019-2022,"Rural, near a metro",15.30,200,1308
51133,Northumberland County,VA,Expanded 2019-2022,Remote rural,15.20,141,928
51135,Nottoway County,VA,Expanded 2019-2022,"Rural, near a metro",12.00,270,2243
51137,Orange County,VA,Expanded 2019-2022,"Rural, near a metro",16.00,477,2985
51139,Page County,VA,Expanded 2019-2022,"Rural, near a metro",13.70,360,2625
51141,Patrick County,VA,Expanded 2019-2022,"Rural, near a metro",12.50,242,1929
51143,Pittsylvania County,VA,Expanded 2019-2022,"Rural, near a metro",12.70,883,6936
51145,Powhatan County,VA,Expanded 2019-2022,Metro,17.30,211,1218
51147,Prince Edward County,VA,Expanded 2019-2022,"Rural, near a metro",12.20,328,2696
51149,Prince George County,VA,Expanded 2019-2022,Metro,12.10,367,3041
51153,Prince William County,VA,Expanded 2019-2022,Metro,24.80,6427,25920
51155,Pulaski County,VA,Expanded 2019-2022,Metro,11.80,414,3517
51157,Rappahannock County,VA,Expanded 2019-2022,Metro,20.90,105,502
51159,Richmond County,VA,Expanded 2019-2022,Remote rural,15.80,142,898
51161,Roanoke County,VA,Expanded 2019-2022,Metro,13.70,846,6177
51163,Rockbridge County,VA,Expanded 2019-2022,"Rural, near a metro",12.80,264,2065
51165,Rockingham County,VA,Expanded 2019-2022,Metro,17.80,1155,6493
51167,Russell County,VA,Expanded 2019-2022,Remote rural,12.80,470,3681
51169,Scott County,VA,Expanded 2019-2022,Metro,12.10,333,2758
51171,Shenandoah County,VA,Expanded 2019-2022,"Rural, near a metro",17.30,717,4147
51173,Smyth County,VA,Expanded 2019-2022,Remote rural,12.10,517,4287
51175,Southampton County,VA,Expanded 2019-2022,"Rural, near a metro",11.50,186,1619
51177,Spotsylvania County,VA,Expanded 2019-2022,Metro,18.80,1701,9038
51179,Stafford County,VA,Expanded 2019-2022,Metro,20.00,1534,7661
51181,Surry County,VA,Expanded 2019-2022,"Rural, near a metro",12.30,77,624
51183,Sussex County,VA,Expanded 2019-2022,Metro,10.40,134,1288
51185,Tazewell County,VA,Expanded 2019-2022,Remote rural,12.40,622,5013
51187,Warren County,VA,Expanded 2019-2022,Metro,17.90,598,3341
51191,Washington County,VA,Expanded 2019-2022,Metro,13.40,695,5201
51193,Westmoreland County,VA,Expanded 2019-2022,"Rural, near a metro",17.40,347,1990
51195,Wise County,VA,Expanded 2019-2022,Remote rural,11.60,576,4958
51197,Wythe County,VA,Expanded 2019-2022,"Rural, near a metro",12.00,400,3327
51199,York County,VA,Expanded 2019-2022,Metro,13.70,489,3576
51510,Alexandria city,VA,Expanded 2019-2022,Metro,22.60,2463,10875
51520,Bristol city,VA,Expanded 2019-2022,Metro,12.00,337,2820
51530,Buena Vista city,VA,Expanded 2019-2022,"Rural, near a metro",10.60,88,828
51540,Charlottesville city,VA,Expanded 2019-2022,Metro,12.30,837,6792
51550,Chesapeake city,VA,Expanded 2019-2022,Metro,13.50,2335,17321
51570,Colonial Heights city,VA,Expanded 2019-2022,Metro,13.10,249,1897
51580,Covington city,VA,Expanded 2019-2022,"Rural, near a metro",11.00,82,744
51590,Danville city,VA,Expanded 2019-2022,"Rural, near a metro",11.00,813,7384
51595,Emporia city,VA,Expanded 2019-2022,"Rural, near a metro",9.80,104,1060
51600,Fairfax city,VA,Expanded 2019-2022,Metro,25.50,360,1410
51610,Falls Church city,VA,Expanded 2019-2022,Metro,18.20,87,479
51620,Franklin city,VA,Expanded 2019-2022,"Rural, near a metro",9.90,125,1269
51630,Fredericksburg city,VA,Expanded 2019-2022,Metro,16.70,581,3487
51640,Galax city,VA,Expanded 2019-2022,Remote rural,15.50,169,1093
51650,Hampton city,VA,Expanded 2019-2022,Metro,12.20,1872,15329
51660,Harrisonburg city,VA,Expanded 2019-2022,Metro,17.90,1928,10761
51670,Hopewell city,VA,Expanded 2019-2022,Metro,10.90,419,3855
51678,Lexington city,VA,Expanded 2019-2022,"Rural, near a metro",11.90,57,480
51680,Lynchburg city,VA,Expanded 2019-2022,Metro,11.70,1227,10527
51683,Manassas city,VA,Expanded 2019-2022,Metro,24.40,884,3624
51685,Manassas Park city,VA,Expanded 2019-2022,Metro,28.20,513,1816
51690,Martinsville city,VA,Expanded 2019-2022,"Rural, near a metro",12.90,293,2274
51700,Newport News city,VA,Expanded 2019-2022,Metro,14.20,2983,20989
51710,Norfolk city,VA,Expanded 2019-2022,Metro,14.60,4232,28929
51720,Norton city,VA,Expanded 2019-2022,Remote rural,8.60,54,627
51730,Petersburg city,VA,Expanded 2019-2022,Metro,11.20,725,6484
51735,Poquoson city,VA,Expanded 2019-2022,Metro,16.00,82,512
51740,Portsmouth city,VA,Expanded 2019-2022,Metro,10.40,1373,13197
51750,Radford city,VA,Expanded 2019-2022,Metro,9.60,325,3392
51760,Richmond city,VA,Expanded 2019-2022,Metro,14.70,4757,32287
51770,Roanoke city,VA,Expanded 2019-2022,Metro,15.00,2118,14123
51775,Salem city,VA,Expanded 2019-2022,Metro,11.60,241,2073
51790,Staunton city,VA,Expanded 2019-2022,Metro,13.50,364,2693
51800,Suffolk city,VA,Expanded 2019-2022,Metro,14.70,1166,7924
51810,Virginia Beach city,VA,Expanded 2019-2022,Metro,15.20,4770,31404
51820,Waynesboro city,VA,Expanded 2019-2022,Metro,14.40,409,2840
51830,Williamsburg city,VA,Expanded 2019-2022,Metro,14.30,201,1410
51840,Winchester city,VA,Expanded 2019-2022,Metro,17.80,619,3473
53001,Adams County,WA,Expanded 2014,"Rural, near a metro",26.80,709,2649
53003,Asotin County,WA,Expanded 2014,Metro,12.10,307,2528
53005,Benton County,WA,Expanded 2014,Metro,18.60,3308,17817
53007,Chelan County,WA,Expanded 2014,Metro,20.00,1406,7017
53009,Clallam County,WA,Expanded 2014,Remote rural,11.40,790,6940
53011,Clark County,WA,Expanded 2014,Metro,18.50,7111,38413
53013,Columbia County,WA,Expanded 2014,Metro,13.80,56,405
53015,Cowlitz County,WA,Expanded 2014,Metro,12.80,1463,11401
53017,Douglas County,WA,Expanded 2014,Metro,26.20,1071,4091
53019,Ferry County,WA,Expanded 2014,Remote rural,10.30,110,1063
53021,Franklin County,WA,Expanded 2014,Metro,25.00,2617,10486
53023,Garfield County,WA,Expanded 2014,"Rural, near a metro",14.30,34,237
53025,Grant County,WA,Expanded 2014,Remote rural,23.20,2863,12365
53027,Grays Harbor County,WA,Expanded 2014,"Rural, near a metro",15.80,1366,8621
53029,Island County,WA,Expanded 2014,"Rural, near a metro",14.00,778,5574
53031,Jefferson County,WA,Expanded 2014,"Rural, near a metro",12.20,318,2597
53033,King County,WA,Expanded 2014,Metro,16.50,25320,153293
53035,Kitsap County,WA,Expanded 2014,Metro,12.10,2237,18487
53037,Kittitas County,WA,Expanded 2014,"Rural, near a metro",12.10,685,5684
53039,Klickitat County,WA,Expanded 2014,"Rural, near a metro",18.30,462,2520
53041,Lewis County,WA,Expanded 2014,"Rural, near a metro",15.10,1431,9492
53043,Lincoln County,WA,Expanded 2014,"Rural, near a metro",11.80,121,1024
53045,Mason County,WA,Expanded 2014,"Rural, near a metro",16.20,970,5996
53047,Okanogan County,WA,Expanded 2014,"Rural, near a metro",23.90,1414,5910
53049,Pacific County,WA,Expanded 2014,Remote rural,14.20,349,2452
53051,Pend Oreille County,WA,Expanded 2014,Metro,11.40,188,1656
53053,Pierce County,WA,Expanded 2014,Metro,15.30,10871,71237
53055,San Juan County,WA,Expanded 2014,Remote rural,15.90,223,1405
53057,Skagit County,WA,Expanded 2014,Metro,17.70,1839,10393
53059,Skamania County,WA,Expanded 2014,Metro,14.00,142,1012
53061,Snohomish County,WA,Expanded 2014,Metro,17.80,9704,54444
53063,Spokane County,WA,Expanded 2014,Metro,10.90,6396,58942
53065,Stevens County,WA,Expanded 2014,Metro,11.80,607,5160
53067,Thurston County,WA,Expanded 2014,Metro,12.10,2985,24680
53069,Wahkiakum County,WA,Expanded 2014,"Rural, near a metro",15.90,71,446
53071,Walla Walla County,WA,Expanded 2014,Metro,16.60,945,5709
53073,Whatcom County,WA,Expanded 2014,Metro,11.90,2994,25249
53075,Whitman County,WA,Expanded 2014,"Rural, near a metro",14.00,1373,9787
53077,Yakima County,WA,Expanded 2014,Metro,23.10,7453,32234
54001,Barbour County,WV,Expanded 2014,"Rural, near a metro",14.40,330,2294
54003,Berkeley County,WV,Expanded 2014,Metro,16.50,2082,12649
54005,Boone County,WV,Expanded 2014,Metro,12.60,384,3053
54007,Braxton County,WV,Expanded 2014,"Rural, near a metro",14.30,255,1783
54009,Brooke County,WV,Expanded 2014,Metro,14.10,336,2376
54011,Cabell County,WV,Expanded 2014,Metro,13.60,2092,15427
54013,Calhoun County,WV,Expanded 2014,"Rural, near a metro",14.00,149,1062
54015,Clay County,WV,Expanded 2014,Metro,13.50,179,1328
54017,Doddridge County,WV,Expanded 2014,Remote rural,16.20,136,837
54019,Fayette County,WV,Expanded 2014,Metro,14.50,803,5525
54021,Gilmer County,WV,Expanded 2014,Remote rural,14.30,137,955
54023,Grant County,WV,Expanded 2014,Remote rural,15.40,218,1419
54025,Greenbrier County,WV,Expanded 2014,"Rural, near a metro",13.50,636,4719
54027,Hampshire County,WV,Expanded 2014,Metro,15.50,459,2963
54029,Hancock County,WV,Expanded 2014,Metro,13.40,445,3327
54031,Hardy County,WV,Expanded 2014,"Rural, near a metro",16.00,322,2012
54033,Harrison County,WV,Expanded 2014,Remote rural,16.40,1297,7915
54035,Jackson County,WV,Expanded 2014,"Rural, near a metro",14.50,530,3649
54037,Jefferson County,WV,Expanded 2014,Metro,18.90,849,4483
54039,Kanawha County,WV,Expanded 2014,Metro,12.70,2884,22705
54041,Lewis County,WV,Expanded 2014,Remote rural,13.80,312,2261
54043,Lincoln County,WV,Expanded 2014,Metro,14.90,460,3083
54045,Logan County,WV,Expanded 2014,"Rural, near a metro",14.90,789,5305
54047,McDowell County,WV,Expanded 2014,Remote rural,14.30,442,3087
54049,Marion County,WV,Expanded 2014,"Rural, near a metro",12.70,879,6927
54051,Marshall County,WV,Expanded 2014,Metro,13.50,415,3080
54053,Mason County,WV,Expanded 2014,"Rural, near a metro",14.80,453,3059
54055,Mercer County,WV,Expanded 2014,"Rural, near a metro",12.80,1149,8975
54057,Mineral County,WV,Expanded 2014,Metro,13.30,372,2801
54059,Mingo County,WV,Expanded 2014,Remote rural,13.80,628,4547
54061,Monongalia County,WV,Expanded 2014,Metro,13.70,2399,17492
54063,Monroe County,WV,Expanded 2014,"Rural, near a metro",17.10,273,1593
54065,Morgan County,WV,Expanded 2014,"Rural, near a metro",16.30,301,1850
54067,Nicholas County,WV,Expanded 2014,"Rural, near a metro",14.60,513,3510
54069,Ohio County,WV,Expanded 2014,Metro,14.10,694,4908
54071,Pendleton County,WV,Expanded 2014,"Rural, near a metro",16.30,123,756
54073,Pleasants County,WV,Expanded 2014,"Rural, near a metro",14.70,110,746
54075,Pocahontas County,WV,Expanded 2014,Remote rural,16.30,179,1095
54077,Preston County,WV,Expanded 2014,Metro,17.20,617,3588
54079,Putnam County,WV,Expanded 2014,Metro,16.60,827,4973
54081,Raleigh County,WV,Expanded 2014,Metro,13.50,1439,10621
54083,Randolph County,WV,Expanded 2014,Remote rural,15.10,528,3497
54085,Ritchie County,WV,Expanded 2014,"Rural, near a metro",15.20,171,1125
54087,Roane County,WV,Expanded 2014,"Rural, near a metro",16.60,380,2295
54089,Summers County,WV,Expanded 2014,"Rural, near a metro",14.60,248,1695
54091,Taylor County,WV,Expanded 2014,"Rural, near a metro",17.10,335,1957
54093,Tucker County,WV,Expanded 2014,"Rural, near a metro",14.80,114,770
54095,Tyler County,WV,Expanded 2014,Remote rural,15.80,141,894
54097,Upshur County,WV,Expanded 2014,Remote rural,14.30,469,3273
54099,Wayne County,WV,Expanded 2014,Metro,15.30,897,5878
54101,Webster County,WV,Expanded 2014,Remote rural,13.10,179,1367
54103,Wetzel County,WV,Expanded 2014,"Rural, near a metro",12.70,233,1839
54105,Wirt County,WV,Expanded 2014,Metro,14.30,100,697
54107,Wood County,WV,Expanded 2014,Metro,15.40,1664,10791
54109,Wyoming County,WV,Expanded 2014,"Rural, near a metro",16.90,566,3346
55001,Adams County,WI,Not expanded by 2023,"Rural, near a metro",11.30,232,2049
55003,Ashland County,WI,Not expanded by 2023,Remote rural,8.80,156,1769
55005,Barron County,WI,Not expanded by 2023,"Rural, near a metro",12.90,539,4176
55007,Bayfield County,WI,Not expanded by 2023,"Rural, near a metro",10.30,142,1380
55009,Brown County,WI,Not expanded by 2023,Metro,13.20,2802,21280
55011,Buffalo County,WI,Not expanded by 2023,"Rural, near a metro",12.20,131,1076
55013,Burnett County,WI,Not expanded by 2023,"Rural, near a metro",10.80,162,1503
55015,Calumet County,WI,Not expanded by 2023,Metro,13.60,351,2578
55017,Chippewa County,WI,Not expanded by 2023,Metro,12.40,639,5150
55019,Clark County,WI,Not expanded by 2023,"Rural, near a metro",23.50,722,3068
55021,Columbia County,WI,Not expanded by 2023,Metro,12.80,504,3949
55023,Crawford County,WI,Not expanded by 2023,Remote rural,11.60,181,1562
55025,Dane County,WI,Not expanded by 2023,Metro,11.20,5797,51819
55027,Dodge County,WI,Not expanded by 2023,"Rural, near a metro",12.40,741,5954
55029,Door County,WI,Not expanded by 2023,"Rural, near a metro",13.50,274,2025
55031,Douglas County,WI,Not expanded by 2023,Metro,10.60,420,3965
55033,Dunn County,WI,Not expanded by 2023,"Rural, near a metro",11.10,504,4522
55035,Eau Claire County,WI,Not expanded by 2023,Metro,12.10,1272,10497
55037,Florence County,WI,Not expanded by 2023,Remote rural,13.30,50,377
55039,Fond du Lac County,WI,Not expanded by 2023,Metro,11.60,831,7167
55041,Forest County,WI,Not expanded by 2023,Remote rural,10.40,99,950
55043,Grant County,WI,Not expanded by 2023,"Rural, near a metro",14.00,787,5631
55045,Green County,WI,Not expanded by 2023,Metro,11.50,273,2366
55047,Green Lake County,WI,Not expanded by 2023,"Rural, near a metro",14.80,246,1657
55049,Iowa County,WI,Not expanded by 2023,Metro,11.80,188,1592
55051,Iron County,WI,Not expanded by 2023,Remote rural,11.10,60,541
55053,Jackson County,WI,Not expanded by 2023,"Rural, near a metro",11.20,229,2038
55055,Jefferson County,WI,Not expanded by 2023,"Rural, near a metro",12.60,703,5579
55057,Juneau County,WI,Not expanded by 2023,Remote rural,11.50,318,2756
55059,Kenosha County,WI,Not expanded by 2023,Metro,14.20,2052,14467
55061,Kewaunee County,WI,Not expanded by 2023,Metro,13.00,166,1279
55063,La Crosse County,WI,Not expanded by 2023,Metro,9.90,1150,11620
55065,Lafayette County,WI,Not expanded by 2023,"Rural, near a metro",17.20,256,1492
55067,Langlade County,WI,Not expanded by 2023,"Rural, near a metro",11.80,239,2021
55069,Lincoln County,WI,Not expanded by 2023,"Rural, near a metro",12.30,282,2290
55071,Manitowoc County,WI,Not expanded by 2023,"Rural, near a metro",12.10,736,6059
55073,Marathon County,WI,Not expanded by 2023,Metro,13.70,1373,9993
55075,Marinette County,WI,Not expanded by 2023,"Rural, near a metro",10.00,379,3772
55077,Marquette County,WI,Not expanded by 2023,"Rural, near a metro",12.20,171,1399
55078,Menominee County,WI,Not expanded by 2023,"Rural, near a metro",5.40,29,541
55079,Milwaukee County,WI,Not expanded by 2023,Metro,15.30,17729,115517
55081,Monroe County,WI,Not expanded by 2023,"Rural, near a metro",14.20,642,4526
55083,Oconto County,WI,Not expanded by 2023,Metro,11.70,334,2862
55085,Oneida County,WI,Not expanded by 2023,Remote rural,10.90,322,2956
55087,Outagamie County,WI,Not expanded by 2023,Metro,12.40,1415,11417
55089,Ozaukee County,WI,Not expanded by 2023,Metro,13.00,452,3476
55091,Pepin County,WI,Not expanded by 2023,"Rural, near a metro",14.80,79,534
55093,Pierce County,WI,Not expanded by 2023,Metro,10.50,299,2850
55095,Polk County,WI,Not expanded by 2023,"Rural, near a metro",12.90,430,3344
55097,Portage County,WI,Not expanded by 2023,"Rural, near a metro",13.60,878,6438
55099,Price County,WI,Not expanded by 2023,Remote rural,12.10,166,1368
55101,Racine County,WI,Not expanded by 2023,Metro,15.00,2452,16364
55103,Richland County,WI,Not expanded by 2023,"Rural, near a metro",13.00,213,1641
55105,Rock County,WI,Not expanded by 2023,Metro,11.80,1609,13677
55107,Rusk County,WI,Not expanded by 2023,"Rural, near a metro",12.30,183,1489
55109,St. Croix County,WI,Not expanded by 2023,Metro,13.70,612,4454
55111,Sauk County,WI,Not expanded by 2023,"Rural, near a metro",12.60,629,5010
55113,Sawyer County,WI,Not expanded by 2023,Remote rural,11.10,202,1822
55115,Shawano County,WI,Not expanded by 2023,"Rural, near a metro",10.60,364,3433
55117,Sheboygan County,WI,Not expanded by 2023,Metro,14.10,1112,7906
55119,Taylor County,WI,Not expanded by 2023,"Rural, near a metro",16.60,268,1614
55121,Trempealeau County,WI,Not expanded by 2023,"Rural, near a metro",17.30,410,2374
55123,Vernon County,WI,Not expanded by 2023,"Rural, near a metro",17.90,480,2686
55125,Vilas County,WI,Not expanded by 2023,Remote rural,9.60,190,1978
55127,Walworth County,WI,Not expanded by 2023,"Rural, near a metro",16.40,1383,8436
55129,Washburn County,WI,Not expanded by 2023,Remote rural,12.30,197,1606
55131,Washington County,WI,Not expanded by 2023,Metro,11.40,708,6206
55133,Waukesha County,WI,Not expanded by 2023,Metro,12.30,1866,15225
55135,Waupaca County,WI,Not expanded by 2023,"Rural, near a metro",13.20,530,4004
55137,Waushara County,WI,Not expanded by 2023,"Rural, near a metro",14.00,289,2071
55139,Winnebago County,WI,Not expanded by 2023,Metro,12.20,1804,14756
55141,Wood County,WI,Not expanded by 2023,"Rural, near a metro",9.90,634,6393
56001,Albany County,WY,Not expanded by 2023,"Rural, near a metro",27.00,1735,6417
56003,Big Horn County,WY,Not expanded by 2023,Remote rural,32.70,411,1258
56005,Campbell County,WY,Not expanded by 2023,Remote rural,29.00,1045,3605
56007,Carbon County,WY,Not expanded by 2023,Remote rural,34.60,433,1252
56009,Converse County,WY,Not expanded by 2023,"Rural, near a metro",30.30,346,1142
56011,Crook County,WY,Not expanded by 2023,Remote rural,29.90,156,521
56013,Fremont County,WY,Not expanded by 2023,Remote rural,22.30,936,4201
56015,Goshen County,WY,Not expanded by 2023,Remote rural,26.90,307,1140
56017,Hot Springs County,WY,Not expanded by 2023,Remote rural,23.40,109,465
56019,Johnson County,WY,Not expanded by 2023,Remote rural,28.00,196,699
56021,Laramie County,WY,Not expanded by 2023,Metro,26.60,2153,8109
56023,Lincoln County,WY,Not expanded by 2023,Remote rural,37.10,490,1320
56025,Natrona County,WY,Not expanded by 2023,Metro,28.50,2025,7098
56027,Niobrara County,WY,Not expanded by 2023,Remote rural,29.20,75,257
56029,Park County,WY,Not expanded by 2023,Remote rural,27.80,684,2460
56031,Platte County,WY,Not expanded by 2023,Remote rural,28.70,220,766
56033,Sheridan County,WY,Not expanded by 2023,Remote rural,27.00,698,2589
56035,Sublette County,WY,Not expanded by 2023,Remote rural,34.90,210,601
56037,Sweetwater County,WY,Not expanded by 2023,Remote rural,30.10,1057,3515
56039,Teton County,WY,Not expanded by 2023,Remote rural,41.80,494,1183
56041,Uinta County,WY,Not expanded by 2023,Remote rural,28.40,496,1745
56043,Washakie County,WY,Not expanded by 2023,Remote rural,26.70,194,726
56045,Weston County,WY,Not expanded by 2023,Remote rural,27.90,158,567
