county_fips,county_name,state,rurality,base_rate,predicted_effect_pts,effect_lo,effect_hi,predicted_rate_after,low_income_adults_2023,uninsured_2023,adults_gaining_coverage
48201,Harris County,TX,Metro,45.7,-6.975391568724512,-10.297453050846984,-3.6533300866020473,38.72460843127549,577007.0,263692.199,40248.497628950245
48113,Dallas County,TX,Metro,45.1,-6.963723742544786,-9.981048006955406,-3.946399478134164,38.136276257455215,283034.0,127648.334,19709.70585747421
48029,Bexar County,TX,Metro,35.3,-7.461007042857729,-10.115818370718182,-4.8061957149972585,27.838992957142267,243316.0,85890.548,18153.823896399717
12086,Miami-Dade County,FL,Metro,27.7,-5.499655874712439,-8.828221746359684,-2.171090003065195,22.20034412528756,293939.0,81421.103,16165.633481570996
48215,Hidalgo County,TX,Metro,47.3,-9.321187059365176,-12.364733419825514,-6.277640698904838,37.978812940634825,157956.0,74713.188,14723.374231490856
48439,Tarrant County,TX,Metro,39.9,-6.223445675695297,-7.679293483958466,-4.767597867432121,33.6765543243047,198035.0,79015.965,12324.60064386318
48141,El Paso County,TX,Metro,44.3,-9.8148211718464,-12.06221113706215,-7.567431206630658,34.48517882815359,122253.0,54158.079,11998.91332721738
48061,Cameron County,TX,Metro,44.7,-11.387777692625576,-13.37941610893909,-9.396139276312065,33.31222230737443,70796.0,31645.812,8062.091095271203
12011,Broward County,FL,Metro,27.9,-3.964603308514522,-4.988248187903164,-2.940958429125881,23.93539669148548,176303.0,49188.537,6989.714571010358
48453,Travis County,TX,Metro,30.6,-5.548702887836079,-6.699886701070447,-4.397519074601711,25.051297112163923,120076.0,36743.256,6662.66047959805
12095,Orange County,FL,Metro,25.8,-4.012451062563467,-5.304295423696926,-2.720606701430013,21.787548937436533,160139.0,41315.862,6425.499007078511
12057,Hillsborough County,FL,Metro,26.2,-3.6054126466336007,-4.613231460669812,-2.597593832597388,22.5945873533664,159300.0,41736.6,5743.422346087326
47157,Shelby County,TN,Metro,26.3,-4.682451728230269,-5.65180967066126,-3.71309378579929,21.61754827176973,108659.0,28577.317000000003,5087.905223377728
13135,Gwinnett County,GA,Metro,39.2,-5.769924894995373,-7.497188375709572,-4.042661414281177,33.43007510500463,84724.0,33211.808000000005,4888.5111680358805
12099,Palm Beach County,FL,Metro,32.1,-3.9695977265149,-4.828221891329305,-3.1109735617004977,28.130402273485103,118530.0,38048.13,4705.164185238111
13121,Fulton County,GA,Metro,26.5,-4.546415953230628,-5.656049014115324,-3.436782892345934,21.95358404676937,101781.0,26971.965,4627.387621357666
12031,Duval County,FL,Metro,22.8,-4.105621903310979,-5.397442716729187,-2.813801089892766,18.69437809668902,109146.0,24885.288000000004,4481.122082587801
48339,Montgomery County,TX,Metro,45.7,-7.709534939261206,-9.754540660724007,-5.664529217798405,37.9904650607388,55051.0,25158.307,4244.176079412687
48085,Collin County,TX,Metro,35.1,-5.979640379946749,-6.729643694939886,-5.229637064953611,29.120359620053254,64811.0,22748.661,3875.464726647287
48121,Denton County,TX,Metro,34.6,-5.973581520808782,-6.762807725153823,-5.1843553164637415,28.62641847919122,64160.0,22199.36,3832.6499037509143
48157,Fort Bend County,TX,Metro,38.9,-6.849277604633585,-8.117695182760857,-5.580860026506306,32.050722395366414,55231.0,21484.859,3782.924513815175
1073,Jefferson County,AL,Metro,25.0,-5.157201899073007,-6.212374303178789,-4.102029494967223,19.84279810092699,73164.0,18291.0,3773.215197437775
48479,Webb County,TX,Metro,47.1,-9.41288609616356,-12.300410749631858,-6.525361442695271,37.68711390383644,39897.0,18791.487,3755.459165786375
12103,Pinellas County,FL,Metro,28.6,-4.530088448244125,-5.718658623266483,-3.3415182732217668,24.06991155175588,81089.0,23191.454,3673.4034217966782
12071,Lee County,FL,Metro,33.1,-5.360727155464203,-6.453889452949541,-4.267564857978871,27.7392728445358,68098.0,22540.438,3650.547978328013
48355,Nueces County,TX,Metro,35.2,-8.51677999118949,-11.297446819090611,-5.736113163288367,26.683220008810515,41837.0,14726.624000000002,3563.165244913947
12105,Polk County,FL,Metro,28.4,-3.8130422392764367,-5.065267630988289,-2.5608168475645847,24.58695776072356,87689.0,24903.676,3343.6186091991144
13089,DeKalb County,GA,Metro,32.6,-4.31710156912831,-5.423759976463623,-3.210443161792993,28.28289843087169,75857.0,24729.382,3274.8237372936624
12097,Osceola County,FL,Metro,24.6,-5.560764342079394,-8.011396955045065,-3.110131729113726,19.039235657920607,53651.0,13198.146,2983.405677169016
47037,Davidson County,TN,Metro,26.9,-4.046706825485938,-5.188392980336034,-2.905020670635844,22.85329317451406,71650.0,19273.85,2899.4654404606745
1097,Mobile County,AL,Metro,23.0,-5.354665202303416,-6.581153997733398,-4.128176406873445,17.645334797696584,53162.0,12227.26,2846.647114848542
13067,Cobb County,GA,Metro,35.7,-5.264887569849269,-6.127912201877216,-4.401862937821324,30.43511243015073,52736.0,18826.752,2776.4911088357107
12127,Volusia County,FL,Metro,21.7,-4.282886395181722,-5.054747031405596,-3.511025758957847,17.417113604818276,56257.0,12207.768999999998,2409.4233993373814
12101,Pasco County,FL,Metro,25.3,-4.498433706126525,-5.158231832944358,-3.83863557930869,20.80156629387348,53435.0,13519.055,2403.738050868709
12009,Brevard County,FL,Metro,26.0,-4.512120091586706,-5.128955395025421,-3.895284788147989,21.48787990841329,51918.0,13498.68,2342.602509149986
48491,Williamson County,TX,Metro,35.2,-6.100663628621724,-7.139673599794258,-5.0616536574492015,29.09933637137828,38274.0,13472.448,2334.967997218678
47093,Knox County,TN,Metro,25.4,-4.5692306750494405,-5.344594905176358,-3.79386644492252,20.83076932495056,50799.0,12902.945999999998,2321.1234906183654
20173,Sedgwick County,KS,Metro,25.0,-4.0993983008663,-5.307135917874146,-2.8916606838584533,20.900601699133706,55992.0,13998.0,2295.3350966210587
48303,Lubbock County,TX,Metro,28.6,-4.88592672359453,-5.629598396876816,-4.142255050312243,23.714073276405472,45780.0,13093.08,2236.777254061576
48041,Brazos County,TX,Metro,28.2,-4.960139525642856,-6.583145391156522,-3.33713366012919,23.239860474357144,44611.0,12580.302,2212.7678437845348
45045,Greenville County,SC,Metro,28.1,-4.395793263717806,-5.239001808047862,-3.552584719387752,23.704206736282195,49931.0,14030.611,2194.8635345069374
45079,Richland County,SC,Metro,21.1,-4.213387292450717,-5.598421708070508,-2.828352876830928,16.886612707549283,51787.0,10927.057000000004,2181.9868771414526
48027,Bell County,TX,Metro,30.5,-4.53321527842471,-5.700675903473268,-3.365754653376154,25.96678472157529,45416.0,13851.88,2058.805050849366
45051,Horry County,SC,Metro,26.3,-4.759828111273033,-5.586481413448753,-3.933174809097312,21.540171888726967,42417.0,11155.671,2018.9762899586824
55079,Milwaukee County,WI,Metro,15.3,-1.662351680958343,-2.409704008361436,-0.9149993535552507,13.637648319041658,115517.0,17674.101000000002,1920.298791292649
45083,Spartanburg County,SC,Metro,26.2,-4.852147887258829,-5.750471334858118,-3.9538244396595337,21.34785211274117,39437.0,10332.494,1913.5415622982644
12073,Leon County,FL,Metro,16.9,-4.327325654409479,-5.597289917300663,-3.057361391518291,12.57267434559052,44169.0,7464.561,1911.3364682961223
13063,Clayton County,GA,Metro,31.1,-4.449120187028061,-5.349516613692725,-3.548723760363404,26.65087981297194,42776.0,13303.336,1903.1556512031236
12083,Marion County,FL,Metro,24.9,-4.233538641069088,-5.471954006926524,-2.995123275211656,20.66646135893091,44467.0,11072.283,1882.5276275241915
48039,Brazoria County,TX,Metro,38.2,-6.770243675624664,-8.67146210887332,-4.869025242376007,31.42975632437534,27653.0,10563.446000000002,1872.1754836204884
28049,Hinds County,MS,Metro,25.1,-5.600191285988477,-7.742311057795614,-3.458071514181341,19.499808714011525,32074.0,8050.574,1796.205353067944
45019,Charleston County,SC,Metro,24.6,-4.784096744670592,-6.042751949365266,-3.525441539975916,19.81590325532941,37037.0,9111.102,1771.8859113236472
12001,Alachua County,FL,Metro,20.6,-3.992162151776052,-5.279439559912374,-2.7048847436397336,16.60783784822395,43514.0,8963.884,1737.1494387238313
1101,Montgomery County,AL,Metro,24.4,-5.763163640245842,-7.1209523023994405,-4.405374978092244,18.63683635975416,29971.0,7312.923999999999,1727.2777746180811
13245,Richmond County,GA,Metro,23.6,-5.735975959364297,-7.459279006631867,-4.012672912096723,17.864024040635705,29913.0,7059.468000000001,1715.8024887246422
47065,Hamilton County,TN,Metro,24.6,-5.026380162945636,-5.906018820628342,-4.14674150526292,19.57361983705437,34055.0,8377.53,1711.7337644911363
12033,Escambia County,FL,Metro,26.1,-4.9142900129907146,-6.118754452361364,-3.7098255736200687,21.18570998700929,34700.0,9056.7,1705.258634507778
48209,Hays County,TX,Metro,31.9,-6.099497887871861,-7.098503257120613,-5.10049251862311,25.800502112128136,27781.0,8862.139,1694.5015082296818
48245,Jefferson County,TX,Metro,41.8,-5.204524877148584,-7.598820835730294,-2.8102289185668745,36.59547512285141,32274.0,13490.532,1679.708358850934
48309,McLennan County,TX,Metro,31.6,-4.621606297707773,-5.7377253277061815,-3.5054872677093645,26.97839370229223,36097.0,11406.652,1668.2612252835747
48167,Galveston County,TX,Metro,38.7,-5.4203853228900405,-8.905694929868801,-1.9350757159112804,33.27961467710996,30630.0,11853.81,1660.264024401219
12069,Lake County,FL,Metro,27.5,-4.538953192151009,-5.341802157356358,-3.7361042269456606,22.96104680784899,36334.0,9991.85,1649.183252836148
12117,Seminole County,FL,Metro,24.4,-4.138987630096765,-4.912571446904903,-3.3654038132886317,20.261012369903234,39826.0,9717.544,1648.3932135623377
12021,Collier County,FL,Metro,41.1,-6.526414454757484,-8.59997613217245,-4.4528527773425175,34.57358554524252,24730.0,10164.03,1613.982294661526
12081,Manatee County,FL,Metro,29.8,-4.736975172818148,-5.655649647816872,-3.818300697819424,25.06302482718185,33656.0,10029.488,1594.2763641636757
13051,Chatham County,GA,Metro,28.4,-4.99439076086748,-6.118108529706464,-3.870672992028497,23.40560923913252,31868.0,9050.512,1591.6124476732489
13021,Bibb County,GA,Metro,21.5,-6.308470582918539,-7.737535131860982,-4.879406033976088,15.191529417081462,24364.0,5238.26,1536.9957728222728
12111,St. Lucie County,FL,Metro,28.8,-4.235753641192963,-5.4756836969981455,-2.995823585387787,24.56424635880704,35747.0,10295.136,1514.1548541172483
28047,Harrison County,MS,Metro,27.1,-5.171635678709156,-6.026698553439863,-4.3165728039784526,21.928364321290847,28916.0,7836.236000000001,1495.4301728555397
47149,Rutherford County,TN,Metro,25.5,-4.601992135299625,-5.768319470640843,-3.43566479995841,20.89800786470037,32425.0,8268.375,1492.1959498709034
48135,Ector County,TX,Metro,40.8,-8.780581233947512,-10.161987011685552,-7.399175456209493,32.01941876605248,16826.0,6865.007999999999,1477.4205984240082
13215,Muscogee County,GA,Metro,23.4,-5.397666963246526,-6.811673431846642,-3.983660494646418,18.002333036753473,27289.0,6385.626,1472.9693376003445
1089,Madison County,AL,Metro,25.2,-4.174568684854839,-4.763244813097855,-3.5858925566118147,21.025431315145163,34992.0,8817.984,1460.765074204405
48251,Johnson County,TX,Metro,38.1,-7.656717422422281,-9.085490550086568,-6.227944294757978,30.44328257757772,18283.0,6965.823,1399.8776463414656
48375,Potter County,TX,Metro,39.2,-7.875336975227363,-9.30137566511356,-6.4492982853411736,31.32466302477264,16974.0,6653.808000000001,1336.7596981750924
48427,Starr County,TX,"Rural, near a metro",44.6,-10.70347589059653,-12.321426566701293,-9.085525214491764,33.89652410940347,12450.0,5552.7,1332.5827483792682
12115,Sarasota County,FL,Metro,28.5,-4.9678852468929655,-5.770487390574929,-4.165283103211002,23.532114753107034,26634.0,7590.69,1323.1465566574725
13139,Hall County,GA,Metro,36.4,-6.558168241040549,-8.362433879862666,-4.75390260221843,29.84183175895945,20174.0,7343.335999999999,1323.0448609475204
48257,Kaufman County,TX,Metro,41.3,-8.195728004527428,-9.091513377488589,-7.29994263156626,33.10427199547257,16129.0,6661.276999999999,1321.888969850229
48423,Smith County,TX,Metro,36.6,-4.900883954017057,-6.929111325654587,-2.872656582379524,31.699116045982944,26084.0,9546.744,1278.346570565809
13059,Clarke County,GA,Metro,23.1,-4.854107330565033,-5.98904062603499,-3.719174035095077,18.24589266943497,25841.0,5969.271000000001,1254.34987529131
48139,Ellis County,TX,Metro,38.1,-7.487643270984036,-8.363136827185905,-6.612149714782142,30.612356729015964,16566.0,6311.646,1240.4029842712157
45007,Anderson County,SC,Metro,25.4,-5.217242259702746,-6.103106741466152,-4.331377777939343,20.18275774029725,22749.0,5778.246,1186.8704416597775
13151,Henry County,GA,Metro,25.8,-5.426301483108165,-6.051626545822156,-4.800976420394173,20.373698516891835,21342.0,5506.236,1158.0812625249446
13057,Cherokee County,GA,Metro,38.0,-7.0852296168269655,-8.028761997680613,-6.141697235973325,30.914770383173035,15769.0,5992.22,1117.2698582774442
45041,Florence County,SC,Metro,20.5,-6.167190310585515,-7.270081622644332,-5.064298998526699,14.332809689414486,17694.0,3627.27,1091.222653555001
13185,Lowndes County,GA,Metro,24.6,-6.028017035872071,-6.942807042605265,-5.113227029138868,18.57198296412793,17739.0,4363.794,1069.309941993347
13313,Whitfield County,GA,Metro,40.9,-8.671269076507492,-10.76438117531722,-6.578156977697771,32.228730923492506,11977.0,4898.593,1038.5578972933024
45063,Lexington County,SC,Metro,22.2,-3.5762411277414285,-4.701022122226024,-2.451460133256833,18.62375887225857,28812.0,6396.264,1030.3865937248604
48329,Midland County,TX,Metro,37.0,-7.695505017839061,-9.482183643707437,-5.908826391970676,29.30449498216094,13384.0,4952.08,1029.96639158758
28059,Jackson County,MS,Metro,27.9,-5.593102355829201,-6.243181617946516,-4.943023093711887,22.3068976441708,18392.0,5131.368,1028.6833852841066
45091,York County,SC,Metro,24.5,-4.718363448316962,-6.225287396429285,-3.211439500204638,19.78163655168304,21630.0,5299.35,1020.582013870959
12053,Hernando County,FL,Metro,24.1,-4.591106518818397,-5.238743834743492,-3.9434692028933034,19.508893481181605,22141.0,5335.981,1016.5168943315812
12005,Bay County,FL,Metro,29.1,-5.217824562076018,-6.523765256093716,-3.91188386805832,23.882175437923983,19454.0,5661.1140000000005,1015.0755903062684
48441,Taylor County,TX,Metro,30.6,-5.738627215758712,-6.912117621752014,-4.565136809765411,24.86137278424129,17582.0,5380.092000000001,1008.9654370746968
48181,Grayson County,TX,Metro,35.9,-7.259456050934085,-8.470206931258344,-6.048705170609823,28.640543949065915,13864.0,4977.176,1006.4509869015016
45003,Aiken County,SC,Metro,25.1,-5.286110716450393,-6.265222522225146,-4.3069989106756426,19.813889283549607,18961.0,4759.211,1002.299452946159
45015,Berkeley County,SC,Metro,22.8,-4.343811359334485,-5.632356492125506,-3.055266226543461,18.45618864066552,22729.0,5182.212,987.3048838631352
13095,Dougherty County,GA,Metro,21.7,-6.6555649399853865,-7.919448435851562,-5.391681444119209,15.044435060014614,14665.0,3182.305,976.038598448857
1003,Baldwin County,AL,Metro,24.3,-4.608317224188298,-5.288736378143186,-3.927898070233408,19.691682775811703,21004.0,5103.972,967.93094976851
20209,Wyandotte County,KS,Metro,30.9,-4.386190151037794,-5.157255519251699,-3.615124782823882,26.513809848962204,21335.0,6592.515,935.7936687239132
48323,Maverick County,TX,Remote rural,39.3,-10.973717008679792,-12.272159212226333,-9.675274805133252,28.326282991320205,8512.0,3345.216,934.0827917788238
48451,Tom Green County,TX,Metro,34.8,-7.368775088596022,-8.692106459923604,-6.045443717268436,27.431224911403973,12647.0,4401.156,931.9289854547388
48231,Hunt County,TX,Metro,38.8,-7.328173980733039,-8.9721553174621,-5.684192644003975,31.47182601926696,12707.0,4930.316,931.1910677317474
45077,Pickens County,SC,Metro,23.2,-5.019432995740986,-5.923864044575041,-4.115001946906939,18.18056700425901,18473.0,4285.736,927.2398573032324
1015,Calhoun County,AL,Metro,23.0,-5.689541192023373,-6.794848975975047,-4.584233408071693,17.310458807976627,15855.0,3646.65,902.076755995306
28033,DeSoto County,MS,Metro,29.8,-5.35844491666716,-6.164574729772826,-4.552315103561501,24.44155508333284,16768.0,4996.8640000000005,898.5040436267495
13031,Bulloch County,GA,"Rural, near a metro",25.9,-6.014769780372903,-6.748734705272694,-5.280804855473111,19.885230219627097,14713.0,3810.667,884.9530777862653
13153,Houston County,GA,Metro,29.7,-5.253932116949893,-6.005258203277409,-4.5026060306223785,24.446067883050105,16842.0,5002.074,884.8672471367009
47125,Montgomery County,TN,Metro,24.2,-3.432268521786761,-4.527467358391504,-2.337069685182016,20.76773147821324,25768.0,6235.856,884.4269526940125
12091,Okaloosa County,FL,Metro,26.8,-4.685305909253426,-5.809265539756735,-3.5613462787501136,22.11469409074657,18854.0,5052.872,883.3675761306409
48367,Parker County,TX,Metro,36.4,-7.951026454143872,-9.053389332148903,-6.848663576138842,28.448973545856127,11108.0,4043.312,883.2000185263014
12017,Citrus County,FL,Metro,24.9,-5.051688631991576,-5.675429149787165,-4.42794811419599,19.848311368008424,17350.0,4320.15,876.4679776505384
48187,Guadalupe County,TX,Metro,33.1,-6.177894727709952,-7.491093330243001,-4.864696125176901,26.92210527229005,14035.0,4645.585,867.0675250340918
48213,Henderson County,TX,"Rural, near a metro",36.3,-7.886540872187969,-9.422073871042842,-6.3510078733330975,28.41345912781203,10992.0,3990.096,866.8885726709016
1069,Houston County,AL,Metro,23.5,-6.025559377362856,-7.029514210408173,-5.0216045443175386,17.474440622637143,14299.0,3360.265,861.5947353691148
13097,Douglas County,GA,Metro,28.6,-5.4725909670114845,-6.687920415536672,-4.257261518486295,23.12740903298852,15412.0,4407.832,843.4357198358099
47179,Washington County,TN,Metro,23.6,-4.864225075212171,-5.3693613905465565,-4.3590887598777925,18.73577492478783,17256.0,4072.416,839.3706789786122
45035,Dorchester County,SC,Metro,25.2,-5.43589748093964,-7.349767001858012,-3.5220279600212754,19.76410251906036,15412.0,3883.824,837.7805197624174
48469,Victoria County,TX,Metro,32.5,-7.627010171962333,-9.8542334182761,-5.399786925648563,24.872989828037667,10983.0,3569.475,837.674527186623
48485,Wichita County,TX,Metro,31.5,-5.4960255952978185,-6.631318756418136,-4.360732434177504,26.00397440470218,15125.0,4764.375,831.273871288795
48183,Gregg County,TX,Metro,35.5,-5.198716676511643,-6.991357647849956,-3.406075705173336,30.30128332348836,15620.0,5545.1,812.0395448711187
13217,Newton County,GA,Metro,28.1,-5.849567064372999,-6.617138855086591,-5.081995273659417,22.250432935627003,13873.0,3898.313000000001,811.5104388404661
28035,Forrest County,MS,Metro,24.5,-6.273634971636316,-8.212293732102495,-4.334976211170139,18.226365028363684,12918.0,3164.91,810.4281656359793
48409,San Patricio County,TX,Metro,33.5,-9.121255386908928,-10.913774615880271,-7.328736157937576,24.378744613091072,8839.0,2961.065,806.2277636488801
13045,Carroll County,GA,Metro,28.8,-5.326534863995255,-6.737215231182946,-3.915854496807565,23.473465136004748,15045.0,4332.96,801.3771702880861
55025,Dane County,WI,Metro,11.2,-1.545836361990767,-2.367063388237169,-0.7246093357443617,9.654163638009232,51819.0,5803.727999999999,801.0369444199954
47113,Madison County,TN,Metro,21.8,-6.506946179395377,-7.696592367226514,-5.3172999915642425,15.293053820604625,12137.0,2645.8660000000004,789.748057793217
45075,Orangeburg County,SC,"Rural, near a metro",18.9,-6.344665395700616,-7.40384874989713,-5.285482041504108,12.555334604299382,12400.0,2343.6,786.7385090668764
48021,Bastrop County,TX,Metro,44.7,-7.404981453257405,-9.152753277301036,-5.657209629213785,37.2950185467426,10599.0,4737.753000000001,784.8539842307523
47163,Sullivan County,TN,Metro,20.4,-4.161772131420491,-5.007443974025448,-3.3161002888155315,16.238227868579507,18664.0,3807.456,776.7531506083205
48291,Liberty County,TX,Metro,45.0,-5.731920376028665,-8.168242751362094,-3.2955980006952474,39.26807962397133,13532.0,6089.4,775.6434652841989
1081,Lee County,AL,Metro,23.3,-2.815984114131539,-4.210411638705621,-1.4215565895574562,20.484015885868462,27471.0,6400.743,773.5789959930751
1055,Etowah County,AL,Metro,24.0,-5.48901939682399,-5.959021500111728,-5.019017293536253,18.51098060317601,13981.0,3355.44,767.419801869962
48091,Comal County,TX,Metro,34.8,-7.009740308401356,-8.824573106665888,-5.194907510136828,27.79025969159864,10918.0,3799.464,765.3234468712601
12019,Clay County,FL,Metro,23.0,-4.143227118131974,-4.875930060132998,-3.410524176130956,18.856772881868025,18324.0,4214.52,759.2049371265028
48381,Randall County,TX,Metro,34.1,-6.281639872338609,-7.189033850230303,-5.374245894446914,27.818360127661396,11867.0,4046.647,745.4422036504227
28075,Lauderdale County,MS,Remote rural,23.5,-6.958006581160585,-8.135507417431036,-5.780505744890135,16.541993418839414,10630.0,2498.05,739.6360995773701
13117,Forsyth County,GA,Metro,41.6,-8.268327778721329,-9.49646763509369,-7.040187922348962,33.33167222127867,8915.0,3708.64,737.1214214730064
12113,Santa Rosa County,FL,Metro,23.9,-4.822454950303476,-5.456023162510854,-4.188886738096097,19.077545049696525,15267.0,3648.813,736.2441972628317
12061,Indian River County,FL,Metro,29.8,-5.320475180524689,-6.675958045719729,-3.9649923153296527,24.479524819475312,13568.0,4043.264,721.8820724935897
13223,Paulding County,GA,Metro,28.4,-5.6186851152993,-6.600994712851536,-4.636375517747073,22.7813148847007,12845.0,3647.98,721.7201030601951
12015,Charlotte County,FL,Metro,26.4,-5.014584125033989,-5.797745460745769,-4.231422789322207,21.38541587496601,14117.0,3726.888,707.9088409310482
47155,Sevier County,TN,"Rural, near a metro",30.6,-5.907860708338298,-7.249774083193463,-4.565947333483141,24.692139291661704,11495.0,3517.47,679.1085884234874
28121,Rankin County,MS,Metro,26.6,-5.27751821380105,-6.259449352943407,-4.295587074658695,21.32248178619895,12734.0,3387.244,672.0391693454258
13115,Floyd County,GA,Metro,28.7,-5.252695146577744,-6.608343487701839,-3.897046805453648,23.447304853422256,12778.0,3667.286,671.1893858297042
13077,Coweta County,GA,Metro,33.3,-5.937543131803345,-6.983614717633502,-4.891471545973189,27.36245686819665,10970.0,3653.0099999999993,651.3484815588268
1103,Morgan County,AL,Metro,29.0,-4.97802580427975,-5.410999596397599,-4.545052012161894,24.02197419572025,12999.0,3769.71,647.0935742983247
48005,Angelina County,TX,Remote rural,33.7,-5.498761779199976,-7.07421714270499,-3.923306415694964,28.20123822080003,11719.0,3949.303,644.3998929044452
1049,DeKalb County,AL,"Rural, near a metro",31.5,-5.768544752391542,-6.913916324776713,-4.623173180006377,25.73145524760846,11144.0,3510.36,642.8466272065135
12051,Hendry County,FL,"Rural, near a metro",37.8,-9.10323329193052,-12.093111079535214,-6.113355504325829,28.696766708069475,7038.0,2660.364,640.6855590860699
12055,Highlands County,FL,Metro,28.2,-5.193558094263318,-6.827877580242762,-3.5592386082838745,23.00644190573668,12294.0,3466.908,638.4960321087324
1095,Marshall County,AL,"Rural, near a metro",26.7,-4.87632857319006,-5.630629505329125,-4.122027641050995,21.823671426809938,12975.0,3464.325,632.7036323714103
12085,Martin County,FL,Metro,33.1,-5.628933671843552,-6.726533636731356,-4.531333706955744,27.47106632815645,11204.0,3708.524,630.6657285933516
12107,Putnam County,FL,"Rural, near a metro",24.7,-5.028401876077827,-6.360411713371312,-3.696392038784341,19.671598123922173,12473.0,3080.831,627.1925660031873
12109,St. Johns County,FL,Metro,23.2,-4.048965532254069,-5.026568123917538,-3.071362940590608,19.15103446774593,15465.0,3587.88,626.1725195630919
45013,Beaufort County,SC,Metro,28.2,-4.934399098191535,-5.588415531266093,-4.28038266511698,23.265600901808465,12563.0,3542.766,619.9085587058025
47165,Sumner County,TN,Metro,22.6,-4.270152114181769,-4.766015911229565,-3.774288317133979,18.329847885818232,14492.0,3275.192,618.8304443872221
13285,Troup County,GA,"Rural, near a metro",26.2,-6.386526033580979,-7.709287679685387,-5.06376438747657,19.81347396641902,9642.0,2526.204,615.788840157878
48037,Bowie County,TX,Metro,26.1,-5.47778386040299,-6.390757464885125,-4.564810255920861,20.62221613959701,11161.0,2913.021,611.3754566595778
47011,Bradley County,TN,Metro,22.8,-4.694268216902489,-5.216390545911344,-4.172145887893632,18.10573178309751,12958.0,2954.4240000000004,608.2832755462246
13015,Bartow County,GA,Metro,31.6,-5.364497923069403,-7.0337297021638,-3.695266143975003,26.2355020769306,11254.0,3556.264,603.7205962622306
48013,Atascosa County,TX,Metro,34.8,-9.543385329086236,-11.410148271276585,-7.676622386895878,25.256614670913763,6307.0,2194.836,601.901312705469
20091,Johnson County,KS,Metro,22.8,-2.1106631514584087,-2.840854803377088,-1.3804714995397296,20.689336848541597,28248.0,6440.544,596.2201270239713
28067,Jones County,MS,"Rural, near a metro",28.1,-6.485790846630639,-8.122308425362824,-4.849273267898456,21.61420915336936,9166.0,2575.646,594.4875890021643
20177,Shawnee County,KS,Metro,21.8,-3.2708445625619413,-4.117396803662043,-2.42429232146184,18.52915543743806,18153.0,3957.354,593.7564134418692
28081,Lee County,MS,Remote rural,24.0,-6.236754375935633,-7.092420394790995,-5.381088357080264,17.763245624064368,9456.0,2269.44,589.7474937884734
48467,Van Zandt County,TX,"Rural, near a metro",37.6,-8.547198741275533,-10.759809330426798,-6.334588152124273,29.052801258724468,6856.0,2577.856,585.9959457018506
48465,Val Verde County,TX,Remote rural,34.4,-9.838273019185028,-11.382551250568968,-8.293994787801099,24.56172698081497,5924.0,2037.856,582.819293656521
48055,Caldwell County,TX,Metro,40.9,-9.315036833373645,-11.635335821508404,-6.994737845238875,31.58496316662636,6241.0,2552.569,581.3514487708491
13297,Walton County,GA,Metro,29.2,-6.053058046471421,-7.079592781569448,-5.0265233113734,23.14694195352858,9549.0,2788.308,578.006512857556
28151,Washington County,MS,Remote rural,19.9,-6.94063222184156,-8.490570436620292,-5.390694007062828,12.959367778158438,8321.0,1655.879,577.5300071794362
1125,Tuscaloosa County,AL,Metro,20.6,-1.986371063297931,-3.0980916342708182,-0.8746504923250451,18.61362893670207,28989.0,5971.734,575.8291075394372
45085,Sumter County,SC,Metro,17.9,-4.116394505301488,-5.0823462564688064,-3.1504427541341724,13.78360549469851,13938.0,2494.902,573.7430661489215
13255,Spalding County,GA,Metro,25.5,-5.907684247441137,-6.993279009224351,-4.822089485657922,19.592315752558864,9644.0,2459.22,569.7370688232232
45059,Laurens County,SC,Metro,23.7,-6.046522256201798,-7.669454284736298,-4.423590227667296,17.653477743798202,9338.0,2213.106,564.624248284124
13073,Columbia County,GA,Metro,29.8,-5.738970127182219,-6.95061786464928,-4.52732238971516,24.061029872817784,9824.0,2927.552,563.7964252943812
48347,Nacogdoches County,TX,Remote rural,36.6,-5.4493401414649405,-8.211992518412831,-2.6866877645170564,31.15065985853506,10334.0,3782.244,563.1348102189869
48497,Wise County,TX,Metro,38.9,-9.034447625005512,-11.174028448343558,-6.89486680166746,29.865552374994486,6178.0,2403.242,558.1481742728405
45031,Darlington County,SC,Metro,19.4,-6.050569429283411,-6.639685910522402,-5.461452948044419,13.349430570716589,9178.0,1780.532,555.3212622196314
13247,Rockdale County,GA,Metro,29.7,-4.979462897587006,-5.90865876031829,-4.050267034855714,24.720537102412997,11033.0,3276.801,549.3841414907745
48249,Jim Wells County,TX,"Rural, near a metro",31.1,-9.316996937906255,-10.769758691098922,-7.86423518471359,21.783003062093744,5819.0,1809.709,542.1560518167652
28087,Lowndes County,MS,Remote rural,25.5,-6.871644929898052,-8.535534975241942,-5.2077548845541575,18.628355070101943,7849.0,2001.495,539.355410547698
48361,Orange County,TX,Metro,31.9,-5.926972347405041,-7.185403605997461,-4.6685410888126215,25.97302765259496,9018.0,2876.742,534.4943662889866
47141,Putnam County,TN,"Rural, near a metro",23.2,-4.744190081473121,-5.449154494027179,-4.039225668919063,18.45580991852688,11159.0,2588.888,529.4041711915856
13127,Glynn County,GA,Metro,30.2,-5.77777569367405,-6.511304517266814,-5.044246870081284,24.42222430632595,9127.0,2756.354,527.3375875616305
45057,Lancaster County,SC,Metro,27.4,-5.812722416589124,-6.431140984960851,-5.194303848217401,21.587277583410877,9010.0,2468.74,523.7262897346801
45047,Greenwood County,SC,"Rural, near a metro",22.4,-5.991617700419638,-7.181820450474755,-4.801414950364516,16.40838229958036,8722.0,1953.728,522.5888958306008
1043,Cullman County,AL,"Rural, near a metro",27.3,-5.035427109872977,-5.574214603650679,-4.496639616095267,22.264572890127024,10267.0,2802.8910000000005,516.9873013706585
48471,Walker County,TX,"Rural, near a metro",32.4,-4.693322083086056,-6.463404444986963,-2.923239721185148,27.706677916913943,10876.0,3523.824,510.4457097564394
45021,Cherokee County,SC,"Rural, near a metro",21.1,-6.301484210783194,-7.029525629411397,-5.573442792154994,14.798515789216808,8035.0,1695.385,506.3242563364296
1113,Russell County,AL,Metro,21.4,-5.530957940104886,-7.015101373960953,-4.046814506248822,15.869042059895111,9152.0,1958.528,506.1932706783992
13175,Laurens County,GA,Remote rural,24.2,-6.88019163592722,-7.872449837373765,-5.887933434480679,17.319808364072777,7282.0,1762.244,501.0155549282202
28089,Madison County,MS,Metro,29.2,-6.063421026621335,-6.804319058330364,-5.322522994912301,23.136578973378665,8225.0,2401.7,498.7163794396048
45073,Oconee County,SC,"Rural, near a metro",25.6,-5.295861410624914,-5.644292690747124,-4.947430130502694,20.30413858937509,9365.0,2397.44,495.9574211050232
28073,Lamar County,MS,Metro,26.7,-6.136401848860796,-7.085225139672769,-5.187578558048833,20.563598151139203,8079.0,2157.093,495.7599053694637
48099,Coryell County,TX,Metro,24.9,-4.869663466468219,-5.931610316117704,-3.8077166168187366,20.03033653353178,10138.0,2524.362,493.686482230548
12023,Columbia County,FL,"Rural, near a metro",22.7,-5.454232181289945,-6.446837811858865,-4.461626550721024,17.245767818710053,9018.0,2047.086,491.8626581087272
13013,Barrow County,GA,Metro,33.3,-5.451865777607837,-6.078978345876285,-4.824753209339393,27.84813422239216,9021.0,3003.993,491.812811798003
47189,Wilson County,TN,Metro,24.6,-4.683697555563876,-5.079642381462798,-4.28775272966496,19.916302444436127,10428.0,2565.288,488.415981094201
12035,Flagler County,FL,Metro,26.8,-4.685404540384079,-5.178810849484773,-4.191998231283387,22.11459545961592,10414.0,2790.952,487.938028835598
48349,Navarro County,TX,"Rural, near a metro",40.3,-6.685168951778098,-9.24471784888787,-4.125620054668337,33.6148310482219,7252.0,2922.556,484.8084523829476
28113,Pike County,MS,"Rural, near a metro",25.8,-7.064824168069929,-8.444324919345306,-5.685323416794565,18.73517583193007,6852.0,1767.816,484.0817519961515
13129,Gordon County,GA,"Rural, near a metro",34.1,-6.657256719316674,-8.028932842189537,-5.285580596443808,27.442743280683327,7250.0,2472.25,482.6511121504589
47009,Blount County,TN,Metro,22.3,-4.337227149854511,-4.932220027497073,-3.742234272211946,17.96277285014549,11078.0,2470.394,480.4780236608827
28071,Lafayette County,MS,"Rural, near a metro",28.8,-5.921218826112664,-6.4869667544288445,-5.355470897796487,22.878781173887337,8077.0,2326.176,478.2568445851199
13295,Walker County,GA,Metro,28.3,-5.636361385701574,-6.621668624578931,-4.651054146824216,22.663638614298428,8221.0,2326.543,463.3652695185264
48143,Erath County,TX,"Rural, near a metro",37.2,-8.012932088586147,-9.972662058700678,-6.053202118471615,29.187067911413852,5757.0,2141.6040000000003,461.3045003399045
12087,Monroe County,FL,"Rural, near a metro",33.2,-6.594297083510709,-8.776484124826933,-4.41211004219448,26.60570291648929,6748.0,2240.336,444.9831671953026
13179,Liberty County,GA,Metro,24.4,-5.04409056601777,-6.026354375023691,-4.061826757011846,19.355909433982227,8820.0,2152.08,444.8887879227673
48273,Kleberg County,TX,"Rural, near a metro",31.8,-8.521458856043123,-11.086246005408077,-5.956671706678168,23.27854114395688,5123.0,1629.114,436.5543371950892
13009,Baldwin County,GA,"Rural, near a metro",24.5,-6.565446436567671,-7.762959041989909,-5.367933831145429,17.93455356343233,6593.0,1615.285,432.8598835629065
48265,Kerr County,TX,"Rural, near a metro",38.5,-8.781933229950152,-10.796564911351933,-6.767301548548375,29.718066770049848,4915.0,1892.275,431.63201825205
48189,Hale County,TX,"Rural, near a metro",39.3,-9.927329719011665,-12.078821537556426,-7.775837900466905,29.37267028098833,4333.0,1702.869,430.1511967247754
45025,Chesterfield County,SC,"Rural, near a metro",22.3,-6.5059171488859935,-7.800288265214685,-5.211546032557309,15.794082851114007,6595.0,1470.685,429.0652359690313
48073,Cherokee County,TX,"Rural, near a metro",37.5,-6.287701424653418,-9.190274380528352,-3.3851284687784835,31.21229857534658,6809.0,2553.375,428.1295900046513
48397,Rockwall County,TX,Metro,38.1,-7.464783513226616,-8.437147749521998,-6.492419276931233,30.635216486773384,5686.0,2166.366,424.44759056206544
28107,Panola County,MS,"Rural, near a metro",25.5,-7.235444428183926,-9.24222376174866,-5.228665094619192,18.264555571816075,5844.0,1490.22,422.8393723830687
13137,Habersham County,GA,"Rural, near a metro",37.1,-8.8545060780442,-10.616669403085629,-7.092342753002771,28.2454939219558,4756.0,1764.476,421.1203090717821
45055,Kershaw County,SC,Metro,23.8,-5.67836359560236,-6.7196220266535445,-4.63710516455118,18.12163640439764,7409.0,1763.342,420.7099587981788
47059,Greene County,TN,"Rural, near a metro",21.8,-4.605221489035863,-5.16977887243623,-4.040664105635501,17.194778510964138,9051.0,1973.118,416.81859697263593
47063,Hamblen County,TN,Metro,27.9,-4.709591528415579,-5.261336324650092,-4.157846732181065,23.19040847158442,8804.0,2456.316,414.6324381617076
1071,Jackson County,AL,"Rural, near a metro",23.6,-5.259031511751112,-5.748292037820472,-4.76977098568175,18.34096848824889,7852.0,1853.072,412.9391543026973
45033,Dillon County,SC,"Rural, near a metro",19.1,-7.852911424667102,-8.826118517076855,-6.879704332257354,11.2470885753329,5215.0,996.0650000000002,409.5293307963894
1127,Walker County,AL,Metro,23.8,-5.027207164281415,-5.57113011349661,-4.4832842150662175,18.772792835718587,8127.0,1934.226,408.5611262411506
45029,Colleton County,SC,"Rural, near a metro",24.4,-6.835544653599763,-7.676872812445717,-5.994216494753804,17.564455346400237,5969.0,1456.436,408.0136603733699
56021,Laramie County,WY,Metro,26.6,-4.975275492537111,-6.169660343544949,-3.780890641529272,21.62472450746289,8109.0,2156.994,403.4450896898343
1121,Talladega County,AL,"Rural, near a metro",19.7,-3.585157661428685,-4.8514361538520765,-2.3188791690052923,16.114842338571314,11230.0,2212.31,402.6132053784413
48325,Medina County,TX,Metro,34.9,-8.75506321294622,-9.924617534011633,-7.5855088918807905,26.14493678705378,4559.0,1591.091,399.1433318782182
28011,Bolivar County,MS,Remote rural,20.1,-7.085116839897921,-8.450450883079794,-5.719782796716043,13.01488316010208,5624.0,1130.424,398.46697107585913
48277,Lamar County,TX,Remote rural,30.6,-6.103895535791351,-7.331784201674358,-4.876006869908348,24.49610446420865,6525.0,1996.65,398.27918371038567
45043,Georgetown County,SC,"Rural, near a metro",22.4,-6.221419648836637,-7.16242755762572,-5.280411740047553,16.17858035116336,6387.0,1430.688,397.362072971196
28109,Pearl River County,MS,"Rural, near a metro",28.4,-5.525320782623106,-5.930915722494694,-5.119725842751517,22.87467921737689,7182.0,2039.688,396.82853860799145
1045,Dale County,AL,"Rural, near a metro",24.4,-5.499091722452395,-6.431217418765758,-4.566966026139035,18.900908277547604,7212.0,1759.7279999999998,396.5944950232667
47187,Williamson County,TN,Metro,28.3,-4.741917006047015,-5.26851154805806,-4.215322464035975,23.558082993952983,8358.0,2365.314,396.3294233654095
56025,Natrona County,WY,Metro,28.5,-5.516492999246863,-7.012110901283871,-4.020875097209856,22.983507000753136,7098.0,2022.93,391.5606730865423
1083,Limestone County,AL,Metro,24.5,-4.437503089062392,-5.961012172637579,-2.913994005487201,20.062496910937607,8817.0,2160.165,391.2546473626311
48473,Waller County,TX,Metro,43.9,-6.418367427251521,-8.079656048705882,-4.757078805797171,37.48163257274848,6091.0,2673.949,390.94275999389015
47119,Maury County,TN,Metro,21.3,-4.1241892857512426,-5.219161274420192,-3.029217297082289,17.175810714248758,9467.0,2016.471,390.4369996820701
48203,Harrison County,TX,"Rural, near a metro",29.4,-4.9747580682141415,-6.306119590758693,-3.643396545669588,24.425241931785852,7784.0,2288.496,387.2351680297888
13103,Effingham County,GA,Metro,26.8,-7.035194875321498,-7.901937117759318,-6.168452632883678,19.764805124678503,5499.0,1473.7320000000002,386.8653661939292
12063,Jackson County,FL,"Rural, near a metro",20.0,-6.310976282821513,-7.754033477561452,-4.867919088081578,13.689023717178486,6130.0,1226.0,386.8628461369588
48499,Wood County,TX,"Rural, near a metro",33.7,-7.413409262115049,-8.177310223020356,-6.649508301209741,26.286590737884957,5158.0,1738.246,382.3836497398942
13157,Jackson County,GA,"Rural, near a metro",33.0,-5.802557753124095,-6.521766116099677,-5.083349390148518,27.197442246875905,6548.0,2160.84,379.95148167456574
48463,Uvalde County,TX,"Rural, near a metro",36.2,-10.345854986863795,-12.467888721700744,-8.223821252026836,25.854145013136204,3645.0,1319.49,377.1064142711854
28099,Neshoba County,MS,Remote rural,21.5,-8.587169389140852,-9.56269941035385,-7.611639367927849,12.912830610859148,4382.0,942.13,376.2897626321522
48221,Hood County,TX,Metro,35.9,-7.720687852356194,-9.094294228550831,-6.347081476161565,28.17931214764381,4845.0,1739.355,374.06732644665766
48217,Hill County,TX,"Rural, near a metro",38.2,-8.363493690596005,-10.5779546258162,-6.149032755375812,29.836506309404,4462.0,1704.4840000000002,373.1790884743937
12027,DeSoto County,FL,"Rural, near a metro",34.9,-6.543899001329916,-8.95938807627598,-4.128409926383852,28.356100998670083,5666.0,1977.434,370.7773174153531
28083,Leflore County,MS,Remote rural,21.3,-6.739769986910616,-8.315441801584726,-5.164098172236508,14.560230013089384,5421.0,1154.673,365.36293099042456
1053,Escambia County,AL,"Rural, near a metro",19.6,-6.589072684826799,-7.524253604834559,-5.653891764819038,13.010927315173202,5537.0,1085.2520000000002,364.8369545588598
48053,Burnet County,TX,"Rural, near a metro",39.9,-8.496712841624865,-9.560026303886906,-7.433399379362806,31.403287158375136,4272.0,1704.5279999999998,362.97957259421423
1117,Shelby County,AL,Metro,27.0,-2.611719201803872,-3.492759403469672,-1.7306790001380723,24.388280798196128,13805.0,3727.35,360.54783580902455
13071,Colquitt County,GA,"Rural, near a metro",32.8,-5.084470421004191,-6.484300624316807,-3.6846402176915696,27.71552957899581,7086.0,2324.208,360.285574032357
12131,Walton County,FL,Metro,26.4,-5.381245355690065,-6.345852342897743,-4.416638368482387,21.018754644309933,6661.0,1758.504,358.4447531425152
48321,Matagorda County,TX,"Rural, near a metro",39.0,-7.802748918902266,-10.103452455365565,-5.502045382438944,31.197251081097733,4586.0,1788.54,357.8340654208579
13275,Thomas County,GA,"Rural, near a metro",22.9,-6.373227567819645,-7.339512424449043,-5.406942711190245,16.526772432180355,5593.0,1280.797,356.45461786815275
28149,Warren County,MS,"Rural, near a metro",22.2,-6.313334690660789,-7.077610388131546,-5.549058993190023,15.886665309339213,5609.0,1245.198,354.11494279916366
48001,Anderson County,TX,Remote rural,35.2,-5.728770599596896,-8.08691293741394,-3.370628261779855,29.471229400403107,6178.0,2174.656,353.9234476430962
48481,Wharton County,TX,"Rural, near a metro",36.8,-7.1000976176363055,-9.314709766887615,-4.8854854683849975,29.699902382363693,4920.0,1810.56,349.32480278770623
12075,Levy County,FL,"Rural, near a metro",27.4,-5.5348610833546985,-6.798071683370873,-4.271650483338523,21.8651389166453,6285.0,1722.09,347.8660190888428
48097,Cooke County,TX,"Rural, near a metro",41.2,-7.9181942757968145,-9.450369892585618,-6.386018659008011,33.28180572420319,4364.0,1797.968,345.54999819577296
20045,Douglas County,KS,Metro,18.7,-2.0914797042114386,-3.005678508512365,-1.1772808999105109,16.608520295788562,16445.0,3075.215,343.9438373575711
48373,Polk County,TX,"Rural, near a metro",30.5,-5.608548676920329,-8.466634102941107,-2.7504632508995552,24.89145132307967,6132.0,1870.26,343.9162048687546
13299,Ware County,GA,Remote rural,23.6,-6.281173214522352,-7.963716926548011,-4.598629502496687,17.31882678547765,5466.0,1289.976,343.3289279057918
48449,Titus County,TX,Remote rural,42.3,-8.387067385144857,-10.150465369190403,-6.623669401099308,33.91293261485514,4081.0,1726.263,342.27621998776164
47019,Carter County,TN,Metro,22.1,-4.1734809697696615,-4.678879524320594,-3.668082415218733,17.926519030230338,8196.0,1811.316,342.05850028232146
1009,Blount County,AL,Metro,32.1,-5.2502069666269415,-5.83361036629566,-4.666803566958225,26.84979303337306,6499.0,2086.179,341.2109507610849
48401,Rusk County,TX,Metro,34.9,-6.3127463283180525,-7.592841143034407,-5.0326515136017,28.587253671681943,5404.0,1885.996,341.1408115823076
1077,Lauderdale County,AL,Metro,22.5,-3.123018137156514,-4.000640952892518,-2.245395321420514,19.376981862843486,10896.0,2451.6,340.2840562245738
1031,Coffee County,AL,"Rural, near a metro",25.3,-5.270223346351797,-6.203272030767668,-4.337174661935926,20.02977665364821,6442.0,1629.826,339.50778797198274
1033,Colbert County,AL,Metro,22.9,-5.138488778031337,-6.1928381925113705,-4.0841393635513,17.76151122196866,6514.0,1491.7059999999997,334.7211590009613
47053,Gibson County,TN,"Rural, near a metro",19.7,-5.261438398858376,-6.194151423002563,-4.328725374714186,14.438561601141624,6359.0,1252.723,334.5748677834041
28085,Lincoln County,MS,"Rural, near a metro",25.3,-6.774388829623806,-8.242764954052701,-5.306012705194908,18.525611170376195,4935.0,1248.555,334.31608874193483
28105,Oktibbeha County,MS,Remote rural,20.1,-3.1236387394342877,-4.087855593748643,-2.159421885119931,16.976361260565714,10658.0,2142.2580000000003,332.9174168489063
47031,Coffee County,TN,"Rural, near a metro",23.2,-4.659298082329448,-5.324316007944006,-3.99428015671489,18.540701917670557,7138.0,1656.016,332.580697116676
47107,McMinn County,TN,"Rural, near a metro",22.0,-5.020870787236093,-5.454829306739413,-4.586912267732775,16.979129212763908,6623.0,1457.06,332.5322722386464
13069,Coffee County,GA,Remote rural,30.3,-4.880798361892066,-5.856974742877027,-3.904621980907104,25.419201638107936,6616.0,2004.648,322.9136196227791
12039,Gadsden County,FL,Metro,25.9,-4.938074728551748,-6.352518884225653,-3.5236305728778428,20.96192527144825,6522.0,1689.198,322.061233796145
12121,Suwannee County,FL,"Rural, near a metro",22.1,-5.214094253867823,-5.831292634478011,-4.596895873257638,16.885905746132178,6159.0,1361.139,321.13606509571923
48199,Hardin County,TX,Metro,30.6,-5.883279073840454,-6.8812921262070725,-4.885266021473837,24.716720926159542,5436.0,1663.4160000000002,319.81505045396705
48489,Willacy County,TX,"Rural, near a metro",37.6,-10.32867215056856,-12.594376367884024,-8.062967933253105,27.27132784943144,3094.0,1163.344,319.5691163385913
13277,Tift County,GA,Remote rural,31.3,-5.222185838317952,-6.559350973765669,-3.885020702870234,26.07781416168205,6090.0,1906.17,318.03111755356326
13261,Sumter County,GA,"Rural, near a metro",24.8,-6.634838708489531,-8.310084109856408,-4.959593307122666,18.16516129151047,4788.0,1187.424,317.67607736247874
48223,Hopkins County,TX,"Rural, near a metro",39.2,-6.954419451888431,-8.46541175005843,-5.443427153718424,32.24558054811157,4548.0,1782.816,316.28699667188584
13047,Catoosa County,GA,Metro,27.0,-5.252193535360839,-6.031122433954477,-4.4732646367672,21.74780646463916,5944.0,1604.88,312.1903837418483
13039,Camden County,GA,"Rural, near a metro",24.6,-5.513846951034774,-6.1500684998705495,-4.877625402198998,19.08615304896523,5658.0,1391.8680000000002,311.9734604895475
13233,Polk County,GA,"Rural, near a metro",32.1,-5.285044254834542,-6.151928423266639,-4.418160086402443,26.81495574516546,5877.0,1886.517,310.602050856626
13113,Fayette County,GA,Metro,33.4,-5.953589044095249,-6.6563917213602,-5.250786366830298,27.44641095590475,5216.0,1742.144,310.5392045400082
47073,Hawkins County,TN,Metro,22.2,-3.928965431657688,-4.175279995624953,-3.6826508676904126,18.271034568342312,7770.0,1724.94,305.28061403980234
12089,Nassau County,FL,Metro,23.1,-4.628940778150624,-5.412108765307325,-3.84577279099393,18.471059221849377,6562.0,1515.822,303.7510938622439
12093,Okeechobee County,FL,"Rural, near a metro",26.8,-5.937886237402838,-7.196101235167998,-4.679671239637691,20.86211376259716,5112.0,1370.016,303.5447444560331
28093,Marshall County,MS,Metro,25.8,-6.588517539317541,-7.991737613405,-5.185297465230089,19.21148246068246,4586.0,1183.188,302.14941435310243
48407,San Jacinto County,TX,"Rural, near a metro",38.7,-8.732157564001916,-11.263181716033271,-6.201133411970568,29.967842435998087,3444.0,1332.8280000000002,300.735506504226
13213,Murray County,GA,Metro,32.0,-6.038102605150478,-7.690340792947622,-4.385864417353333,25.96189739484952,4973.0,1591.36,300.2748425541333
56001,Albany County,WY,"Rural, near a metro",27.0,-4.66711434837648,-5.625109331170589,-3.7091193655823695,22.33288565162352,6417.0,1732.59,299.4887277353188
28027,Coahoma County,MS,Remote rural,22.7,-6.820556834277248,-7.814363077215059,-5.826750591339434,15.879443165722751,4382.0,994.714,298.87680047802905
45023,Chester County,SC,Metro,20.8,-6.492667751163186,-7.631909813047366,-5.353425689279011,14.307332248836817,4594.0,955.552,298.2731564884368
45027,Clarendon County,SC,"Rural, near a metro",19.9,-6.615388936447607,-7.226909905782662,-6.003867967112551,13.284611063552392,4508.0,897.092,298.2217332550581
48459,Upshur County,TX,Metro,28.3,-5.3968869718047925,-6.417893615832298,-4.375880327777288,22.903113028195207,5525.0,1563.575,298.17800519221475
48363,Palo Pinto County,TX,"Rural, near a metro",39.2,-8.040653691167828,-9.579610395439865,-6.501696986895798,31.159346308832177,3708.0,1453.536,298.14743886850306
28003,Alcorn County,MS,Remote rural,22.8,-5.7979925933643,-6.535494245284177,-5.060490941444423,17.002007406635702,5132.0,1170.096,297.5529798914559
48071,Chambers County,TX,Metro,41.7,-8.564737922813345,-10.210383463241245,-6.9190923823854495,33.13526207718666,3450.0,1438.65,295.4834583370604
45089,Williamsburg County,SC,"Rural, near a metro",22.1,-6.527239198537157,-7.187646457867422,-5.866831939206891,15.572760801462843,4518.0,998.478,294.9006669899088
13123,Gilmer County,GA,"Rural, near a metro",35.7,-8.986282084387708,-10.21662631622787,-7.755937852547547,26.713717915612293,3273.0,1168.461,294.1210126220097
48049,Brown County,TX,Remote rural,30.2,-6.303843576136844,-7.27265939468317,-5.335027757590519,23.896156423863157,4641.0,1401.582,292.56138036851087
28095,Monroe County,MS,Remote rural,26.4,-6.468041785588998,-7.373088973204706,-5.562994597973286,19.931958214411,4503.0,1188.792,291.25592160507256
47177,Warren County,TN,"Rural, near a metro",26.1,-4.89088054196897,-5.387138207878604,-4.39462287605934,21.209119458031036,5952.0,1553.4720000000002,291.1052098579931
12049,Hardee County,FL,"Rural, near a metro",29.0,-7.63684294393207,-9.992615131163838,-5.2810707567003,21.36315705606793,3801.0,1102.29,290.276400298858
47147,Robertson County,TN,Metro,24.4,-4.546330057333786,-5.135274085230183,-3.9573860294373913,19.85366994266621,6355.0,1550.62,288.9192751435621
28029,Copiah County,MS,Metro,24.7,-6.8927565753386455,-8.090841302560232,-5.694671848117055,17.807243424661355,4182.0,1032.954,288.2550799806622
1123,Tallapoosa County,AL,"Rural, near a metro",20.7,-5.890879355869105,-6.692569108460755,-5.089189603277457,14.809120644130894,4888.0,1011.816,287.94618291488183
48493,Wilson County,TX,Metro,33.9,-7.329822371189052,-8.79507924171043,-5.864565500667666,26.570177628810946,3911.0,1325.829,286.6693529372038
47099,Lawrence County,TN,"Rural, near a metro",23.0,-4.84559250766293,-5.3903500414187,-4.300834973907162,18.15440749233707,5878.0,1351.94,284.82392760042706
20055,Finney County,KS,Remote rural,31.5,-7.9880574665766595,-9.598309527743192,-6.377805405410148,23.51194253342334,3557.0,1120.455,284.1352040861317
47029,Cocke County,TN,"Rural, near a metro",20.4,-4.836314290368855,-5.241732130525939,-4.430896450211765,15.563685709631145,5869.0,1197.2759999999998,283.84328570174813
47123,Monroe County,TN,"Rural, near a metro",23.7,-4.800042872899981,-5.325771676598417,-4.274314069201537,18.899957127100016,5906.0,1399.7219999999998,283.4905320734729
1039,Covington County,AL,"Rural, near a metro",22.0,-5.527999288209718,-6.129329017013552,-4.926669559405879,16.472000711790283,5115.0,1125.3,282.75716359192705
12119,Sumter County,FL,Metro,24.2,-4.580292196049885,-5.483102493203901,-3.677481898895868,19.619707803950117,6140.0,1485.88,281.22994083746295
1021,Chilton County,AL,Metro,26.3,-5.098362931938753,-5.628896418475365,-4.5678294454021415,21.20163706806125,5510.0,1449.13,280.91979754982526
13293,Upson County,GA,"Rural, near a metro",24.2,-6.6007663454871786,-7.393049591943039,-5.80848309903132,17.599233654512823,4246.0,1027.532,280.26853902938564
47035,Cumberland County,TN,"Rural, near a metro",22.0,-4.142530448222134,-4.519005879222749,-3.766055017221519,17.857469551777868,6756.0,1486.32,279.8693570818874
20057,Ford County,KS,Remote rural,35.0,-8.521745003738918,-9.64753602856775,-7.395953978910065,26.47825499626108,3259.0,1140.65,277.7236696718513
47003,Bedford County,TN,"Rural, near a metro",27.2,-5.036257266933119,-6.359504409568084,-3.713010124298153,22.16374273306688,5490.0,1493.28,276.4905239546282
55009,Brown County,WI,Metro,13.2,-1.2826818830557212,-2.058358224267511,-0.5070055418439299,11.917318116944278,21280.0,2808.96,272.95470471425745
20155,Reno County,KS,"Rural, near a metro",21.4,-4.315681927162648,-4.868357187925309,-3.763006666399985,17.084318072837352,6310.0,1350.34,272.3195296039631
48147,Fannin County,TX,"Rural, near a metro",33.6,-6.793342267382895,-8.530476103360206,-5.056208431405582,26.806657732617108,3984.0,1338.624,270.6467559325345
13119,Franklin County,GA,"Rural, near a metro",35.0,-7.778413337639348,-9.987562419619284,-5.569264255659412,27.22158666236065,3441.0,1204.35,267.65520294817
45071,Newberry County,SC,"Rural, near a metro",26.0,-5.984531022142874,-6.62965261889262,-5.339409425393133,20.015468977857125,4461.0,1159.86,266.9699288977936
28001,Adams County,MS,Remote rural,25.1,-5.6174468845118986,-7.385814860667756,-3.849078908356046,19.482553115488106,4742.0,1190.2420000000002,266.37933126355426
28133,Sunflower County,MS,Remote rural,20.6,-6.47106868120676,-7.485368040775178,-5.456769321638344,14.128931318793242,4110.0,846.66,265.96092279759785
13087,Decatur County,GA,"Rural, near a metro",27.2,-5.980819904784348,-7.785838415929544,-4.175801393639152,21.21918009521565,4438.0,1207.136,265.4287873743294
20161,Riley County,KS,Metro,17.7,-2.2309154324186267,-3.29684844066389,-1.164982424173365,15.469084567581373,11862.0,2099.574,264.6311885934975
55133,Waukesha County,WI,Metro,12.3,-1.7361522711966466,-2.406712238360321,-1.0655923040329722,10.563847728803356,15225.0,1872.675,264.32918328968947
47001,Anderson County,TN,Metro,19.6,-2.874491687720696,-3.632955643351824,-2.116027732089566,16.725508312279306,9170.0,1797.32,263.59088776398784
28045,Hancock County,MS,Metro,25.2,-5.115627331825148,-5.598058710365917,-4.633195953284378,20.08437266817485,5146.0,1296.792,263.2501824957221
13081,Crisp County,GA,"Rural, near a metro",20.0,-7.70838461477904,-8.434549599223725,-6.982219630334354,12.29161538522096,3393.0,678.6,261.54548997945284
45067,Marion County,SC,"Rural, near a metro",18.7,-4.8704998183631005,-5.7128491195965765,-4.028150517129625,13.8295001816369,5353.0,1001.011,260.7178552769768
28091,Marion County,MS,"Rural, near a metro",26.6,-6.817175854624416,-8.166826400159922,-5.467525309088912,19.782824145375585,3824.0,1017.184,260.6888046808377
47167,Tipton County,TN,Metro,21.9,-4.284331044657555,-5.132136228980825,-3.436525860334288,17.615668955342443,6077.0,1330.8629999999998,260.3587975838396
28115,Pontotoc County,MS,Remote rural,28.8,-6.305954007861922,-6.866931687096423,-5.744976328627415,22.49404599213808,4116.0,1185.408,259.55306696359673
48117,Deaf Smith County,TX,"Rural, near a metro",41.6,-10.727419429437038,-12.005531021183277,-9.449307837690792,30.872580570562963,2409.0,1002.144,258.42353405513825
48241,Jasper County,TX,"Rural, near a metro",27.4,-5.632472979309291,-6.549886227190672,-4.715059731427913,21.767527020690707,4571.0,1252.454,257.4603398842277
45087,Union County,SC,Metro,19.6,-6.156518072344246,-6.875331113885183,-5.4377050308033095,13.443481927655755,4150.0,813.4,255.4955000022862
47089,Jefferson County,TN,Metro,20.8,-4.236254366949368,-4.970625215114602,-3.501883518784135,16.563745633050633,6013.0,1250.7040000000002,254.72597508466552
48505,Zapata County,TX,"Rural, near a metro",47.0,-10.981625569837547,-12.600388910202032,-9.36286222947308,36.01837443016245,2313.0,1087.11,254.0049994303425
13305,Wayne County,GA,"Rural, near a metro",27.3,-5.795224878643272,-8.397683231726049,-3.192766525560495,21.50477512135673,4372.0,1193.556,253.36723169428387
28079,Leake County,MS,"Rural, near a metro",28.0,-8.061523814037802,-9.106200100852742,-7.016847527222866,19.9384761859622,3140.0,879.2,253.131847760787
48227,Howard County,TX,"Rural, near a metro",30.3,-7.335908761915929,-8.793199030384075,-5.878618493447784,22.964091238084077,3427.0,1038.381,251.4015932708589
1005,Barbour County,AL,"Rural, near a metro",22.6,-6.702595188239572,-7.8761002762008605,-5.529090100278287,15.89740481176043,3733.0,843.658,250.20787837698325
28163,Yazoo County,MS,Metro,25.3,-6.089079974927572,-7.304629803680471,-4.873530146174685,19.21092002507243,4072.0,1030.216,247.94733657905076
28127,Simpson County,MS,Metro,27.0,-7.024810158557926,-8.71857921787121,-5.331041099244647,19.975189841442077,3526.0,952.02,247.69480619075247
47013,Campbell County,TN,Metro,18.9,-3.9804562128859335,-4.4453385693903975,-3.515573856381468,14.919543787114064,6179.0,1167.831,245.95238939422185
47097,Lauderdale County,TN,"Rural, near a metro",18.1,-6.490406469807353,-7.558730779438293,-5.422082160176415,11.609593530192647,3757.0,680.0170000000002,243.84457107066223
56013,Fremont County,WY,Remote rural,22.3,-5.801138371885401,-7.582517740379915,-4.019759003390886,16.4988616281146,4201.0,936.823,243.70582300290567
1061,Geneva County,AL,Metro,25.3,-5.558619854178838,-6.229556066777103,-4.887683641580572,19.74138014582116,4303.0,1088.659,239.1874123253154
1051,Elmore County,AL,Metro,24.5,-2.9403267468816514,-4.162447680604458,-1.7182058131588445,21.559673253118348,8133.0,1992.585,239.1367743238847
47143,Rhea County,TN,"Rural, near a metro",20.4,-5.162248729707369,-6.020100805487066,-4.304396653927674,15.23775127029263,4612.0,940.8479999999998,238.08291141410388
13195,Madison County,GA,Metro,31.9,-6.234867916023316,-7.134447907451746,-5.335287924594888,25.665132083976683,3807.0,1214.433,237.36142156300767
1017,Chambers County,AL,"Rural, near a metro",21.1,-4.872826025764293,-6.256837240961894,-3.488814810566692,16.227173974235708,4856.0,1024.616,236.62443181111408
48177,Gonzales County,TX,"Rural, near a metro",39.4,-9.704533966908812,-11.64207264231782,-7.766995291499805,29.695466033091183,2437.0,960.178,236.49949277356777
13225,Peach County,GA,Metro,26.4,-6.285627698306528,-7.542280466359962,-5.028974930253101,20.11437230169347,3736.0,986.304,234.8310508087319
48015,Austin County,TX,Metro,39.7,-7.758845013841987,-10.045283485213815,-5.472406542470165,31.94115498615801,3007.0,1193.779,233.30846956622855
48163,Frio County,TX,"Rural, near a metro",34.2,-9.556704923071573,-11.393850015187695,-7.719559830955444,24.643295076928432,2437.0,833.4540000000001,232.89689897525423
28137,Tate County,MS,Metro,28.6,-6.400942162448605,-7.253946452880782,-5.547937872016434,22.1990578375514,3638.0,1040.468,232.86627586988027
13033,Burke County,GA,Metro,24.5,-6.812952017862703,-8.240054999700575,-5.38584903602483,17.687047982137297,3417.0,837.165,232.79857045036852
13205,Mitchell County,GA,"Rural, near a metro",24.7,-6.827542902913371,-8.191083287002545,-5.464002518824197,17.872457097086627,3400.0,839.8,232.1364586990546
1115,St. Clair County,AL,Metro,24.3,-2.870759584503892,-3.991861996792758,-1.7496571722150251,21.42924041549611,8080.0,1963.44,231.95737442791443
48259,Kendall County,TX,Metro,42.8,-9.513061700945592,-10.464808574584058,-8.561314827307132,33.286938299054405,2435.0,1042.18,231.6430524180252
13107,Emanuel County,GA,Remote rural,26.3,-6.478691492301747,-7.388722946013751,-5.568660038589747,19.82130850769825,3564.0,937.332,230.90056478563423
45011,Barnwell County,SC,"Rural, near a metro",21.4,-6.987478774766331,-8.270697568317308,-5.704259981215374,14.412521225233668,3291.0,704.2739999999999,229.95792647756
48025,Bee County,TX,"Rural, near a metro",24.3,-6.9137470774620775,-9.21949694080385,-4.607997214120305,17.386252922537924,3312.0,804.816,228.983303205544
13187,Lumpkin County,GA,"Rural, near a metro",32.3,-6.309228540452519,-7.1111616674359786,-5.507295413469065,25.99077145954748,3602.0,1163.446,227.25841202709967
13055,Chattooga County,GA,"Rural, near a metro",27.4,-6.039345114090961,-7.249514349384597,-4.82917587879733,21.36065488590904,3753.0,1028.322,226.65662213183376
28101,Newton County,MS,Remote rural,22.3,-7.765829933086485,-8.485145139183855,-7.046514726989108,14.534170066913514,2905.0,647.815,225.5973595561624
47131,Obion County,TN,Remote rural,21.1,-5.536738337843953,-6.327096530411345,-4.746380145276561,15.563261662156048,4074.0,859.614,225.56671988376263
1079,Lawrence County,AL,Metro,22.6,-5.52386599851786,-5.974289277392349,-5.073442719643373,17.076134001482142,4071.0,920.046,224.87658479966208
28153,Wayne County,MS,Remote rural,30.6,-6.963653509678064,-8.269797307310391,-5.65750971204574,23.636346490321937,3229.0,988.074,224.8563718275047
28043,Grenada County,MS,Remote rural,22.0,-6.702608943891814,-7.8830829730280065,-5.522134914755622,15.297391056108186,3326.0,731.72,222.9287734738417
13029,Bryan County,GA,Metro,27.8,-6.4535987111660855,-7.291846799217316,-5.615350623114858,21.34640128883392,3452.0,959.656,222.77822750945325
28123,Scott County,MS,"Rural, near a metro",32.5,-5.064444074449788,-5.91148678438599,-4.217401364513584,27.43555592555021,4393.0,1427.725,222.4810281905792
48219,Hockley County,TX,"Rural, near a metro",37.6,-8.671904251224685,-10.86031462135536,-6.483493881093999,28.92809574877532,2549.0,958.424,221.04683936371725
47105,Loudon County,TN,Metro,28.5,-4.896552725505427,-5.559434487283264,-4.233670963727596,23.60344727449457,4503.0,1283.355,220.49176922950937
1093,Marion County,AL,Remote rural,23.0,-5.194688809013294,-5.569936435459991,-4.819441182566597,17.805311190986707,4221.0,970.83,219.26781462845116
48067,Cass County,TX,"Rural, near a metro",28.0,-5.930855812763671,-7.426844529764533,-4.4348670957628045,22.06914418723633,3693.0,1034.04,219.0265051653624
45069,Marlboro County,SC,"Rural, near a metro",15.9,-4.9897777328629,-5.801775844187163,-4.177779621538638,10.9102222671371,4341.0,690.219,216.6062513835785
1059,Franklin County,AL,"Rural, near a metro",26.8,-4.753288742704758,-5.193712474256564,-4.312865011152944,22.046711257295243,4527.0,1213.236,215.18138138224435
12133,Washington County,FL,"Rural, near a metro",25.3,-6.1139728106881535,-7.424738725400644,-4.803206895975663,19.186027189311847,3508.0,887.5240000000001,214.4781661989404
13279,Toombs County,GA,Remote rural,30.3,-4.930616698013268,-5.842320372808331,-4.018913023218209,25.369383301986733,4304.0,1304.112,212.21374268249107
28145,Union County,MS,"Rural, near a metro",31.6,-5.903304273216423,-7.092879345807358,-4.7137292006254885,25.696695726783577,3590.0,1134.44,211.9286234084696
1109,Pike County,AL,"Rural, near a metro",21.3,-3.4660408820900552,-5.154579058251601,-1.7775027059285131,17.833959117909945,6098.0,1298.874,211.3591729898516
48337,Montague County,TX,"Rural, near a metro",35.4,-9.335961696014891,-11.184794873902243,-7.487128518127535,26.064038303985107,2263.0,801.102,211.272813180817
13189,McDuffie County,GA,Metro,22.3,-7.049484232442655,-7.618381203957443,-6.48058726092787,15.250515767557346,2982.0,664.9860000000001,210.21561981143995
48419,Shelby County,TX,Remote rural,36.5,-5.9776800356565065,-8.349795214892374,-3.60556485642064,30.52231996434349,3498.0,1276.77,209.0992476472646
55101,Racine County,WI,Metro,15.0,-1.2744493410479163,-1.866148930002763,-0.6827497520930711,13.725550658952084,16364.0,2454.6,208.55089016908104
47069,Hardeman County,TN,"Rural, near a metro",18.7,-6.068123017261458,-6.935343537367015,-5.200902497155912,12.63187698273854,3431.0,641.597,208.1973007222406
47111,Macon County,TN,Metro,26.2,-5.4128197581208095,-6.430284709173998,-4.395354807067617,20.78718024187919,3846.0,1007.652,208.1770478973264
47117,Marshall County,TN,"Rural, near a metro",25.4,-5.448608286966026,-5.949668051091755,-4.947548522840298,19.95139171303397,3818.0,969.772,208.02786439636287
1025,Clarke County,AL,Remote rural,20.0,-6.316132531927206,-7.14367537510049,-5.488589688753918,13.683867468072794,3283.0,656.6,207.35863102317015
47103,Lincoln County,TN,"Rural, near a metro",25.2,-5.502943307360793,-6.051515213659018,-4.954371401062566,19.697056692639208,3760.0,947.52,206.9106683567658
28025,Clay County,MS,Remote rural,23.5,-6.745412619608406,-7.945657777060495,-5.545167462156317,16.754587380391595,3046.0,715.81,205.46526839327208
48331,Milam County,TX,"Rural, near a metro",32.9,-6.845628932037401,-8.358706945818648,-5.332550918256156,26.0543710679626,2967.0,976.143,203.1098104135497
28039,George County,MS,"Rural, near a metro",32.8,-5.885819466621039,-6.597331051385819,-5.174307881856263,26.91418053337896,3448.0,1130.944,202.94305520909344
13091,Dodge County,GA,"Rural, near a metro",23.9,-6.793595022743767,-7.558227978881455,-6.028962066606075,17.106404977256233,2987.0,713.893,202.9246833293563
13257,Stephens County,GA,Remote rural,24.7,-5.868615484706018,-6.346232481879251,-5.390998487532788,18.831384515293983,3446.0,851.1619999999999,202.23248960296937
47045,Dyer County,TN,Remote rural,18.5,-4.023093820060044,-5.224669484117669,-2.82151815600242,14.476906179939956,5021.0,928.885,201.9995407052148
28159,Winston County,MS,Remote rural,22.5,-7.654616812083351,-8.390539256431504,-6.918694367735198,14.84538318791665,2627.0,591.075,201.08678365342965
28031,Covington County,MS,"Rural, near a metro",28.1,-7.207238712948099,-8.73674586137631,-5.677731564519888,20.892761287051904,2780.0,781.18,200.3612362199572
48477,Washington County,TX,"Rural, near a metro",33.7,-6.265670498453267,-7.220130237910492,-5.311210758996047,27.43432950154673,3190.0,1075.0300000000002,199.8748889006592
48341,Moore County,TX,Remote rural,47.0,-8.779600202016873,-10.710173708565272,-6.849026695468481,38.22039979798313,2274.0,1068.78,199.6481085938637
20111,Lyon County,KS,"Rural, near a metro",22.8,-4.681292124596944,-5.263423724439619,-4.099160524754271,18.118707875403057,4223.0,962.844,197.69096642172897
56037,Sweetwater County,WY,Remote rural,30.1,-5.585590829322324,-6.498556470376538,-4.672625188268113,24.51440917067768,3515.0,1058.015,196.33351765067965
45049,Hampton County,SC,"Rural, near a metro",24.2,-6.989396643469161,-7.657255069851775,-6.321538217086547,17.21060335653084,2805.0,678.81,196.05257584931
48165,Gaines County,TX,Remote rural,52.4,-7.617460436128804,-10.256886740311664,-4.978034131945908,44.7825395638712,2563.0,1343.0119999999995,195.2355109779812
28139,Tippah County,MS,"Rural, near a metro",28.5,-6.000449738761173,-6.723902388339639,-5.276997089182701,22.499550261238827,3252.0,926.82,195.1346255045133
12007,Bradford County,FL,"Rural, near a metro",21.0,-6.01701122640056,-6.800093056388216,-5.233929396412899,14.98298877359944,3235.0,679.35,194.6503131740581
48179,Gray County,TX,"Rural, near a metro",39.2,-7.772279396621407,-9.389076279144126,-6.155482514098681,31.4277206033786,2504.0,981.568,194.6178760914
13143,Haralson County,GA,Metro,24.1,-5.211796233941401,-5.7112097478629655,-4.712382720019837,18.8882037660586,3733.0,899.653,194.5563534130325
56005,Campbell County,WY,Remote rural,29.0,-5.394251978219952,-6.291234987061336,-4.497268969378566,23.605748021780048,3605.0,1045.45,194.4627838148293
48007,Aransas County,TX,Metro,27.8,-6.956334781171737,-8.869700270289394,-5.04296929205408,20.843665218828264,2793.0,776.4540000000001,194.2904304381266
47071,Hardin County,TN,"Rural, near a metro",22.2,-5.12376507564839,-5.6103561952920735,-4.637173956004704,17.07623492435161,3770.0,836.94,193.16594335194432
55059,Kenosha County,WI,Metro,14.2,-1.329802285394745,-1.9765485968203391,-0.6830559739691521,12.870197714605254,14467.0,2054.314,192.38249662805777
1047,Dallas County,AL,"Rural, near a metro",16.2,-2.732858549417765,-4.142189790621599,-1.3235273082139338,13.467141450582234,7025.0,1138.05,191.983313096598
13227,Pickens County,GA,Metro,27.6,-6.012504646809639,-6.656614193080808,-5.368395100538473,21.587495353190363,3192.0,880.9920000000001,191.91914832616365
13017,Ben Hill County,GA,Remote rural,23.8,-6.4690566965426655,-7.928787712052371,-5.00932568103296,17.330943303457335,2965.0,705.67,191.80753105249005
13321,Worth County,GA,Metro,26.1,-6.728994829401424,-7.792695438006227,-5.665294220796621,19.37100517059858,2850.0,743.85,191.7763526379406
28117,Prentiss County,MS,Remote rural,26.6,-5.528666685800516,-6.052228570022425,-5.0051048015786055,21.071333314199485,3468.0,922.488,191.7341606635619
47077,Henderson County,TN,"Rural, near a metro",22.0,-5.251587279976546,-5.698813248220636,-4.804361311732456,16.748412720023452,3649.0,802.78,191.63041984634413
47055,Giles County,TN,"Rural, near a metro",21.1,-5.482500464859281,-5.988652988343245,-4.976347941375317,15.61749953514072,3479.0,734.0690000000001,190.7361911724544
1111,Randolph County,AL,"Rural, near a metro",24.0,-6.194324834252996,-6.90461589160915,-5.484033776896845,17.805675165747004,3070.0,736.8,190.165772411567
13035,Butts County,GA,Metro,24.5,-6.490215759963964,-7.175661935996453,-5.804769583931473,18.009784240036037,2927.0,717.115,189.9686152941452
13303,Washington County,GA,Remote rural,24.1,-7.204951173698113,-8.77133664295646,-5.638565704439767,16.89504882630189,2632.0,634.312,189.63431489173436
55139,Winnebago County,WI,Metro,12.2,-1.2813623295264334,-1.8573826783904623,-0.7053419806624031,10.918637670473563,14756.0,1800.2319999999995,189.0778253449205
48503,Young County,TX,Remote rural,39.9,-9.36468437363849,-10.576396542957603,-8.152972204319367,30.53531562636151,2019.0,805.5809999999999,189.0729775037611
47109,McNairy County,TN,"Rural, near a metro",20.3,-5.224616222228143,-5.620033319098489,-4.829199125357796,15.075383777771858,3618.0,734.4540000000001,189.0266149202142
47025,Claiborne County,TN,"Rural, near a metro",19.0,-3.9140973495880775,-4.48388683435749,-3.3443078648186693,15.085902650411922,4828.0,917.32,188.9726200381124
13131,Grady County,GA,"Rural, near a metro",32.4,-5.36108234405106,-6.600914143584278,-4.121250544517837,27.03891765594894,3523.0,1141.452,188.87093098091884
48281,Lampasas County,TX,Metro,36.9,-8.067940136062804,-9.286887439757926,-6.848992832367676,28.8320598639372,2339.0,863.0909999999999,188.709119782509
55105,Rock County,WI,Metro,11.8,-1.37969555996586,-2.213551915944828,-0.5458392039868915,10.42030444003414,13677.0,1613.886,188.70096173653067
20175,Seward County,KS,Remote rural,34.6,-8.447321906979838,-10.400769425107104,-6.493874388852568,26.152678093020164,2226.0,770.196,188.0373856493712
47043,Dickson County,TN,Metro,20.2,-3.7569355910339786,-4.656943891818814,-2.856927290249146,16.44306440896602,4990.0,1007.98,187.47108599259556
48293,Limestone County,TX,"Rural, near a metro",34.4,-6.167872074989225,-7.395299890506961,-4.940444259471488,28.23212792501077,3024.0,1040.256,186.5164515476741
13199,Meriwether County,GA,Metro,25.9,-6.411430825777535,-7.65483276587724,-5.168028885677836,19.488569174222462,2906.0,752.654,186.3161797970952
47185,White County,TN,Remote rural,22.2,-4.9461796801784805,-5.450294013163624,-4.4420653471933385,17.253820319821518,3758.0,834.276,185.8774323811073
47115,Marion County,TN,Metro,24.1,-4.900575641507071,-5.299009778032682,-4.502141504981461,19.19942435849293,3779.0,910.739,185.19275349255216
1007,Bibb County,AL,Metro,24.7,-6.394845933787394,-7.5653226985049,-5.224369169069884,18.305154066212605,2881.0,711.607,184.2355113524148
20125,Montgomery County,KS,Remote rural,17.2,-4.645223933443567,-5.267461489086744,-4.022986377800387,12.554776066556432,3959.0,680.948,183.9044155250308
48185,Grimes County,TX,"Rural, near a metro",36.7,-5.727585029588091,-7.964937503768257,-3.490232555407926,30.97241497041191,3208.0,1177.336,183.74092774918597
48019,Bandera County,TX,Metro,36.7,-8.580799657369777,-9.760450805055434,-7.401148509684117,28.119200342630226,2139.0,785.013,183.54330467113957
45001,Abbeville County,SC,"Rural, near a metro",22.7,-6.309773699740219,-7.436321088523594,-5.183226310956845,16.39022630025978,2884.0,654.668,181.97387350050792
47075,Haywood County,TN,"Rural, near a metro",19.2,-6.773330005173886,-8.06068138296165,-5.485978627386121,12.426669994826112,2686.0,515.712,181.93164393897055
45081,Saluda County,SC,Metro,31.2,-7.240577724173776,-8.390316010476226,-6.090839437871325,23.959422275826224,2510.0,783.12,181.73850087676175
45053,Jasper County,SC,Metro,31.1,-4.638569630586727,-6.469970282839991,-2.8071689783334635,26.461430369413275,3907.0,1215.0770000000002,181.22891546702343
47021,Cheatham County,TN,Metro,27.3,-4.917741293857263,-5.533467035961654,-4.302015551752873,22.382258706142736,3648.0,995.904,179.39920239991295
47079,Henry County,TN,Remote rural,19.0,-4.144948703167038,-5.021963267430951,-3.267934138903125,14.85505129683296,4319.0,820.61,179.02033448978435
28007,Attala County,MS,"Rural, near a metro",23.0,-6.714023156693125,-7.588032480251583,-5.840013833134665,16.285976843306877,2660.0,611.8,178.59301596803712
13025,Brantley County,GA,Metro,32.2,-6.761600499393982,-7.817060396477654,-5.706140602310316,25.43839950060602,2634.0,848.148,178.10055715403746
48093,Comanche County,TX,Remote rural,40.3,-10.50941430147646,-12.00664417433546,-9.01218442861747,29.790585698523536,1686.0,679.4579999999999,177.18872512289312
45037,Edgefield County,SC,Metro,29.3,-5.695572644616407,-6.69594651434712,-4.695198774885696,23.604427355383592,3097.0,907.421,176.39188480377013
13241,Rabun County,GA,Remote rural,36.0,-9.414198106628191,-10.233839827667111,-8.594556385589271,26.58580189337181,1872.0,673.92,176.23378855607973
45061,Lee County,SC,"Rural, near a metro",22.5,-6.719235200060304,-7.636223111887089,-5.802247288233521,15.780764799939696,2619.0,589.275,175.97676988957937
13147,Hart County,GA,"Rural, near a metro",27.9,-5.951771038215979,-7.163503130276955,-4.7400389461549945,21.948228961784015,2949.0,822.771,175.5177279169892
28017,Chickasaw County,MS,Remote rural,28.4,-6.646190509501553,-7.737567220782031,-5.554813798221073,21.753809490498448,2605.0,739.82,173.13326277251545
20037,Crawford County,KS,"Rural, near a metro",19.2,-2.804852439012812,-3.735047976695376,-1.8746569013302472,16.395147560987187,6154.0,1181.568,172.6106190968484
1019,Cherokee County,AL,"Rural, near a metro",24.9,-5.225579488434561,-5.63093344204434,-4.820225534824785,19.67442051156544,3300.0,821.7,172.4441231183405
48171,Gillespie County,TX,Remote rural,42.0,-9.546195672533097,-11.00955836292764,-8.08283298213858,32.453804327466905,1798.0,755.16,171.64059819214506
13311,White County,GA,"Rural, near a metro",28.8,-6.082826760053491,-7.528959851384211,-4.636693668722772,22.71717323994651,2820.0,812.16,171.53571463350846
55087,Outagamie County,WI,Metro,12.4,-1.4979764813555934,-2.1680508416022697,-0.8279021211089199,10.902023518644407,11417.0,1415.708,171.0239748763681
13027,Brooks County,GA,Metro,25.8,-6.517601475665344,-7.324611079711308,-5.710591871619379,19.282398524334656,2600.0,670.8,169.45763836729893
13019,Berrien County,GA,"Rural, near a metro",23.8,-5.710608208881018,-6.6362363191324425,-4.784980098629593,18.089391791118985,2959.0,704.242,168.9768969007893
12123,Taylor County,FL,"Rural, near a metro",23.6,-6.147058182896304,-7.4733910583356655,-4.820725307456949,17.4529418171037,2748.0,648.528,168.92115886599044
12079,Madison County,FL,"Rural, near a metro",24.5,-6.5052084339903145,-7.735932622145187,-5.274484245835442,17.994791566009685,2587.0,633.815,168.28974218732944
13075,Cook County,GA,"Rural, near a metro",27.5,-5.951747271969911,-7.360051933851781,-4.543442610088043,21.54825272803009,2827.0,777.425,168.25589537858937
13169,Jones County,GA,Metro,26.7,-5.763248133136399,-7.112189735391535,-4.4143065308812615,20.9367518668636,2916.0,778.572,168.05631556225737
48133,Eastland County,TX,"Rural, near a metro",32.5,-7.254041913208925,-8.145669191462877,-6.362414634954972,25.245958086791077,2313.0,751.725,167.78598945252244
13105,Elbert County,GA,"Rural, near a metro",26.8,-6.276572024310073,-7.159840235582608,-5.39330381303754,20.523427975689927,2655.0,711.54,166.64298724543244
13177,Lee County,GA,Metro,25.5,-5.930481106363484,-6.713427742487128,-5.147534470239839,19.56951889363652,2804.0,715.02,166.2906902224321
48035,Bosque County,TX,"Rural, near a metro",35.5,-8.401172138682021,-9.210670490172811,-7.591673787191223,27.09882786131798,1967.0,698.285,165.25105596787537
12129,Wakulla County,FL,Metro,24.3,-5.625406480198322,-6.347710930045438,-4.9031020303512,18.67459351980168,2904.0,705.672,163.36180418495928
13171,Lamar County,GA,Metro,24.5,-6.53443845348951,-7.405748299840575,-5.663128607138442,17.96556154651049,2498.0,612.01,163.23027256816795
48057,Calhoun County,TX,"Rural, near a metro",33.3,-8.009405529664011,-9.716155201025613,-6.302655858302396,25.290594470335986,2015.0,670.995,161.3895214227298
13267,Tattnall County,GA,"Rural, near a metro",31.7,-4.936244515593514,-5.733869134294328,-4.1386198968927,26.763755484406484,3254.0,1031.518,160.62539653741294
13085,Dawson County,GA,Metro,33.9,-6.93516356163904,-7.883031112216613,-5.987296011061464,26.96483643836096,2298.0,779.0219999999999,159.37005864646514
47151,Scott County,TN,"Rural, near a metro",21.5,-4.138683330606597,-4.892033119803751,-3.385333541409447,17.361316669393403,3850.0,827.75,159.339308228354
28051,Holmes County,MS,"Rural, near a metro",19.9,-4.7483813317182975,-6.197367468961417,-3.2993951944751823,15.1516186682817,3353.0,667.247,159.2132260525145
48299,Llano County,TX,Remote rural,36.4,-9.017929824767355,-10.311441655121802,-7.724417994412913,27.38207017523264,1762.0,641.3679999999999,158.89592351240083
55035,Eau Claire County,WI,Metro,12.1,-1.5136312000302532,-2.103280514542205,-0.9239818855183016,10.586368799969746,10497.0,1270.137,158.88586706717567
48279,Lamb County,TX,"Rural, near a metro",40.3,-9.504571456877752,-12.25259333512633,-6.756549578629179,30.795428543122245,1667.0,671.8009999999999,158.44120618615213
13229,Pierce County,GA,"Rural, near a metro",29.1,-5.778160062995315,-6.682563467525588,-4.873756658465037,23.32183993700469,2736.0,796.176,158.09045932355184
55019,Clark County,WI,"Rural, near a metro",23.5,-5.152299158291351,-6.17841410098508,-4.126184215597624,18.34770084170865,3068.0,720.98,158.07253817637863
47081,Hickman County,TN,Metro,22.3,-5.263106731456871,-5.65120922984368,-4.87500423307006,17.036893268543132,2984.0,665.432,157.05110486667303
48365,Panola County,TX,"Rural, near a metro",34.5,-6.926279996068826,-7.784949836313129,-6.067610155824526,27.57372000393117,2267.0,782.115,157.01876751088025
13163,Jefferson County,GA,"Rural, near a metro",26.1,-6.639979833475591,-7.491834654140081,-5.788125012811096,19.46002016652441,2362.0,616.4820000000001,156.83632366669346
1099,Monroe County,AL,Remote rural,20.4,-5.138897477973901,-6.256473993506248,-4.021320962441554,15.261102522026096,3043.0,620.7719999999999,156.3766502547458
48225,Houston County,TX,Remote rural,31.3,-5.244527022520497,-7.397133380337062,-3.091920664703933,26.055472977479504,2980.0,932.74,156.2869052711108
28131,Stone County,MS,"Rural, near a metro",30.6,-6.19164801475462,-7.283642735961811,-5.099653293547429,24.408351985245385,2511.0,768.3660000000001,155.4722816504885
13207,Monroe County,GA,Metro,26.5,-6.365613552279539,-7.363037729323981,-5.368189375235094,20.13438644772046,2438.0,646.07,155.19365840457516
55063,La Crosse County,WI,Metro,9.9,-1.320881627659121,-2.1915498366745685,-0.4502134186436745,8.57911837234088,11620.0,1150.38,153.4864451339899
48457,Tyler County,TX,"Rural, near a metro",31.1,-6.468212670668535,-7.288115107740556,-5.648310233596523,24.631787329331463,2362.0,734.582,152.7791832811908
1013,Butler County,AL,"Rural, near a metro",20.6,-5.11670572369137,-6.165662829812424,-4.067748617570314,15.48329427630863,2978.0,613.4680000000001,152.37549645152902
48149,Fayette County,TX,"Rural, near a metro",37.4,-8.01531534947682,-9.14094048130915,-6.889690217644488,29.384684650523177,1898.0,709.852,152.13068533307006
48445,Terry County,TX,"Rural, near a metro",42.5,-9.234075784821911,-11.231658513514422,-7.2364930561294045,33.26592421517809,1639.0,696.575,151.34650211323114
28147,Walthall County,MS,Remote rural,30.7,-7.006357100659804,-9.230345100282904,-4.782369101036707,23.693642899340198,2140.0,656.98,149.93604195411982
47183,Weakley County,TN,Remote rural,17.6,-3.147003082115474,-4.08163984476522,-2.212366319465729,14.452996917884526,4754.0,836.7040000000001,149.60852652376963
48287,Lee County,TX,"Rural, near a metro",40.6,-7.690746935354709,-10.66561095572812,-4.7158829149813,32.90925306464529,1937.0,786.422,148.9697681378207
48507,Zavala County,TX,Remote rural,29.9,-9.055533189255415,-11.23006900275108,-6.88099737575975,20.844466810744585,1635.0,488.865,148.05796764432606
13001,Appling County,GA,Remote rural,32.8,-5.810753907423091,-7.019583986994945,-4.6019238278512375,26.989246092576906,2531.0,830.1679999999999,147.07018139687844
28141,Tishomingo County,MS,"Rural, near a metro",29.4,-5.564534601147411,-6.300529587684447,-4.828539614610382,23.835465398852588,2633.0,774.102,146.51419604821135
13237,Putnam County,GA,"Rural, near a metro",28.4,-5.733203230938059,-6.918210317439978,-4.548196144436143,22.66679676906194,2553.0,725.052,146.36867848584865
48003,Andrews County,TX,"Rural, near a metro",41.8,-9.312794097730798,-10.922090494355738,-7.703497701105824,32.4872059022692,1564.0,653.752,145.65209968850968
48161,Freestone County,TX,Remote rural,36.6,-6.421754162577985,-9.68863467435753,-3.154873650798447,30.17824583742202,2265.0,828.99,145.45273178239137
13183,Long County,GA,Metro,29.3,-4.858740873458218,-5.522909713480242,-4.194572033436192,24.441259126541784,2993.0,876.9490000000001,145.42211434260446
13111,Fannin County,GA,"Rural, near a metro",28.9,-5.851248375825472,-6.705581945069298,-4.996914806581641,23.04875162417453,2483.0,717.587,145.28649717174648
28061,Jasper County,MS,Remote rural,26.8,-6.2029054396359005,-7.318621984164471,-5.08718889510733,20.5970945603641,2329.0,624.172,144.46566768912012
12029,Dixie County,FL,"Rural, near a metro",23.2,-5.788668782719438,-6.354855731164168,-5.222481834274712,17.411331217280562,2493.0,578.376,144.3115127531956
47007,Bledsoe County,TN,"Rural, near a metro",29.3,-6.281676987800529,-7.160131861932454,-5.403222113668617,23.01832301219947,2291.0,671.263,143.9132197905101
1133,Winston County,AL,"Rural, near a metro",23.6,-4.350798444647321,-4.711156801511322,-3.9904400877833215,19.24920155535268,3262.0,769.8320000000001,141.92304526439565
13291,Union County,GA,Remote rural,31.7,-6.464241607369408,-7.170120163310825,-5.758363051427992,25.23575839263059,2195.0,695.815,141.8901032817585
48289,Leon County,TX,"Rural, near a metro",38.8,-7.97422616641355,-9.8058710477686,-6.1425812850584895,30.82577383358645,1774.0,688.312,141.46277219217637
28057,Itawamba County,MS,Remote rural,27.3,-5.19993893337939,-5.598797982785025,-4.801079883973753,22.10006106662061,2716.0,741.4680000000001,141.23034143058425
47129,Morgan County,TN,Metro,27.2,-5.402497695244896,-5.897788297022292,-4.907207093467501,21.797502304755103,2611.0,710.192,141.0592148228442
12059,Holmes County,FL,"Rural, near a metro",18.2,-5.267973422524546,-5.6767746803620645,-4.859172164687027,12.932026577475456,2677.0,487.214,141.02364852098208
48123,DeWitt County,TX,"Rural, near a metro",31.1,-6.598344350614763,-8.035410538411103,-5.161278162818437,24.50165564938524,2132.0,663.052,140.67670155510675
45009,Bamberg County,SC,Remote rural,21.5,-6.85249569904015,-7.635522531131792,-6.069468866948514,14.647504300959849,2046.0,439.89,140.2020620023615
56033,Sheridan County,WY,Remote rural,27.0,-5.408862941373143,-6.153276063681954,-4.66444981906433,21.591137058626856,2589.0,699.03,140.03546155215068
47041,DeKalb County,TN,"Rural, near a metro",25.4,-4.821724399351378,-5.437842771533783,-4.205606027168973,20.57827560064862,2903.0,737.362,139.97465931317052
48371,Pecos County,TX,Remote rural,36.9,-8.947439925856736,-11.657940427820368,-6.236939423893092,27.952560074143264,1558.0,574.9019999999999,139.40111404484796
28103,Noxubee County,MS,Remote rural,26.5,-7.009367892490316,-8.053708622455467,-5.965027162525166,19.490632107509683,1978.0,524.17,138.64529691345845
47145,Roane County,TN,Metro,19.7,-2.46483499333024,-3.162789134804065,-1.7668808518564136,17.23516500666976,5611.0,1105.367,138.30189147575976
48285,Lavaca County,TX,"Rural, near a metro",37.8,-8.348116455395608,-10.188155173528608,-6.508077737262613,29.45188354460439,1646.0,622.188,137.40999685581173
13161,Jeff Davis County,GA,Remote rural,29.9,-5.447258934922807,-6.19603821557939,-4.698479654266236,24.45274106507719,2519.0,753.1809999999999,137.2164525707055
48089,Colorado County,TX,"Rural, near a metro",38.1,-6.558907182828551,-9.243165904885492,-3.874648460771608,31.54109281717145,2083.0,793.623,136.6220366183187
13251,Screven County,GA,"Rural, near a metro",24.8,-6.845502280322534,-8.383526082004602,-5.307478478640468,17.954497719677466,1991.0,493.768,136.29395040122165
13011,Banks County,GA,"Rural, near a metro",32.0,-6.42962761114867,-7.50748286477025,-5.351772357527093,25.57037238885133,2102.0,672.64,135.15077238634507
20035,Cowley County,KS,"Rural, near a metro",18.6,-3.543281422597385,-4.292720044054354,-2.7938428011404195,15.056718577402616,3809.0,708.474,134.9635893867344
1067,Henry County,AL,Metro,25.5,-6.334467318144094,-7.1581015672436905,-5.510833069044501,19.165532681855908,2125.0,541.875,134.60743051056198
55073,Marathon County,WI,Metro,13.7,-1.3420429297737646,-2.3384714451822752,-0.3456144143652562,12.357957070226234,9993.0,1369.0410000000002,134.1103499722923
28023,Clarke County,MS,Remote rural,23.5,-6.350591855675905,-7.193472138083998,-5.507711573267811,17.149408144324095,2101.0,493.735,133.42593488775077
56029,Park County,WY,Remote rural,27.8,-5.419386250142841,-6.292668436317795,-4.5461040639678885,22.38061374985716,2460.0,683.88,133.3169017535139
48115,Dawson County,TX,Remote rural,37.3,-9.294645582235676,-11.054484310959891,-7.53480685351147,28.00535441776432,1434.0,534.882,133.2852176492596
12003,Baker County,FL,Metro,18.9,-4.597891370099482,-5.765335081774361,-3.4304476584246064,14.302108629900516,2877.0,543.7529999999999,132.2813347177621
47091,Johnson County,TN,"Rural, near a metro",24.5,-4.9941236846131485,-5.741692056928552,-4.246555312297745,19.50587631538685,2642.0,647.29,131.94474774747937
48389,Reeves County,TX,Remote rural,38.4,-9.930079117032896,-11.6323851785381,-8.227773055527697,28.469920882967106,1328.0,509.952,131.87145067419684
48051,Burleson County,TX,Metro,38.4,-6.661550728115151,-9.28076270578153,-4.042338750448774,31.738449271884846,1975.0,758.4,131.56562688027424
45039,Fairfield County,SC,Metro,18.2,-4.665562522066543,-5.992121274154115,-3.3390037699789734,13.534437477933457,2791.0,507.962,130.21584999087725
48353,Nolan County,TX,"Rural, near a metro",30.6,-6.580298387768296,-7.6116397675276914,-5.5489570080089,24.019701612231707,1975.0,604.35,129.96089315842386
12041,Gilchrist County,FL,Metro,30.6,-5.849932732574279,-6.572398419576705,-5.127467045571858,24.75006726742572,2218.0,678.7080000000001,129.75150800849752
20099,Labette County,KS,Remote rural,18.5,-4.6591664554863845,-5.097621887858755,-4.220711023114018,13.840833544513616,2747.0,508.195,127.987302532211
48131,Duval County,TX,Remote rural,24.5,-9.530702424685169,-11.805430857349116,-7.255973992021225,14.969297575314831,1341.0,328.545,127.8067195150281
20169,Saline County,KS,Remote rural,19.8,-2.455526791918385,-2.9247482106654474,-1.9863053731713247,17.344473208081617,5175.0,1024.65,127.07351148177642
47057,Grainger County,TN,Metro,23.0,-4.06352954503275,-4.625865089392761,-3.5011940006727382,18.93647045496725,3100.0,713.0,125.96941589601526
47133,Overton County,TN,Remote rural,22.4,-4.256820486192702,-4.812058851536787,-3.7015821208486175,18.143179513807297,2956.0,662.1439999999999,125.83161357185628
48127,Dimmit County,TX,"Rural, near a metro",29.5,-9.475899154021866,-10.674881417219588,-8.276916890824149,20.024100845978133,1325.0,390.875,125.55566379078972
48487,Wilbarger County,TX,"Rural, near a metro",31.3,-6.6867828579846735,-7.866847868488668,-5.506717847480681,24.613217142015326,1871.0,585.623,125.10970727289325
47051,Franklin County,TN,"Rural, near a metro",20.7,-2.8713745041942813,-3.4794309502840006,-2.263318058104563,17.828625495805717,4328.0,895.896,124.2730885415285
1065,Hale County,AL,Metro,20.8,-5.13203916504679,-6.272926085516605,-3.991152244576973,15.66796083495321,2418.0,502.944,124.0927070108314
28053,Humphreys County,MS,"Rural, near a metro",20.7,-7.113140414197226,-8.34279408471138,-5.883486743683075,13.586859585802774,1741.0,360.387,123.83977461117372
28077,Lawrence County,MS,"Rural, near a metro",26.7,-6.652464387546896,-7.677198533383647,-5.627730241710147,20.047535612453103,1853.0,494.751,123.27016510124398
20009,Barton County,KS,Remote rural,24.3,-4.844953878174772,-5.348144460859183,-4.341763295490361,19.455046121825227,2529.0,614.547,122.52888357903998
13099,Early County,GA,"Rural, near a metro",25.9,-6.979871080649345,-8.295323516534243,-5.664418644764448,18.920128919350653,1752.0,453.768,122.28734133297654
48253,Jones County,TX,Metro,34.2,-6.3801317141103535,-8.72530137343147,-4.034962054789238,27.819868285889648,1913.0,654.2460000000001,122.05191969093109
47047,Fayette County,TN,Metro,22.7,-3.7719995192523887,-4.842778849112193,-2.701220189392584,18.92800048074761,3224.0,731.8480000000001,121.609264500697
20051,Ellis County,KS,Remote rural,21.5,-3.4541224789294014,-4.174316974219529,-2.733927983639276,18.0458775210706,3503.0,753.145,120.99791043689692
1041,Crenshaw County,AL,"Rural, near a metro",23.4,-6.205665066686215,-7.208496342930215,-5.202833790442209,17.194334933313783,1949.0,456.066,120.94841214971431
48415,Scurry County,TX,Remote rural,34.5,-7.507492137680503,-8.979004619362133,-6.035979655998876,26.9925078623195,1602.0,552.69,120.27002404564163
48145,Falls County,TX,Metro,33.0,-5.427635924857293,-7.056326057348046,-3.7989457923665433,27.57236407514271,2205.0,727.65,119.67937214310332
13049,Charlton County,GA,"Rural, near a metro",25.3,-7.512037567533797,-8.8067332082077,-6.217341926859893,17.787962432466202,1590.0,402.27,119.44139732378736
48233,Hutchinson County,TX,"Rural, near a metro",32.1,-6.511118822498184,-7.910556710832099,-5.111680934164271,25.58888117750182,1830.0,587.43,119.15347445171676
48239,Jackson County,TX,"Rural, near a metro",37.5,-7.596558907776442,-9.658692639655502,-5.534425175897377,29.90344109222356,1553.0,582.375,117.97455983776814
48379,Rains County,TX,"Rural, near a metro",35.1,-8.51374848753523,-9.66282874306891,-7.364668232001545,26.58625151246477,1378.0,483.67800000000005,117.31945415823546
48255,Karnes County,TX,"Rural, near a metro",33.3,-8.466870192787624,-10.975368598656466,-5.958371786918782,24.833129807212373,1377.0,458.541,116.5888025546856
20103,Leavenworth County,KS,Metro,20.5,-1.9836622278820364,-2.568657055497558,-1.3986674002665154,18.516337772117964,5876.0,1204.58,116.55999251034848
13145,Harris County,GA,Metro,29.9,-5.536929767529656,-6.090564243989856,-4.983295291069454,24.363070232470346,2103.0,628.797,116.44163301114864
13003,Atkinson County,GA,Remote rural,42.1,-7.593587894672526,-10.595180974339556,-4.591994815005499,34.50641210532748,1514.0,637.394,114.96692072534204
20061,Geary County,KS,"Rural, near a metro",17.4,-2.4827400474385115,-3.7773972091804,-1.1880828856966223,14.917259952561489,4607.0,801.6179999999999,114.37983398549224
28005,Amite County,MS,"Rural, near a metro",27.7,-6.546568567384214,-7.662655815141907,-5.430481319626527,21.153431432615783,1744.0,483.088,114.1721558151807
28135,Tallahatchie County,MS,Remote rural,24.1,-6.125892952712801,-7.525728185291604,-4.726057720133998,17.974107047287198,1862.0,448.742,114.06412677951236
48455,Trinity County,TX,Remote rural,30.6,-5.941967274359402,-7.350023070557419,-4.533911478161391,24.6580327256406,1918.0,586.908,113.96693232221332
55141,Wood County,WI,"Rural, near a metro",9.9,-1.78208740487628,-2.1743651577130376,-1.3898096520395256,8.11791259512372,6393.0,632.907,113.92884779374056
48369,Parmer County,TX,Remote rural,47.7,-10.262676089051055,-12.164073896458472,-8.361278281643626,37.43732391094895,1103.0,526.1310000000001,113.19731726223314
47173,Union County,TN,Metro,22.9,-4.371599872261609,-4.82906484082408,-3.9141349036991415,18.52840012773839,2581.0,591.049,112.83099270307213
47049,Fentress County,TN,Remote rural,21.1,-3.777610137608247,-4.373812546632553,-3.1814077285839426,17.322389862391756,2972.0,627.0920000000001,112.2705732897171
48047,Brooks County,TX,Remote rural,29.7,-9.222764429094456,-11.453710981754744,-6.991817876434167,20.477235570905545,1217.0,361.449,112.24104310207954
47085,Humphreys County,TN,"Rural, near a metro",22.2,-4.83769744383783,-5.214403049051115,-4.460991838624541,17.36230255616217,2304.0,511.488,111.4605491060236
13193,Macon County,GA,"Rural, near a metro",30.8,-6.114522845840915,-7.054736975069995,-5.174308716611833,24.685477154159088,1813.0,558.404,110.8562991950958
28013,Calhoun County,MS,Remote rural,30.1,-5.705583818567262,-6.484028448167932,-4.927139188966599,24.39441618143274,1941.0,584.2410000000001,110.74538191839056
28069,Kemper County,MS,Remote rural,22.2,-8.486217980886103,-9.048469587418904,-7.923966374353295,13.713782019113896,1302.0,289.044,110.49055811113706
48395,Robertson County,TX,Metro,32.7,-5.435496576729155,-6.934446348712951,-3.936546804745365,27.26450342327085,2028.0,663.1560000000001,110.23187057606728
56023,Lincoln County,WY,Remote rural,37.1,-8.29003772933969,-9.370849637326192,-7.209225821353186,28.80996227066031,1320.0,489.72,109.42849802728392
28129,Smith County,MS,"Rural, near a metro",29.6,-6.216453615237124,-6.9242365353442965,-5.50867069512995,23.38354638476288,1759.0,520.664,109.347419092021
48351,Newton County,TX,Metro,32.6,-6.629600878095932,-7.527791662463207,-5.731410093728658,25.97039912190407,1639.0,534.314,108.65915839199232
56039,Teton County,WY,Remote rural,41.8,-9.0734017588888,-11.079980271410877,-7.0668232463667415,32.7265982411112,1183.0,494.4939999999999,107.33834280765451
47005,Benton County,TN,Remote rural,21.7,-5.001805226714831,-5.3347190968735845,-4.668891356556074,16.698194773285167,2145.0,465.465,107.28872211303312
48063,Camp County,TX,"Rural, near a metro",37.0,-5.927264528304798,-9.374703174737732,-2.479825881871866,31.072735471695204,1796.0,664.52,106.45367092835416
13211,Morgan County,GA,Metro,26.5,-6.019566868759464,-6.645597693120782,-5.393536044398151,20.480433131240535,1759.0,466.135,105.88418122147895
47023,Chester County,TN,Metro,21.5,-5.329943018496162,-5.811999262560176,-4.847886774432144,16.170056981503837,1986.0,426.99,105.85266834733378
13191,McIntosh County,GA,Metro,26.1,-6.773915566262991,-7.441175880982891,-6.106655251543094,19.32608443373701,1562.0,407.682,105.80856114502792
13165,Jenkins County,GA,"Rural, near a metro",25.6,-6.750637853679459,-7.636467191256214,-5.8648085161027,18.849362146320544,1561.0,399.616,105.37745689593636
12065,Jefferson County,FL,Metro,23.9,-6.460652789535107,-7.108286900992625,-5.813018678077587,17.43934721046489,1631.0,389.809,105.3732469973176
55039,Fond du Lac County,WI,Metro,11.6,-1.465326113219402,-2.159182197087743,-0.7714700293510611,10.134673886780597,7167.0,831.372,105.01992253443454
12013,Calhoun County,FL,"Rural, near a metro",24.0,-5.8407745651194105,-7.463493954333412,-4.218055175905412,18.15922543488059,1797.0,431.28,104.9587189351958
48343,Morris County,TX,"Rural, near a metro",29.5,-5.756781311049644,-6.739126311099862,-4.774436310999421,23.74321868895036,1822.0,537.49,104.88855548732452
1027,Clay County,AL,Remote rural,23.1,-5.635262795681343,-6.442330421387166,-4.828195169975521,17.46473720431866,1859.0,429.429,104.75953537171615
47159,Smith County,TN,Metro,21.6,-4.736608296306551,-5.24068780191629,-4.232528790696816,16.863391703693452,2208.0,476.92800000000005,104.58431118244866
13173,Lanier County,GA,Metro,32.8,-5.986727864066239,-7.868032344727274,-4.105423383405206,26.81327213593376,1742.0,571.376,104.2887993920339
28097,Montgomery County,MS,Remote rural,25.8,-6.753250569816961,-7.766253273255447,-5.74024786637847,19.04674943018304,1544.0,398.352,104.27018879797389
47153,Sequatchie County,TN,Metro,26.4,-4.6751511222675015,-5.392906925943916,-3.957395318591085,21.724848877732494,2229.0,588.456,104.2091185153426
55071,Manitowoc County,WI,"Rural, near a metro",12.1,-1.7157508059282454,-2.181173225649081,-1.2503283862074106,10.384249194071757,6059.0,733.1389999999999,103.95734133119238
13287,Turner County,GA,"Rural, near a metro",26.4,-6.5701248950561615,-7.817174811438785,-5.323074978673542,19.82987510494384,1582.0,417.648,103.93937583978848
47181,Wayne County,TN,"Rural, near a metro",25.2,-5.201447446286895,-5.777663692262778,-4.6252312003110125,19.998552553713104,1998.0,503.496,103.92491997681216
55131,Washington County,WI,Metro,11.4,-1.6683419572857416,-2.3344279520763616,-1.0022559624951235,9.731658042714258,6206.0,707.484,103.53730186915313
55117,Sheboygan County,WI,Metro,14.1,-1.304710223265475,-1.9644750317287671,-0.6449454148021813,12.795289776734524,7906.0,1114.746,103.15039025136846
1057,Fayette County,AL,"Rural, near a metro",21.7,-4.646351536019108,-5.302458437424957,-3.990244634613265,17.053648463980892,2215.0,480.655,102.91668652282324
1023,Choctaw County,AL,Remote rural,22.2,-6.3722319027939065,-7.102417901889872,-5.642045903697953,15.827768097206093,1615.0,358.53,102.9115452301216
1001,Autauga County,AL,Metro,22.6,-1.7128990796913763,-2.476663091489109,-0.9491350678936422,20.887100920308622,5982.0,1351.932,102.46562294713814
13273,Terrell County,GA,Metro,25.0,-7.109845049737172,-8.710838854970605,-5.508851244503735,17.89015495026283,1434.0,358.5,101.95517801323103
55043,Grant County,WI,"Rural, near a metro",14.0,-1.8089953397868064,-2.243469642314726,-1.3745210372588874,12.191004660213194,5631.0,788.34,101.86452758339504
13005,Bacon County,GA,Remote rural,29.6,-5.582394967457503,-7.109244406233215,-4.055545528681792,24.017605032542495,1822.0,539.312,101.71123630707572
1011,Bullock County,AL,"Rural, near a metro",24.6,-6.082921330062385,-7.002355494116163,-5.163487166008608,18.517078669937614,1670.0,410.82,101.58478621204183
13149,Heard County,GA,Metro,27.1,-5.89866256598621,-6.498082463716061,-5.299242668256358,21.20133743401379,1717.0,465.307,101.2800362579832
13219,Oconee County,GA,Metro,33.9,-5.852681078750278,-6.709046769398993,-4.996315388101563,28.04731892124972,1730.0,586.47,101.2513826623798
13231,Pike County,GA,Metro,29.4,-5.961448997883265,-6.545104814137972,-5.377793181628558,23.43855100211673,1681.0,494.214,100.21195765441767
13221,Oglethorpe County,GA,Metro,30.5,-6.202559403272064,-7.229441429389573,-5.175677377154556,24.297440596727935,1614.0,492.27,100.1093087688111
13023,Bleckley County,GA,"Rural, near a metro",24.8,-6.576357637446322,-7.524164642515069,-5.628550632377585,18.22364236255368,1521.0,377.208,100.02639966555856
12047,Hamilton County,FL,"Rural, near a metro",23.5,-5.395786660188195,-7.146291595015815,-3.645281725360576,18.104213339811807,1853.0,435.455,99.98392681328724
13159,Jasper County,GA,Metro,31.2,-5.744373905226063,-6.349953547479525,-5.138794262972597,25.455626094773937,1738.0,542.256,99.83721847282897
55127,Walworth County,WI,"Rural, near a metro",16.4,-1.1828972659281582,-1.6085647742693268,-0.7572297575869907,15.21710273407184,8436.0,1383.504,99.78921335369942
48387,Red River County,TX,"Rural, near a metro",31.2,-5.835317823220733,-7.686842032790393,-3.983793613651076,25.364682176779265,1699.0,530.088,99.14204981652026
28111,Perry County,MS,Metro,26.7,-5.846889321737031,-6.4879119277235855,-5.205866715750476,20.85311067826297,1694.0,452.298,99.0463051102253
28143,Tunica County,MS,Metro,18.7,-4.367938934797618,-5.896536861715996,-2.8393410078792454,14.332061065202382,2265.0,423.555,98.93381687316604
48017,Bailey County,TX,Remote rural,45.3,-10.45415626669663,-12.178182712539304,-8.73012982085394,34.84584373330337,931.0,421.743,97.32819484294563
48193,Hamilton County,TX,"Rural, near a metro",36.5,-9.756670153955854,-10.8567167090949,-8.656623598816797,26.743329846044148,995.0,363.175,97.07886803186076
28161,Yalobusha County,MS,Remote rural,21.8,-4.969124857652063,-6.438376796012502,-3.499872919291628,16.83087514234794,1935.0,421.83,96.1525659955674
12045,Gulf County,FL,Metro,23.0,-6.0519077417003615,-7.219277878469179,-4.884537604931547,16.94809225829964,1587.0,365.01,96.04377586078472
48043,Brewster County,TX,Remote rural,36.9,-9.507150462794636,-10.667606232603086,-8.346694692986178,27.392849537205365,1006.0,371.214,95.64193365571404
1029,Cleburne County,AL,"Rural, near a metro",26.1,-5.025070208822308,-5.338536148575927,-4.711604269068689,21.07492979117769,1901.0,496.16100000000006,95.52658466971208
47139,Polk County,TN,Metro,24.2,-4.059976248179609,-4.389990690340565,-3.7299618060186512,20.14002375182039,2323.0,562.1659999999999,94.31324824521232
28065,Jefferson Davis County,MS,"Rural, near a metro",24.8,-5.275887305849329,-6.573831310080776,-3.977943301617879,19.524112694150677,1773.0,439.704,93.5414819327086
55097,Portage County,WI,"Rural, near a metro",13.6,-1.4464778447839377,-2.165907714546618,-0.7270479750212577,12.153522155216065,6438.0,875.568,93.12424364718991
13043,Candler County,GA,Remote rural,31.9,-5.490212387904819,-7.109633290706862,-3.8707914851027674,26.40978761209518,1690.0,539.11,92.78458935559144
48357,Ochiltree County,TX,Remote rural,48.7,-9.054433588562716,-10.386490304284148,-7.722376872841288,39.64556641143729,1020.0,496.74,92.35522260333968
47017,Carroll County,TN,"Rural, near a metro",18.4,-2.5764056516604605,-3.801197602253092,-1.3516137010678293,15.823594348339538,3580.0,658.72,92.23532232944449
13079,Crawford County,GA,Metro,28.4,-6.1986366781267,-6.939498419971224,-5.45777493628218,22.2013633218733,1483.0,421.172,91.92578193661896
28063,Jefferson County,MS,"Rural, near a metro",23.4,-6.793894805578576,-8.20177540746224,-5.386014203694916,16.606105194421424,1351.0,316.134,91.78551882336656
45017,Calhoun County,SC,Metro,21.4,-5.316778051903954,-6.311223788820447,-4.322332314987461,16.083221948096046,1725.0,369.15,91.7144213953432
13269,Taylor County,GA,"Rural, near a metro",23.9,-7.003087405503455,-8.453791257955281,-5.552383553051628,16.896912594496545,1305.0,311.895,91.39029064182009
13133,Greene County,GA,"Rural, near a metro",30.1,-6.084372309191534,-7.132296649901579,-5.036447968481499,24.01562769080847,1500.0,451.5,91.265584637873
48399,Runnels County,TX,"Rural, near a metro",35.3,-8.540637609031661,-10.64595930919217,-6.4353159088711696,26.75936239096833,1065.0,375.945,90.9577905361872
13253,Seminole County,GA,"Rural, near a metro",23.1,-6.605415651333138,-7.467731512969847,-5.743099789696425,16.494584348666862,1375.0,317.62500000000006,90.82446520583063
56041,Uinta County,WY,Remote rural,28.4,-5.180997279770098,-6.107518576100267,-4.254475983439935,23.219002720229906,1745.0,495.58,90.40840253198822
48475,Ward County,TX,"Rural, near a metro",36.8,-8.410477279703462,-10.485140125404834,-6.335814434002101,28.389522720296533,1074.0,395.232,90.3285259840152
1087,Macon County,AL,"Rural, near a metro",19.8,-2.97505896776538,-4.155770111075574,-1.794347824455188,16.82494103223462,3031.0,600.138,90.17403731296868
1131,Wilcox County,AL,Remote rural,18.6,-4.729454268443336,-5.928323912467562,-3.530584624419104,13.870545731556666,1906.0,354.5160000000001,90.14339835653
56007,Carbon County,WY,Remote rural,34.6,-7.154746796133584,-8.21640693843098,-6.093086653836194,27.445253203866415,1252.0,433.19200000000006,89.57742988759249
48315,Marion County,TX,"Rural, near a metro",29.4,-6.689363236583632,-8.178934957700175,-5.199791515467089,22.710636763416368,1332.0,391.608,89.10231831129397
20079,Harvey County,KS,Metro,19.3,-3.160775402638356,-3.785208852396539,-2.5363419528801714,16.139224597361643,2819.0,544.067,89.10225860037527
47061,Grundy County,TN,"Rural, near a metro",20.8,-4.229947509203591,-4.673712217426959,-3.786182800980233,16.57005249079641,2105.0,437.84,89.04039506873558
13235,Pulaski County,GA,Metro,25.7,-6.714121951584669,-7.620218510618544,-5.808025392550794,18.98587804841533,1317.0,338.469,88.42498610237008
48069,Castro County,TX,"Rural, near a metro",38.9,-9.709433378245034,-11.42095736663295,-7.997909389857126,29.190566621754964,909.0,353.601,88.25874940824737
12037,Franklin County,FL,"Rural, near a metro",25.7,-6.26445583108484,-7.955623756698708,-4.57328790547097,19.43554416891516,1395.0,358.515,87.38915884363352
13271,Telfair County,GA,Remote rural,23.2,-4.973339482850343,-5.855451327060352,-4.091227638640331,18.226660517149657,1755.0,407.16,87.28210792402352
47101,Lewis County,TN,"Rural, near a metro",22.2,-4.950104286459346,-5.322158757647035,-4.578049815271655,17.249895713540653,1760.0,390.72,87.12183544168448
13319,Wilkinson County,GA,"Rural, near a metro",24.3,-6.953455638022844,-8.115320584578338,-5.791590691467349,17.346544361977156,1250.0,303.75,86.91819547528556
20021,Cherokee County,KS,"Rural, near a metro",18.4,-3.566295795520173,-4.173191083712746,-2.959400507327601,14.833704204479826,2434.0,447.856,86.80363966296102
48059,Callahan County,TX,Metro,27.9,-5.540122423910109,-6.261422344768478,-4.818822503051729,22.35987757608989,1560.0,435.24,86.4259098129977
48297,Live Oak County,TX,"Rural, near a metro",36.4,-7.830231117665423,-9.571786780729104,-6.088675454601728,28.56976888233457,1100.0,400.4,86.13254229431965
48083,Coleman County,TX,"Rural, near a metro",35.3,-7.943434527996086,-9.261871797013717,-6.6249972589784445,27.35656547200391,1084.0,382.652,86.10683028347758
13167,Johnson County,GA,Remote rural,25.2,-6.918790456358549,-8.510128377998733,-5.327452534718372,18.28120954364145,1244.0,313.488,86.06975327710035
13155,Irwin County,GA,Remote rural,25.8,-6.5811697209185365,-8.03534950159692,-5.126989940240157,19.218830279081462,1304.0,336.432,85.81845316077772
13283,Treutlen County,GA,Remote rural,24.4,-8.750943069573903,-9.646349320894675,-7.855536818253131,15.649056930426095,977.0,238.388,85.49671378973704
13317,Wilkes County,GA,"Rural, near a metro",28.2,-6.444790365021006,-7.773413343544132,-5.116167386497886,21.755209634978996,1323.0,373.086,85.2645765292279
55109,St. Croix County,WI,Metro,13.7,-1.904798875645948,-2.558448307559741,-1.2511494437321544,11.795201124354053,4454.0,610.198,84.83974192127052
12043,Glades County,FL,"Rural, near a metro",35.6,-6.239170164670778,-8.479891774390419,-3.998448554951128,29.360829835329223,1358.0,483.448,84.72793083622916
48437,Swisher County,TX,"Rural, near a metro",38.0,-9.029249294040463,-10.530423241778765,-7.52807534630217,28.97075070595953,936.0,355.68,84.51377339221875
48405,San Augustine County,TX,Remote rural,34.3,-7.369312374695869,-8.993230725039751,-5.745394024351988,26.930687625304127,1146.0,393.078,84.45231981401466
13083,Dade County,GA,Metro,26.4,-4.86931312177077,-5.267636281749883,-4.470989961791661,21.53068687822923,1726.0,455.66399999999993,84.0443444817635
56003,Big Horn County,WY,Remote rural,32.7,-6.62691325625419,-7.404306874806868,-5.849519637701506,26.07308674374581,1258.0,411.366,83.36656876367772
1107,Pickens County,AL,Metro,20.9,-3.261541534522858,-4.457430072609335,-2.0656529964363832,17.63845846547714,2551.0,533.159,83.20192454567811
55027,Dodge County,WI,"Rural, near a metro",12.4,-1.3972597769638422,-1.9166553593082696,-0.8778641946194148,11.002740223036158,5954.0,738.296,83.19284712042716
47033,Crockett County,TN,Metro,24.3,-4.970581174980156,-5.834333157821553,-4.106829192138755,19.329418825019843,1670.0,405.81,83.0087056221686
47039,Decatur County,TN,Remote rural,21.8,-5.04954261754239,-5.4989901693252925,-4.600095065759489,16.75045738245761,1642.0,357.956,82.91348978004605
48403,Sabine County,TX,"Rural, near a metro",29.7,-6.760623773825259,-7.812149219883782,-5.70909832776673,22.93937622617474,1224.0,363.528,82.75003499162116
48313,Madison County,TX,"Rural, near a metro",39.2,-5.6155568800533695,-8.801106849875273,-2.430006910231479,33.584443119946634,1464.0,573.888,82.21175272398133
13093,Dooly County,GA,"Rural, near a metro",29.5,-5.969341522880791,-7.169418158347942,-4.769264887413641,23.53065847711921,1372.0,404.74,81.89936569392445
13109,Evans County,GA,"Rural, near a metro",30.7,-5.209009866039315,-6.5007881760648685,-3.91723155601376,25.49099013396069,1571.0,482.297,81.83354499547764
47015,Cannon County,TN,Metro,22.8,-4.555845214247879,-4.902463624798741,-4.209226803697018,18.244154785752123,1789.0,407.89200000000005,81.50407088289455
47121,Meigs County,TN,"Rural, near a metro",20.7,-4.514254916980699,-5.057240094379276,-3.971269739582125,16.1857450830193,1791.0,370.737,80.85030556312431
55005,Barron County,WI,"Rural, near a metro",12.9,-1.9358995727298267,-2.507386501636669,-1.3644126438229836,10.964100427270171,4176.0,538.7040000000001,80.84316615719756
55017,Chippewa County,WI,Metro,12.4,-1.5696934655609796,-2.111158335184514,-1.028228595937445,10.83030653443902,5150.0,638.6,80.83921347639044
48307,McCulloch County,TX,Remote rural,36.4,-8.959424234096309,-10.25225009903878,-7.666598369153833,27.440575765903688,901.0,327.964,80.72441234920774
48429,Stephens County,TX,Remote rural,33.7,-7.33144608935686,-9.13816317842529,-5.524729000288419,26.368553910643143,1096.0,369.352,80.35264913935119
13141,Hancock County,GA,Remote rural,23.0,-6.605206995636179,-7.547579514766108,-5.662834476506241,16.39479300436382,1210.0,278.3,79.92300464719776
55055,Jefferson County,WI,"Rural, near a metro",12.6,-1.4297666719118798,-2.0516507911680777,-0.807882552655683,11.17023332808812,5579.0,702.954,79.76668262596377
48377,Presidio County,TX,Remote rural,46.9,-10.895480281052526,-12.629683217268823,-9.161277344836256,36.00451971894747,732.0,343.30799999999994,79.7549156573045
55075,Marinette County,WI,"Rural, near a metro",10.0,-2.1054596293359724,-2.326344608994734,-1.88457464967721,7.894540370664028,3772.0,377.2,79.41793721855288
1091,Marengo County,AL,Remote rural,18.0,-2.8823782368570336,-4.307366468328871,-1.4573900053851985,15.117621763142967,2716.0,488.88,78.28539291303703
48283,La Salle County,TX,"Rural, near a metro",33.1,-9.932391415272416,-12.393833857428406,-7.470948973116445,23.167608584727585,777.0,257.187,77.17468129666668
13197,Marion County,GA,Metro,33.4,-6.775128108797947,-8.053488776633886,-5.496767440962006,26.62487189120205,1137.0,379.758,77.03320659703266
1075,Lamar County,AL,"Rural, near a metro",21.7,-4.209346845102103,-5.191904499771733,-3.226789190432473,17.490653154897895,1826.0,396.242,76.8626733915644
28155,Webster County,MS,Remote rural,26.4,-5.878190140510509,-6.557571081776901,-5.198809199244113,20.52180985948949,1307.0,345.04799999999994,76.82794513647235
1129,Washington County,AL,"Rural, near a metro",18.1,-4.305764278666813,-5.896166663561262,-2.7153618937723643,13.794235721333187,1774.0,321.094,76.38425830354927
28015,Carroll County,MS,Remote rural,28.5,-6.566076491884003,-7.253877993658755,-5.8782749901092535,21.933923508116,1156.0,329.46,75.90384424617908
13065,Clinch County,GA,"Rural, near a metro",31.4,-6.509052409280992,-7.249320405721448,-5.768784412840539,24.89094759071901,1165.0,365.81,75.83046056812356
20059,Franklin County,KS,"Rural, near a metro",21.3,-3.0243530276405477,-3.815256966137079,-2.233449089144016,18.275646972359453,2507.0,533.991,75.82053040294852
48111,Dallam County,TX,Remote rural,47.2,-8.235696465714048,-10.521459654723673,-5.94993327670441,38.96430353428595,920.0,434.24,75.76840748456924
48031,Blanco County,TX,"Rural, near a metro",35.9,-8.37382932666612,-10.03280541652672,-6.71485323680552,27.52617067333388,891.0,319.869,74.61081930059514
13315,Wilcox County,GA,"Rural, near a metro",30.1,-6.808563624370491,-7.838821976518358,-5.7783052722226165,23.29143637562951,1090.0,328.09,74.21334350563835
55031,Douglas County,WI,Metro,10.6,-1.871090829545663,-2.199861531521735,-1.542320127569592,8.728909170454337,3965.0,420.29,74.18875139148554
55111,Sauk County,WI,"Rural, near a metro",12.6,-1.480345365408933,-1.9708375956355384,-0.9898531351823284,11.119654634591068,5010.0,631.26,74.16530280698754
55135,Waupaca County,WI,"Rural, near a metro",13.2,-1.8459299758563297,-2.070783243745145,-1.6210767079675148,11.35407002414367,4004.0,528.5279999999999,73.91103623328745
48159,Franklin County,TX,Remote rural,32.8,-6.009534203522364,-7.56036986505246,-4.45869854199227,26.790465796477637,1226.0,402.12799999999993,73.67688933518419
47087,Jackson County,TN,"Rural, near a metro",23.6,-4.399825630603322,-4.8575036649817145,-3.942147596224934,19.20017436939668,1673.0,394.828,73.60908279999359
28009,Benton County,MS,Metro,32.0,-6.259133980799842,-7.527235146062945,-4.991032815536738,25.74086601920016,1176.0,376.32,73.60741561420613
48501,Yoakum County,TX,Remote rural,45.6,-10.513995692254335,-12.091645058300267,-8.936346326208428,35.08600430774567,697.0,317.832,73.28254997501273
28037,Franklin County,MS,Remote rural,27.3,-6.68568927945363,-7.614501434536645,-5.756877124370609,20.61431072054637,1092.0,298.11600000000004,73.00772693163364
55033,Dunn County,WI,"Rural, near a metro",11.1,-1.6138356041324518,-2.319084856622979,-0.9085863516419224,9.486164395867547,4522.0,501.942,72.97764601886946
13243,Randolph County,GA,"Rural, near a metro",23.1,-6.964043866717439,-7.57378795795701,-6.354299775477863,16.135956133282562,1028.0,237.468,71.59037094985528
48237,Jack County,TX,"Rural, near a metro",38.8,-7.2342005009288926,-8.986261107901823,-5.482139893955959,31.565799499071105,981.0,380.62799999999993,70.96750691411245
12125,Union County,FL,"Rural, near a metro",18.2,-4.54522832715585,-6.04655561537027,-3.043901038941426,13.654771672844149,1536.0,279.552,69.81470710511385
47161,Stewart County,TN,"Rural, near a metro",20.9,-4.293400678679995,-4.856948463844255,-3.729852893515737,16.606599321320004,1603.0,335.027,68.82321287924032
48247,Jim Hogg County,TX,"Rural, near a metro",28.7,-9.545217135893338,-11.126428809452896,-7.964005462333773,19.15478286410666,719.0,206.353,68.6301112070731
48107,Crosby County,TX,Metro,34.0,-9.252050639689054,-11.745044170457724,-6.759057108920393,24.747949360310947,735.0,249.9,68.00257220171454
13289,Twiggs County,GA,Metro,24.6,-6.799466856872954,-7.497258344387999,-6.101675369357903,17.800533143127048,998.0,245.50800000000004,67.85867923159209
13209,Montgomery County,GA,Remote rural,28.1,-6.142161820086654,-7.099304970694158,-5.18501866947915,21.957838179913345,1102.0,309.66200000000003,67.68662325735492
55115,Shawano County,WI,"Rural, near a metro",10.6,-1.9671158185669269,-2.416155480142027,-1.518076156991829,8.632884181433074,3433.0,363.898,67.5310860514026
20015,Butler County,KS,Metro,21.0,-1.4610666535981245,-2.0321155711122456,-0.890017736084005,19.53893334640188,4622.0,970.62,67.5305007293053
56009,Converse County,WY,"Rural, near a metro",30.3,-5.848159156650391,-7.122308208373514,-4.57401010492727,24.451840843349608,1142.0,346.026,66.78597756894747
1119,Sumter County,AL,"Rural, near a metro",18.5,-2.786627239496891,-4.286652071578491,-1.28660240741529,15.713372760503107,2382.0,440.67,66.37746084481594
28119,Quitman County,MS,"Rural, near a metro",20.7,-5.144653902852741,-6.19317345642459,-4.096134349280888,15.555346097147256,1269.0,262.683,65.28565802720128
55021,Columbia County,WI,Metro,12.8,-1.6385556946014497,-2.242348609182178,-1.0347627800207198,11.16144430539855,3949.0,505.472,64.70656437981124
48391,Refugio County,TX,"Rural, near a metro",28.9,-7.803416967581316,-9.134910123018251,-6.471923812144383,21.09658303241868,819.0,236.691,63.909984964490974
1035,Conecuh County,AL,Remote rural,20.1,-3.528156367606806,-4.645858446529095,-2.410454288684517,16.571843632393197,1798.0,361.398,63.43625148957037
48153,Floyd County,TX,"Rural, near a metro",36.4,-9.435846533061572,-10.957632700880822,-7.914060365242335,26.964153466938427,668.0,243.152,63.03145484085131
48411,San Saba County,TX,Remote rural,41.0,-9.099421926142885,-10.400722868263514,-7.798120984022248,31.900578073857115,680.0,278.8,61.87606909777162
55081,Monroe County,WI,"Rural, near a metro",14.2,-1.3466114380884413,-2.2018296548564544,-0.4913932213204293,12.853388561911558,4526.0,642.692,60.947633687882856
48495,Winkler County,TX,"Rural, near a metro",40.0,-9.769341826646915,-11.45506063923062,-8.083623014063196,30.230658173353085,623.0,249.2,60.86299958001028
55089,Ozaukee County,WI,Metro,13.0,-1.744472167478507,-2.46959368570006,-1.0193506492569542,11.255527832521492,3476.0,451.88,60.63785254155291
47095,Lake County,TN,Remote rural,17.8,-5.860223265850411,-6.914775132507014,-4.805671399193809,11.93977673414959,1030.0,183.34,60.36029963825924
56015,Goshen County,WY,Remote rural,26.9,-5.290700676374505,-5.8555978907726765,-4.72580346197633,21.609299323625493,1140.0,306.66,60.31398771066936
13281,Towns County,GA,Remote rural,27.5,-5.252199599731661,-5.948718711929935,-4.555680487533387,22.24780040026834,1139.0,313.225,59.822553440943615
55085,Oneida County,WI,Remote rural,10.9,-2.0196087899246247,-2.314559367932677,-1.7246582119165708,8.880391210075375,2956.0,322.204,59.69963583017191
48229,Hudspeth County,TX,Metro,44.2,-10.963186061903125,-12.20890588792881,-9.71746623587744,33.23681393809688,532.0,235.144,58.32414984932462
48425,Somervell County,TX,Metro,37.1,-7.699185957628122,-9.339865736325272,-6.058506178930972,29.40081404237188,757.0,280.847,58.28283769924488
48077,Clay County,TX,Metro,30.9,-5.757392382533889,-6.233225791114577,-5.281558973953196,25.14260761746611,1011.0,312.399,58.20723698741762
28021,Claiborne County,MS,"Rural, near a metro",21.9,-3.787262815107524,-5.115516524237977,-2.4590091059770707,18.112737184892477,1536.0,336.384,58.17235684005157
55095,Polk County,WI,"Rural, near a metro",12.9,-1.734706183148913,-2.010352766087586,-1.45905960021024,11.165293816851086,3344.0,431.376,58.008574764499656
47171,Unicoi County,TN,Metro,20.6,-2.492793968596807,-3.0307716020154225,-1.95481633517819,18.107206031403194,2310.0,475.86,57.583540674586246
20133,Neosho County,KS,Remote rural,19.1,-3.262643172418235,-3.825562166719753,-2.699724178116718,15.837356827581766,1763.0,336.733,57.52039912973349
13181,Lincoln County,GA,Metro,28.9,-6.828204049499124,-7.787207670031455,-5.86920042896679,22.071795950500874,827.0,239.003,56.46924748935776
13201,Miller County,GA,"Rural, near a metro",25.2,-6.851210893056307,-7.606663832716028,-6.095757953396592,18.34878910694369,821.0,206.892,56.24844143199228
12067,Lafayette County,FL,Remote rural,25.2,-5.009491296043225,-6.792641977242472,-3.226340614843978,20.190508703956773,1109.0,279.468,55.555258473119366
13301,Warren County,GA,"Rural, near a metro",24.4,-6.714467429923015,-7.885456332573471,-5.543478527272564,17.685532570076983,825.0,201.3,55.39435629686487
55057,Juneau County,WI,Remote rural,11.5,-1.9838192751265324,-2.4479101664132146,-1.5197283838398532,9.516180724873468,2756.0,316.94,54.67405922248724
20001,Allen County,KS,Remote rural,18.1,-3.588246524295552,-4.1822462531845765,-2.9942467954065246,14.511753475704449,1511.0,273.49100000000004,54.21840498210579
47135,Perry County,TN,"Rural, near a metro",22.8,-4.916126563030024,-5.298849255713835,-4.533403870346221,17.883873436969978,1097.0,250.116,53.92990839643936
48207,Haskell County,TX,"Rural, near a metro",34.9,-8.022483372250623,-10.737369912849738,-5.307596831651512,26.877516627749376,670.0,233.83,53.75063859407918
48175,Goliad County,TX,Metro,35.4,-7.814728894062483,-9.894891684429515,-5.7345661036954505,27.585271105937515,680.0,240.72,53.14015647962489
13263,Talbot County,GA,"Rural, near a metro",24.9,-6.881219356977402,-7.911395621065962,-5.851043092888844,18.018780643022595,772.0,192.228,53.12301343586555
45005,Allendale County,SC,"Rural, near a metro",16.9,-3.895168544034631,-5.423079153513472,-2.367257934555786,13.004831455965368,1348.0,227.812,52.506871973586826
13309,Wheeler County,GA,Remote rural,27.5,-6.042428098197136,-8.18772071848256,-3.8971354779117138,21.457571901802865,862.0,237.05,52.08573020645932
20113,McPherson County,KS,Remote rural,20.7,-2.349105096805327,-2.951242465319377,-1.7469677282912772,18.35089490319467,2214.0,458.298,52.00918684326994
48075,Childress County,TX,Remote rural,35.1,-7.316124584462245,-8.460759510335299,-6.171489658589198,27.78387541553776,704.0,247.104,51.50551707461421
20011,Bourbon County,KS,"Rural, near a metro",17.4,-2.786267908481125,-3.5021564979437554,-2.070379319018495,14.613732091518871,1848.0,321.552,51.4902309487312
47083,Houston County,TN,"Rural, near a metro",21.8,-4.95254955433325,-5.236005468381621,-4.669093640284875,16.84745044566675,1030.0,224.54,51.01126040963248
48335,Mitchell County,TX,Remote rural,28.7,-6.024914344918175,-8.010634576703094,-4.039194113133252,22.675085655081823,839.0,240.793,50.54903135386349
28157,Wilkinson County,MS,"Rural, near a metro",24.6,-4.038901944230607,-5.857591975417569,-2.220211913043645,20.5610980557694,1247.0,306.762,50.36510724455567
55093,Pierce County,WI,Metro,10.5,-1.7576138212814612,-2.309730860529281,-1.2054967820336406,8.742386178718538,2850.0,299.25,50.09199390652165
48195,Hansford County,TX,Remote rural,48.5,-9.99098132406118,-11.751842680696022,-8.230119967426365,38.50901867593882,501.0,242.985,50.05481643354651
47027,Clay County,TN,Remote rural,25.0,-4.146455283223208,-4.794789772235484,-3.498120794210932,20.853544716776792,1196.0,299.0,49.591605187349565
20067,Grant County,KS,Remote rural,34.2,-8.432758905188173,-10.50446602712872,-6.3610517832476265,25.76724109481183,588.0,201.09600000000003,49.58462236250646
55123,Vernon County,WI,"Rural, near a metro",17.9,-1.8074630297864351,-2.0826233400186007,-1.5323027195542729,16.092536970213562,2686.0,480.7939999999999,48.54845698006365
48305,Lynn County,TX,Metro,32.5,-8.466695652764779,-10.193613356006637,-6.739777949522924,24.033304347235223,573.0,186.225,48.51416609034218
55083,Oconto County,WI,Metro,11.7,-1.6898578156213169,-2.305715574738538,-1.0740000565040928,10.010142184378685,2862.0,334.85400000000004,48.36373068308209
20041,Dickinson County,KS,Remote rural,20.4,-2.8142939961975224,-3.3357977772956646,-2.292790215099381,17.585706003802475,1714.0,349.656,48.236999094825535
48009,Archer County,TX,Metro,35.9,-7.088810703396539,-8.314859139021607,-5.862762267771476,28.81118929660346,680.0,244.12,48.20391278309646
28041,Greene County,MS,"Rural, near a metro",27.3,-3.103789210450633,-4.537913489432557,-1.669664931468708,24.19621078954937,1527.0,416.871,47.39486124358116
48483,Wheeler County,TX,Remote rural,42.6,-7.89397429226101,-10.039283760749404,-5.748664823772622,34.70602570773899,596.0,253.896,47.048086781875625
12077,Liberty County,FL,"Rural, near a metro",20.3,-5.526335966909895,-6.958825352711914,-4.093846581107869,14.773664033090109,833.0,169.09900000000002,46.03437860435943
13037,Calhoun County,GA,"Rural, near a metro",28.1,-6.671262126854607,-8.305649798901428,-5.036874454807787,21.428737873145398,688.0,193.328,45.8982834327597
1105,Perry County,AL,"Rural, near a metro",16.6,-2.8268654090873926,-4.202433288146042,-1.4512975300287425,13.773134590912608,1620.0,268.92,45.795219627215765
1085,Lowndes County,AL,Metro,19.8,-2.83476997492054,-4.362279330381834,-1.3072606194592462,16.96523002507946,1609.0,318.582,45.61144889647149
55069,Lincoln County,WI,"Rural, near a metro",12.3,-1.9840851900071863,-2.414767918459609,-1.553402461554764,10.315914809992814,2290.0,281.67,45.43555085116457
55015,Calumet County,WI,Metro,13.6,-1.7567723540993294,-2.2609411814623317,-1.2526035267363285,11.84322764590067,2578.0,350.60799999999995,45.28959128868072
48169,Garza County,TX,"Rural, near a metro",29.4,-8.303081107921066,-9.82617598977198,-6.779986226070155,21.09691889207893,540.0,158.76,44.83663798277376
48275,Knox County,TX,Remote rural,40.4,-9.766998087052572,-10.717230032789104,-8.816766141316034,30.633001912947428,451.0,182.204,44.0491613726071
20085,Jackson County,KS,Metro,19.8,-4.019605096439003,-4.667876111605026,-3.3713340812729813,15.780394903560998,1084.0,214.632,43.5725192453988
55125,Vilas County,WI,Remote rural,9.6,-2.198332940961531,-2.4900641608390424,-1.9066017210840185,7.401667059038468,1978.0,189.888,43.48302557221909
1037,Coosa County,AL,"Rural, near a metro",22.5,-3.646526459691496,-4.8155484291436,-2.477504490239393,18.853473540308503,1182.0,265.95,43.10194275355348
1063,Greene County,AL,"Rural, near a metro",16.9,-2.810542629897614,-4.203023112138927,-1.4180621476563016,14.089457370102384,1527.0,258.063,42.91698595853656
55067,Langlade County,WI,"Rural, near a metro",11.8,-2.090391845140064,-2.388717026235201,-1.7920666640449272,9.709608154859936,2021.0,238.47800000000004,42.24681919028069
20013,Brown County,KS,"Rural, near a metro",16.9,-4.327240865934283,-4.752247300881347,-3.902234430987225,12.572759134065716,976.0,164.944,42.2338708515186
48267,Kimble County,TX,Remote rural,32.4,-8.009091844585665,-9.583493226578453,-6.434690462592876,24.390908155414333,524.0,169.77599999999998,41.967641265628885
28019,Choctaw County,MS,Remote rural,24.2,-3.711125283746039,-5.185599169380373,-2.236651398111703,20.48887471625396,1126.0,272.492,41.7872706949804
56035,Sublette County,WY,Remote rural,34.9,-6.839074745015745,-7.564346215945804,-6.113803274085687,28.06092525498425,601.0,209.749,41.10283921754463
55003,Ashland County,WI,Remote rural,8.8,-2.318246714449,-2.91465792139162,-1.721835507506384,6.481753285551001,1769.0,155.672,41.00978437860281
20115,Marion County,KS,"Rural, near a metro",23.0,-4.150038568710228,-4.517481201065775,-3.7825959363546753,18.84996143128977,984.0,226.32,40.83637951610864
55001,Adams County,WI,"Rural, near a metro",11.3,-1.9887985377784576,-2.5365483829787245,-1.4410486925781911,9.311201462221543,2049.0,231.537,40.7504820390806
47169,Trousdale County,TN,Metro,22.2,-3.227568522738088,-4.130840627712141,-2.324296417764029,18.97243147726191,1259.0,279.498,40.635087701272525
48333,Mills County,TX,Remote rural,35.0,-8.513855381284019,-9.680757316913231,-7.346953445654814,26.486144618715983,474.0,165.9,40.35567450728625
13101,Echols County,GA,Metro,32.1,-6.954145150766519,-7.900487898116663,-6.00780240341638,25.145854849233483,579.0,185.859,40.26450042293815
56031,Platte County,WY,Remote rural,28.7,-5.255684987087767,-6.013955297369968,-4.497414676805564,23.444315012912234,766.0,219.842,40.25854700109229
55113,Sawyer County,WI,Remote rural,11.1,-2.1798068652371323,-2.778512809768224,-1.581100920706039,8.920193134762867,1822.0,202.242,39.71608108462056
48191,Hall County,TX,Remote rural,41.0,-8.675345804235857,-10.761246877299564,-6.5894447311721285,32.32465419576414,454.0,186.14,39.38606995123079
55137,Waushara County,WI,"Rural, near a metro",14.0,-1.8877725752402892,-2.3071305442373,-1.4684146062432784,12.11222742475971,2071.0,289.94,39.0957700332264
55053,Jackson County,WI,"Rural, near a metro",11.2,-1.8889420607007557,-2.4859991953275524,-1.2918849260739569,9.311057939299245,2038.0,228.256,38.4966391970814
48197,Hardeman County,TX,Remote rural,34.4,-7.867667192713583,-9.410849938946258,-6.324484446480914,26.532332807286416,486.0,167.18399999999997,38.236862556588015
55045,Green County,WI,Metro,11.5,-1.6126790710537282,-2.2039081415118567,-1.021450000595601,9.887320928946272,2366.0,272.09,38.155986821131215
28125,Sharkey County,MS,"Rural, near a metro",21.0,-5.942480596295762,-6.939665129913168,-4.945296062678361,15.057519403704235,633.0,132.93,37.615902174552176
48103,Crane County,TX,"Rural, near a metro",43.6,-8.887516946973042,-10.72048460865008,-7.0545492852960106,34.71248305302696,420.0,183.12,37.32757117728678
20191,Sumner County,KS,Metro,18.1,-1.6769133524832716,-2.302928864548065,-1.050897840418478,16.42308664751673,2219.0,401.639,37.21070729160379
56043,Washakie County,WY,Remote rural,26.7,-5.075283907349216,-5.508065442868243,-4.6425023718301945,21.624716092650782,726.0,193.842,36.8465611673553
48079,Cochran County,TX,Remote rural,46.7,-9.799659259050976,-12.155012228089044,-7.444306290012919,36.90034074094903,375.0,175.125,36.74872222144116
48317,Martin County,TX,Metro,41.2,-10.312788447200774,-11.719483564703951,-8.906093329697589,30.88721155279923,352.0,145.024,36.301015334146726
48319,Mason County,TX,Remote rural,36.7,-9.444423466047104,-10.506695158226378,-8.382151773867836,27.255576533952897,379.0,139.09300000000002,35.79436493631853
20069,Gray County,KS,Remote rural,36.7,-8.10059105420223,-9.701881805257305,-6.499300303147145,28.599408945797773,441.0,161.847,35.723606549031835
13259,Stewart County,GA,"Rural, near a metro",26.4,-4.906280287326406,-6.953689421132125,-2.858871153520685,21.49371971267359,723.0,190.872,35.472406477369915
13053,Chattahoochee County,GA,Metro,17.9,-2.736681344129693,-3.858181814992749,-1.615180873266638,15.163318655870306,1292.0,231.268,35.35792296615564
20189,Stevens County,KS,Remote rural,33.7,-7.47982212313368,-9.453777022370216,-5.505867223897146,26.220177876866323,472.0,159.06400000000002,35.30476042119098
55029,Door County,WI,"Rural, near a metro",13.5,-1.7288990890335865,-2.0828244652021093,-1.3749737128650628,11.771100910966414,2025.0,273.375,35.01020655293013
55107,Rusk County,WI,"Rural, near a metro",12.3,-2.3029907026279037,-2.9892152077883782,-1.6167661974674292,9.997009297372095,1489.0,183.147,34.29153156212948
55103,Richland County,WI,"Rural, near a metro",13.0,-2.088606895028688,-2.4818393745159937,-1.6953744155413826,10.911393104971312,1641.0,213.33,34.27403914742077
20205,Wilson County,KS,Remote rural,19.3,-3.2825885779229327,-3.8782343210345926,-2.6869428348112727,16.017411422077068,1033.0,199.36900000000003,33.9091400099439
55023,Crawford County,WI,Remote rural,11.6,-2.1467508565460505,-2.543882611061836,-1.749619102030263,9.453249143453949,1562.0,181.192,33.53224837924931
48119,Delta County,TX,"Rural, near a metro",26.0,-5.14655119227237,-5.621767771828161,-4.671334612716581,20.85344880772763,647.0,168.22,33.29818621400224
20121,Miami County,KS,Metro,19.6,-1.558651021946957,-2.071841161075443,-1.0454608828184728,18.041348978053044,2133.0,418.068,33.24602629812859
55129,Washburn County,WI,Remote rural,12.3,-2.0699529073114613,-2.318948823633918,-1.820956990989003,10.23004709268854,1606.0,197.53800000000004,33.243443691422065
55121,Trempealeau County,WI,"Rural, near a metro",17.3,-1.3986196861361857,-1.7994791398975625,-0.9977602323748086,15.901380313863816,2374.0,410.70200000000006,33.20323134887304
56019,Johnson County,WY,Remote rural,28.0,-4.705077472522872,-5.097554368477813,-4.312600576567932,23.294922527477127,699.0,195.72,32.88849153293487
48435,Sutton County,TX,Remote rural,40.9,-10.469132833198644,-12.56371579607891,-8.374549870318369,30.43086716680136,308.0,125.972,32.24492912625182
20005,Atchison County,KS,"Rural, near a metro",16.8,-1.9723411822471943,-2.7318683767023706,-1.212813987792018,14.827658817752804,1634.0,274.512,32.22805491791916
20003,Anderson County,KS,"Rural, near a metro",20.2,-3.916466974173189,-4.197373392989415,-3.63556055535696,16.28353302582681,816.0,164.832,31.958370509253218
55013,Burnett County,WI,"Rural, near a metro",10.8,-2.1207611929391845,-2.4172262558291915,-1.8242961300491785,8.679238807060816,1503.0,162.324,31.875040729875945
48295,Lipscomb County,TX,Remote rural,40.3,-10.481423311985989,-11.685856867983874,-9.276989755988104,29.81857668801401,303.0,122.109,31.758712635317544
56045,Weston County,WY,Remote rural,27.9,-5.57756518784848,-6.410813902635562,-4.744316473061398,22.32243481215152,567.0,158.19299999999998,31.62479461510088
13249,Schley County,GA,"Rural, near a metro",24.0,-5.4424077264946735,-6.639031955280252,-4.245783497709087,18.55759227350533,580.0,139.2,31.565964813669105
55047,Green Lake County,WI,"Rural, near a metro",14.8,-1.886331050325021,-2.322482243572506,-1.450179857077534,12.91366894967498,1657.0,245.236,31.2565055038856
47175,Van Buren County,TN,Remote rural,25.2,-3.993751133715852,-4.451222645118124,-3.536279622313576,21.20624886628415,782.0,197.064,31.231133865657963
20151,Pratt County,KS,Remote rural,21.8,-3.9909194654782008,-4.9386508125956565,-3.043188118360741,17.8090805345218,775.0,168.95,30.929625857456056
13007,Baker County,GA,Metro,25.0,-6.827879534526256,-7.741814304234662,-5.913944764817851,18.172120465473743,452.0,113.0,30.862015496058675
56011,Crook County,WY,Remote rural,29.9,-5.889833381495818,-6.984084442906831,-4.795582320084809,24.01016661850418,521.0,155.779,30.68603191759321
48421,Sherman County,TX,Remote rural,46.1,-10.214305792445842,-11.280758041403896,-9.147853543487788,35.88569420755416,295.0,135.995,30.132202087715235
20077,Harper County,KS,"Rural, near a metro",22.7,-4.477931772011141,-5.024132402659517,-3.931731141362765,18.222068227988856,671.0,152.31699999999998,30.04692219019476
20159,Rice County,KS,Remote rural,22.2,-3.69848419810248,-4.253318448127014,-3.1436499480779485,18.50151580189752,802.0,178.04399999999998,29.66184326878189
45065,McCormick County,SC,"Rural, near a metro",20.3,-3.480388863454801,-4.811106661861071,-2.149671065048528,16.8196111365452,849.0,172.347,29.54850145073126
47067,Hancock County,TN,"Rural, near a metro",19.7,-2.2462812260432004,-2.7855727681908182,-1.706989683895579,17.453718773956798,1312.0,258.464,29.47120968568679
20107,Linn County,KS,Metro,20.9,-2.803765151742464,-3.2488444144220003,-2.358685889062928,18.09623484825753,1038.0,216.942,29.103082275086773
13061,Clay County,GA,Remote rural,25.0,-6.66227723890815,-7.467071039585444,-5.857483438230855,18.33772276109185,432.0,108.0,28.781037672083208
55099,Price County,WI,Remote rural,12.1,-2.088406316583191,-2.4001618525540214,-1.7766507806123593,10.011593683416809,1368.0,165.528,28.569398410858057
55007,Bayfield County,WI,"Rural, near a metro",10.3,-2.0556943889358323,-2.4820933136653665,-1.6292954642062971,8.244305611064169,1380.0,142.14,28.368582567314487
48385,Real County,TX,Remote rural,30.9,-7.981027753427938,-10.254812061540532,-5.707243445315342,22.91897224657206,353.0,109.07699999999998,28.17302796960062
47137,Pickett County,TN,Remote rural,24.5,-4.475137096443127,-4.665645323280268,-4.284628869605985,20.024862903556876,624.0,152.88,27.92485548180512
48105,Crockett County,TX,Remote rural,39.8,-10.332021052704258,-12.055726542277622,-8.608315563130915,29.46797894729574,269.0,107.06199999999998,27.793136631774452
48129,Donley County,TX,"Rural, near a metro",30.1,-6.46907215199903,-7.50301325378268,-5.435131050215377,23.63092784800097,429.0,129.12900000000002,27.75231953207584
55077,Marquette County,WI,"Rural, near a metro",12.2,-1.9526268341375368,-2.303853942669603,-1.6013997256054682,10.247373165862465,1399.0,170.678,27.317249409584143
55065,Lafayette County,WI,"Rural, near a metro",17.2,-1.8261049420980904,-2.231474331288512,-1.4207355529076693,15.373895057901908,1492.0,256.624,27.24548573610351
55049,Iowa County,WI,Metro,11.8,-1.7058741362316547,-2.329391169997389,-1.0823571024659215,10.094125863768346,1592.0,187.856,27.157516248807944
48383,Reagan County,TX,"Rural, near a metro",39.1,-8.833957740066788,-10.514751882109788,-7.153163598023774,30.26604225993321,307.0,120.037,27.12025026200504
48109,Culberson County,TX,Remote rural,29.9,-9.405633417107442,-11.35345522313672,-7.457811611078157,20.49436658289256,288.0,86.112,27.088224241269437
48087,Collingsworth County,TX,Remote rural,33.6,-8.349631927274325,-10.108230535789158,-6.591033318759498,25.25036807272568,324.0,108.864,27.052807444368817
13239,Quitman County,GA,Remote rural,24.6,-8.745176108131723,-9.444445111486171,-8.045907104777273,15.854823891868278,301.0,74.046,26.322980085476487
48461,Upton County,TX,"Rural, near a metro",36.8,-8.792830810115598,-9.811892654731874,-7.773768965499312,28.0071691898844,299.0,110.03199999999998,26.29056412224564
20149,Pottawatomie County,KS,Metro,21.4,-1.594781302257541,-1.968262072695662,-1.2213005318194197,19.805218697742458,1638.0,350.532,26.12251773097852
55119,Taylor County,WI,"Rural, near a metro",16.6,-1.5993866576146318,-1.897250994234697,-1.3015223209945652,15.00061334238537,1614.0,267.92400000000004,25.814100653900155
48211,Hemphill County,TX,Remote rural,39.7,-9.660257254212198,-10.888069181784171,-8.432445326640245,30.039742745787805,267.0,105.999,25.792886868746567
20073,Greenwood County,KS,"Rural, near a metro",19.8,-3.6140827210994657,-4.263470363578455,-2.964695078620476,16.185917278900536,702.0,138.996,25.37086070211825
20081,Haskell County,KS,Remote rural,35.9,-7.775344733948141,-9.314324187050694,-6.236365280845583,28.124655266051857,326.0,117.034,25.347623832670937
20139,Osage County,KS,Metro,19.3,-1.752459096623996,-1.961775936733671,-1.5431422565143196,17.547540903376003,1422.0,274.446,24.919968353993227
13307,Webster County,GA,"Rural, near a metro",31.1,-6.970868953370093,-8.070839192368814,-5.870898714371363,24.129131046629908,357.0,111.027,24.886002163531234
20093,Kearny County,KS,Remote rural,30.5,-7.399235441153312,-8.960466799439128,-5.838004082867499,23.100764558846688,334.0,101.87,24.71344637345206
13125,Glascock County,GA,Remote rural,22.8,-6.211791476536272,-7.1045524883563935,-5.319030464716152,16.588208523463727,391.0,89.14800000000001,24.28810467325682
20181,Sherman County,KS,Remote rural,22.2,-4.3062162899567005,-4.80620210438285,-3.806230475530555,17.893783710043298,554.0,122.988,23.85643824636012
48205,Hartley County,TX,Remote rural,35.3,-6.50316656106851,-7.413495775334408,-5.592837346802611,28.79683343893149,360.0,127.07999999999998,23.41139961984664
48413,Schleicher County,TX,"Rural, near a metro",37.7,-9.253022928825432,-10.65057988596712,-7.855465971683724,28.44697707117457,252.0,95.00400000000002,23.31761778064009
48081,Coke County,TX,"Rural, near a metro",28.7,-6.42106603618338,-7.872172722138582,-4.9699593502281765,22.27893396381662,363.0,104.181,23.30846971134567
55041,Forest County,WI,Remote rural,10.4,-2.452928731279248,-2.955188632831724,-1.950668829726772,7.947071268720752,950.0,98.8,23.30282294715285
20171,Scott County,KS,Remote rural,30.4,-5.915831225221491,-7.057596996709652,-4.77406545373333,24.484168774778507,391.0,118.864,23.13090009061603
48023,Baylor County,TX,"Rural, near a metro",28.8,-5.389218773139487,-6.365372018607585,-4.41306552767139,23.410781226860514,423.0,121.824,22.79639541038003
20119,Meade County,KS,Remote rural,30.4,-6.765321955381058,-7.824122124680407,-5.706521786081703,23.63467804461894,335.0,101.84,22.663828550526546
48151,Fisher County,TX,"Rural, near a metro",32.1,-6.341276298343713,-7.402877592759693,-5.279675003927729,25.758723701656287,355.0,113.955,22.51153085912018
55061,Kewaunee County,WI,Metro,13.0,-1.75919771186593,-2.2759298696835817,-1.2424655540482807,11.24080228813407,1279.0,166.27,22.500138734765244
48065,Carson County,TX,Metro,30.3,-5.426942259297632,-6.000189096837896,-4.853695421757368,24.873057740702368,413.0,125.139,22.41327153089922
47127,Moore County,TN,Remote rural,24.4,-3.919056189843698,-4.663493549871748,-3.1746188298156457,20.4809438101563,570.0,139.08,22.33862028210908
56017,Hot Springs County,WY,Remote rural,23.4,-4.737507576819333,-5.195435354472542,-4.27957979916612,18.662492423180662,465.0,108.81,22.02941023220989
48271,Kinney County,TX,Remote rural,28.0,-8.294615801722122,-10.141760285418355,-6.447471318025891,19.70538419827788,264.0,73.92,21.8977857165464
48327,Menard County,TX,Remote rural,33.3,-8.553317111260629,-10.73922409193259,-6.367410130588658,24.746682888739368,249.0,82.91699999999999,21.29775960703897
55011,Buffalo County,WI,"Rural, near a metro",12.2,-1.977291377414507,-2.254117061523113,-1.7004656933059008,10.222708622585492,1076.0,131.272,21.27565522098009
20019,Chautauqua County,KS,"Rural, near a metro",20.9,-4.538304167756067,-4.8750021101166805,-4.201606225395453,16.36169583224393,446.0,93.214,20.240836588192057
20087,Jefferson County,KS,Metro,20.4,-1.6140182151377025,-2.2281587436161514,-0.999877686659255,18.785981784862297,1215.0,247.86,19.61032131392308
20193,Thomas County,KS,Remote rural,24.2,-2.9941435268142773,-3.673060772276551,-2.315226281352002,21.20585647318572,648.0,156.816,19.40205005375652
48095,Concho County,TX,"Rural, near a metro",27.8,-7.738606928186677,-10.085764025481447,-5.39144983089191,20.061393071813324,245.0,68.11,18.95958697405736
20075,Hamilton County,KS,Remote rural,33.1,-7.536193986909009,-8.398104230505352,-6.674283743312662,25.563806013090996,251.0,83.081,18.91584690714161
48417,Shackelford County,TX,"Rural, near a metro",29.9,-5.832984085623304,-6.38820938679753,-5.27775878444908,24.067015914376697,324.0,96.876,18.898868437419505
20185,Stafford County,KS,Remote rural,28.0,-4.76373823252323,-5.490190872615543,-4.037285592430916,23.23626176747677,379.0,106.12,18.05456790126304
20163,Rooks County,KS,Remote rural,21.7,-3.910708369411504,-4.224033644141171,-3.597383094681836,17.789291630588494,451.0,97.867,17.63729474604588
20127,Morris County,KS,"Rural, near a metro",22.9,-3.735178732086947,-4.247524071091138,-3.222833393082756,19.16482126791305,458.0,104.882,17.107118592958216
20167,Russell County,KS,Remote rural,18.1,-2.240090748931793,-3.030073191002277,-1.4501083068613094,15.859909251068208,757.0,137.017,16.957486969413672
20029,Cloud County,KS,Remote rural,21.6,-1.885752980707215,-2.363947889579836,-1.407558071834594,19.714247019292785,892.0,192.672,16.820916587908357
20117,Marshall County,KS,"Rural, near a metro",19.7,-1.908603163129808,-2.328069982333263,-1.4891363439263543,17.79139683687019,806.0,158.78199999999998,15.383341494826253
20147,Phillips County,KS,Remote rural,21.2,-3.151300301570666,-3.5988744977866487,-2.7037261053546824,18.04869969842933,482.0,102.184,15.189267453570611
48359,Oldham County,TX,Metro,38.7,-8.94229500626976,-10.542034525703974,-7.342555486835532,29.757704993730243,168.0,65.016,15.023055610533197
48045,Briscoe County,TX,Remote rural,43.0,-9.857095165952614,-10.91048172715477,-8.803708604750463,33.142904834047386,151.0,64.93,14.884213700588449
48137,Edwards County,TX,Remote rural,44.6,-10.69582255401362,-11.941045612917238,-9.450599495109987,33.904177445986384,139.0,61.99400000000001,14.86719335007893
56027,Niobrara County,WY,Remote rural,29.2,-5.7413442608578,-6.8561544892112725,-4.626534032504326,23.4586557391422,257.0,75.044,14.755254750404546
20007,Barber County,KS,Remote rural,20.7,-3.454496323741803,-4.173668690586402,-2.735323956897202,17.245503676258195,421.0,87.14699999999999,14.543429522952987
20095,Kingman County,KS,Metro,17.7,-1.76962832727497,-2.082030266792926,-1.457226387757014,15.930371672725029,813.0,143.90099999999998,14.387078300745507
20031,Coffey County,KS,"Rural, near a metro",19.6,-2.0167239420110032,-2.4746722485728214,-1.5587756354491862,17.583276057988996,699.0,137.00400000000002,14.096900354656912
20129,Morton County,KS,Remote rural,27.3,-4.9569730296963925,-5.454952361593644,-4.458993697799143,22.343026970303608,275.0,75.075,13.63167583166508
55078,Menominee County,WI,"Rural, near a metro",5.4,-2.4625567576634797,-3.0611492021784814,-1.8639643131484784,2.937443242336521,541.0,29.214,13.322432058959423
48125,Dickens County,TX,"Rural, near a metro",30.0,-6.072635767194718,-8.055072575778212,-4.090198958611223,23.92736423280528,217.0,65.1,13.17761961481254
20047,Edwards County,KS,Remote rural,29.3,-5.289471442420584,-5.991810577435544,-4.587132307405627,24.010528557579416,249.0,72.957,13.170783891627256
20201,Washington County,KS,Remote rural,24.2,-2.9067823796878924,-3.405389812373661,-2.408174947002121,21.293217620312102,451.0,109.142,13.109588532392394
13265,Taliaferro County,GA,"Rural, near a metro",24.8,-5.683129553970104,-8.16194732320589,-3.204311784734307,19.116870446029896,230.0,57.04,13.07119797413124
20049,Elk County,KS,"Rural, near a metro",20.8,-3.9813145499596168,-4.486357708843361,-3.476271391075868,16.818685450040384,327.0,68.016,13.018898578367946
20123,Mitchell County,KS,Remote rural,20.9,-2.3540575050742003,-2.9586593271744883,-1.7494556829739136,18.5459424949258,549.0,114.741,12.92377570285736
20043,Doniphan County,KS,Metro,19.9,-1.9504506261679888,-2.414554092813412,-1.4863471595225657,17.94954937383201,654.0,130.146,12.755947095138646
55051,Iron County,WI,Remote rural,11.1,-2.3392321503151368,-2.7626169253937523,-1.9158473752365175,8.760767849684862,541.0,60.051,12.65524593320489
20145,Pawnee County,KS,Remote rural,20.1,-2.294472825737629,-2.9090849924673923,-1.6798606590078655,17.805527174262373,547.0,109.947,12.550766356784832
20131,Nemaha County,KS,"Rural, near a metro",20.4,-1.8898900847903155,-2.2536312003988863,-1.526148969181745,18.51010991520968,661.0,134.844,12.492173460463984
20023,Cheyenne County,KS,Remote rural,28.2,-4.49342949018392,-4.86737626118634,-4.119482719181498,23.70657050981608,277.0,78.11399999999999,12.446799687809458
20187,Stanton County,KS,Remote rural,32.0,-7.200081438059697,-9.33973848349036,-5.060424392629027,24.799918561940306,172.0,55.04,12.384140073462678
20027,Clay County,KS,"Rural, near a metro",20.3,-1.803449246117645,-2.094743208262056,-1.512155283973234,18.49655075388236,686.0,139.258,12.371661828367046
48447,Throckmorton County,TX,Remote rural,31.5,-6.970334050845219,-8.372645326919477,-5.56802277477096,24.529665949154783,168.0,52.92,11.710161205419968
48243,Jeff Davis County,TX,Remote rural,30.8,-6.971183275217854,-8.487040726834373,-5.455325823601338,23.828816724782147,146.0,44.968,10.177927581818068
48431,Sterling County,TX,"Rural, near a metro",39.6,-9.5559586199836,-12.392277827285636,-6.719639412681561,30.0440413800164,106.0,41.976000000000006,10.129316137182617
28055,Issaquena County,MS,"Rural, near a metro",27.4,-6.917784679950876,-8.465037563631622,-5.370531796270132,20.48221532004912,146.0,40.004,10.09996563272828
20053,Ellsworth County,KS,Remote rural,19.5,-2.1262820943279896,-2.543514364921816,-1.7090498237341625,17.37371790567201,473.0,92.235,10.057314306171392
20089,Jewell County,KS,Remote rural,23.0,-3.662766537402101,-4.066733234549516,-3.2587998402546847,19.3372334625979,270.0,62.1,9.88946965098567
20109,Logan County,KS,Remote rural,21.1,-3.497685191840356,-3.929776373737195,-3.0655940099435184,17.602314808159644,280.0,59.08,9.793518537152998
55091,Pepin County,WI,"Rural, near a metro",14.8,-1.8025031535111329,-2.3425810343387075,-1.262425272683554,12.997496846488868,534.0,79.03200000000001,9.625366839749448
48101,Cottle County,TX,Remote rural,28.2,-5.275348875089802,-6.231442821845025,-4.319254928334577,22.9246511249102,181.0,51.042,9.54838146391254
20157,Republic County,KS,Remote rural,18.2,-2.113133901946859,-2.716115082898159,-1.5101527209955607,16.08686609805314,450.0,81.9,9.509102558760866
20203,Wichita County,KS,Remote rural,30.4,-6.00656880191161,-6.934788800157194,-5.078348803666024,24.39343119808839,158.0,48.032,9.490378707020342
20137,Norton County,KS,Remote rural,19.4,-1.9912398039509016,-2.636008623490473,-1.3464709844113334,17.408760196049098,468.0,90.792,9.31900228249022
48155,Foard County,TX,Remote rural,28.8,-6.435521287289605,-8.305352057813334,-4.565690516765872,22.364478712710397,139.0,40.032,8.945374589332552
20135,Ness County,KS,Remote rural,28.8,-4.78229173329381,-5.333121431381966,-4.231462035205653,24.01770826670619,184.0,52.992,8.799416789260611
20097,Kiowa County,KS,Remote rural,22.2,-4.181773882213859,-4.566827212189969,-3.796720552237746,18.018226117786146,207.0,45.95399999999999,8.656271936182689
20039,Decatur County,KS,Remote rural,20.1,-3.1433906415956625,-3.6727523207518513,-2.614028962439473,16.95660935840434,273.0,54.873000000000005,8.581456451556159
48235,Irion County,TX,Metro,37.6,-8.43563869381788,-9.820191142190708,-7.051086245445036,29.164361306182123,101.0,37.976000000000006,8.51999508075606
20143,Ottawa County,KS,Remote rural,20.1,-1.6642743425298432,-2.119935629262044,-1.2086130557976402,18.43572565747016,497.0,99.897,8.271443482373321
20197,Wabaunsee County,KS,Metro,21.3,-1.6548789875662575,-2.1763983492245025,-1.133359625908013,19.645121012433744,497.0,105.861,8.2247485682043
20065,Graham County,KS,Remote rural,20.4,-3.099581140162944,-3.7469537944782103,-2.4522084858476787,17.300418859837055,260.0,53.04,8.058910964423655
55037,Florence County,WI,Remote rural,13.3,-2.086584884196719,-2.5129751783031358,-1.660194590090303,11.21341511580328,377.0,50.141000000000005,7.866425013421632
20207,Woodson County,KS,Remote rural,18.4,-2.1305896922914016,-2.6726646750489764,-1.5885147095338277,16.269410307708597,364.0,66.976,7.755346479940703
20141,Osborne County,KS,Remote rural,17.2,-2.193372965261387,-2.7573763484428038,-1.6293695820799716,15.006627034738612,332.0,57.104,7.281998244667804
48345,Motley County,TX,Remote rural,26.9,-4.966344697608026,-5.994636989806621,-3.938052405409433,21.933655302391973,145.0,39.005,7.201199811531637
48433,Stonewall County,TX,Remote rural,31.0,-6.287185703117542,-7.04951580872142,-5.524855597513671,24.712814296882456,113.0,35.03,7.104519844522823
20195,Trego County,KS,Remote rural,21.7,-2.858678146400506,-3.2400677185793256,-2.477288574221688,18.84132185359949,235.0,50.995,6.717893644041189
20165,Rush County,KS,Remote rural,21.2,-2.2623885817765106,-2.7362781939905885,-1.7884989695624327,18.93761141822349,288.0,61.056,6.515679115516351
20101,Lane County,KS,Remote rural,25.9,-4.659445629600349,-5.406090486061988,-3.912800773138712,21.24055437039965,135.0,34.965,6.29025159996047
20183,Smith County,KS,Remote rural,19.9,-1.9078742767655257,-2.3219058273146818,-1.4938427262163692,17.992125723234473,326.0,64.874,6.219670142255614
20105,Lincoln County,KS,Remote rural,21.0,-1.9103899853000013,-2.481390321411407,-1.3393896491885957,19.0896100147,291.0,61.11,5.559234857223005
48261,Kenedy County,TX,Remote rural,41.1,-9.894104759603335,-12.190777839731846,-7.597431679474818,31.205895240396664,56.0,23.016,5.540698665377868
48443,Terrell County,TX,Remote rural,26.3,-6.959955426508597,-9.4676714290343,-4.452239423982892,19.340044573491404,76.0,19.988,5.289566124146534
48173,Glasscock County,TX,"Rural, near a metro",44.2,-9.587959759691982,-10.975504207718096,-8.200415311665871,34.61204024030802,52.0,22.984,4.98573907503983
20063,Gove County,KS,Remote rural,20.4,-2.034901399390392,-2.7390504017340587,-1.3307523970467252,18.36509860060961,240.0,48.96,4.883763358536941
20071,Greeley County,KS,Remote rural,25.5,-4.479230371670564,-5.289758169406223,-3.668702573934907,21.02076962832944,102.0,26.01,4.568814979103975
20083,Hodgeman County,KS,Remote rural,25.4,-3.354450888732661,-3.934993830789893,-2.7739079466754326,22.045549111267334,134.0,34.036,4.494964190901766
20017,Chase County,KS,Remote rural,20.3,-1.7986209889629263,-2.3284253942160102,-1.268816583709839,18.501379011037077,231.0,46.893,4.154814484504359
20153,Rawlins County,KS,Remote rural,21.5,-1.830468434320484,-2.0896750369333827,-1.5712618317075866,19.66953156567952,214.0,46.01,3.9172024494458353
20199,Wallace County,KS,Remote rural,23.0,-2.5088692522979894,-2.8811867742053616,-2.136551730390617,20.49113074770201,148.0,34.04,3.713126493401024
48393,Roberts County,TX,Remote rural,29.4,-5.290884023590945,-5.898911416923518,-4.682856630258376,24.10911597640905,68.0,19.992,3.5978011360418427
20179,Sheridan County,KS,Remote rural,25.7,-1.7362851831393902,-2.33342776355334,-1.1391426027254414,23.96371481686061,206.0,52.942,3.5767474772671437
48311,McMullen County,TX,Remote rural,36.4,-7.99707284363176,-9.898655224742482,-6.095490462521043,28.40292715636824,44.0,16.016,3.518712051197974
48011,Armstrong County,TX,Metro,22.6,-2.31152074746362,-3.14545530539805,-1.4775861895291915,20.28847925253638,146.0,32.996,3.374820291296885
20025,Clark County,KS,Remote rural,19.1,-1.8301889012796904,-2.0601826628933924,-1.60019513966599,17.26981109872031,173.0,33.043,3.1662267992138644
20033,Comanche County,KS,Remote rural,18.3,-1.862115574612959,-2.124996203660668,-1.5992349455652506,16.437884425387043,164.0,30.012000000000004,3.0538695423652524
48269,King County,TX,Remote rural,44.4,-9.84208219708891,-11.21111947294124,-8.47304492123658,34.55791780291109,27.0,11.988,2.6573621932140057
48263,Kent County,TX,Remote rural,22.0,-3.1844576975436887,-3.5976557577924666,-2.7712596372949125,18.81554230245631,59.0,12.98,1.878830041550776
48033,Borden County,TX,"Rural, near a metro",28.6,-2.731472215398503,-3.302044867058243,-2.160899563738766,25.868527784601497,49.0,14.014,1.338421385545267
48301,Loving County,TX,Remote rural,0.0,-3.113777923967865,-4.286427428947891,-1.9411284189878384,-3.113777923967865,2.0,0.0,0.0622755584793573
